:020000040800F2
:1060000000100020416F00082DC3000831C30008B4
:106010001F69030835C300083DC300081F69030852
:106020001F6903081F6903081F6903081F69030824
:1060300041C30008EC0804081F6903081F6903082E
:10604000217400081F6903081F6903081F690308FA
:106050001F6903081F6903081F6903081F690308F4
:106060001F690308756D0008596603081F69030856
:106070001F6903081F6903081F6903081F690308D4
:106080001F6903081F6903081F6903081F690308C4
:106090001F6903080D7A00081F6903081F690308B8
:1060A0001F6903081F6903081F6903081F690308A4
:1060B0001F690308EDA301087DAE0108B3B803080A
:1060C000AFB8030821A60108BFB80308B7B8030892
:1060D00051AE0108BBB80308BDAE010829AF0108E5
:1060E0001F6903081F6903084DC400081F690308DE
:1060F000E17903081F6903081F6903081F69030882
:106100001F6903081F6903081F6903081F69030843
:106110001F6903081F6903081F6903081F69030833
:106120001F6903081F6903081F6903081F69030823
:106130001F6903081F6903081F6903081F69030813
:106140001F6903081F6903081F69030853820308B6
:10615000C59201081F6903085DB8030863B8030806
:106160001F6903081F6903081F6903081F690308E3
:10617000F0B5114A114C124E00F00105E3695F07BA
:1061800013D40DB9334213D103EA00078F4207D16C
:106190000B4A1A40002A0CBF00206FF00100F0BD2E
:1061A000013AEBD16FF00200F9E74FF0FF30F6E76C
:1061B0006FF00100F3E700BF8096980000000350E5
:1061C000020001000B4B70B5D96911F480310DD17B
:1061D00001244FF48072084E084DF46020462C6470
:1061E0001A61FFF7C5FF3464EC6070BD6FF0010009
:1061F000FBE700BF000003500010035000200350D5
:106200004FF4803238B50E4B0E4C9A66E56941F674
:10621000713315400122E3630B4B0021DA60022346
:10622000606121202361FFF7A3FF10B92120FFF750
:106230009FFF0122054BDA600DB10023E36338BDF7
:106240000090005000000350001003500020035045
:1062500070B5134C6061E3695B071ED40E4656F8B7
:10626000043B8D18A361AE420BD1042300212120F1
:106270002361FFF77DFF58B9BDE870402120FFF78B
:1062800077BF08210846FFF773FF10B1042323618D
:1062900070BD56F8043BA361E5E74FF0FF30F7E728
:1062A000000003502DE9F84315464FF48032184B97
:1062B00089469A6603F51C33DF690646174041F6A6
:1062C0007132DA63012203F58053DFF84C80DA6023
:1062D00055B9284601220F4BDA601FB10022A3F501
:1062E0000053DA63BDE8F88306F5005404EA0804B5
:1062F000A41BAC4228BF2C46494622463046FFF735
:10630000A7FF0028E6D12644A1442D1BE0E700BFEB
:0C631000009000500020035000E0FFFF50
:10632000013800D0FCE770472DE9F04F93B0CDE97C
:106330000A32DDE91C530E9353EC102BCDE9080112
:10634000104619468DED060B1E9E2FF0D3FE80B130
:10635000DDE906014FF0FF32C54B2FF0F3FE40B9E7
:10636000DDE906014FF0FF326FF480132FF0CCFE11
:1063700070B1DDE908019DED060B0E9B1E96CDE97F
:106380001C53DDE90A3213B0BDE8F04F00F088B9C4
:106390000022DDE9060100232FF0B6FE002800F000
:1063A0003381DDE906A303F1004BCBF30A5016F469
:1063B0008063A0F2FF3008BF06250F932FF0C8FBC3
:1063C0009BA3D3E900232FF02DFC9BA3D3E900234B
:1063D0002FF072FACBF31304894644F07F518046C4
:1063E0000022A44B504641F440112FF063FA94A3CD
:1063F000D3E900232FF016FC02460B4640464946DF
:106400002FF05AFA2FF0A8FE04462FF0A1FB8EA31E
:10641000D3E90023804689462FF004FC0022964BE6
:106420002FF04AFA2FF098FE89A3D3E900230746FC
:10643000494640462FF0F6FB8046384689462FF005
:1064400087FB85A3D3E900232FF0ECFB02460B4624
:10645000404649462FF02EFA02460B46CDE90C2362
:106460002FF0E0FBDDE90C238046894610461946F3
:106470002FF022FA0022CDE91001804B4046494618
:106480002FF0FAFC00227E4B2FF016FA02460B4644
:10649000404649462FF0F0FC00227A4B2FF00CFAD0
:1064A00002460B46404649462FF0E6FCDDE90C2348
:1064B0008046894600204FF080412FF0FBF90246CC
:1064C0000B46404649462FF0F7F902460B46DDE9F8
:1064D00010012FF0D1FC07F2FF3700226A4B2FF09A
:1064E000EBF900223B052FF09DFB52465B468046B0
:1064F00089462FF027FE002840F08980CDE90C89DD
:1065000004F16303C72B34BF0427052731051BD5CE
:1065100053A3D3E90023504659462FF009FE002823
:106520007FD051A3D3E90023504659462FF0ECFD0C
:10653000002876D00027A542C6BF2C1B04F1FF35EA
:1065400000253C4646F480660E9B9F422CBF4FF0D0
:106550000008A3EB070816F0020903D0002F18BFAC
:106560004FF000083CB1DDE90C23504659462FF0AE
:1065700083FC82468B46DDE90601002200232FF0D2
:10658000C3FD10B10BF100439B46DDE9080126F481
:106590000063CDE90183DDE90A324BEC10AB0095D5
:1065A00000F07EF802465FB3DDE9091316F0200F14
:1065B00000F10105089E0CBF65204520B047DDE9CC
:1065C00008010523002205930A23002CCDE902329D
:1065D00007F1FF374FEAD473B8BF64422A460193EC
:1065E00004970A9B009434F059F80246B9F1000F61
:1065F00006D00B9BC41A0B9B1A190E9BA34245D8BD
:10660000104613B0BDE8F08FDDE906ABCDE6002201
:10661000404649461A4B2FF02FFC013CCDE90C01B6
:106620006EE7002D90D00F9B002B8DD0013D8BE7A6
:10663000FB799F501344D33FB3C8608B288AC63F71
:1066400061436F63A787D23F71A379094F930A40D3
:106650001655B5BBB16B0240EF39FAFE422EE63F4C
:106660002D431CEBE2361A3F0000000080842E41CF
:10667000FFFFEF7F0000F83F0000E03F00002C40EC
:1066800000002440000018400000F03F2020DDE919
:106690000913089DA8470134ADE700BF00000000C2
:1066A0002DE9F04F5BEC10AB97B0CDE90501DDE9CA
:1066B0002057CDE90723504652465B465946229E55
:1066C0002FF018FD70B90323CDE902760193B04B8A
:1066D0000093DDE90501DDE9072333F0FFFE17B084
:1066E000BDE8F08F4FF0FF326FF4801350465946EB
:1066F0002FF00AFD28B10423CDE902760193A54BC2
:10670000E6E74FF0FF3250465946A34B2FF01AFDF3
:1067100068B1A24A06F00403002B08BF0322A04B75
:106720001CBF13460422CDE902760192D0E7504601
:1067300093A3D3E9002359462FF004FD38B992A35F
:10674000D3E90023504659462FF0DEFC68B1DDE95D
:106750000723DDE905014BEC10ABCDE9217620954F
:1067600017B0BDE8F04FFFF7DFBD00220023504611
:1067700059462FF0C9FC002800F09A805B4652462B
:10678000002000212FF096F8012382468B460993C2
:1067900016F4806400F08E80092D40F28E80002473
:1067A00030210EABA5F109020134202C03F8011BA6
:1067B000A5EB040901D09442F6D1594650462FF07A
:1067C000CBFC784B054603EBC90393ED007B8DEDC5
:1067D0000A7B2FF0BDF902460B46504659462FF072
:1067E00069F8DDE90A232FF01DFA02460B46CDE9D0
:1067F0000C232FF0D9FC80462FF09AF902460B4665
:10680000DDE90C012FF056F802460B46CDE90C23CA
:106810000022654B2FF096FC002851D008F10108AA
:1068200040462FF085F902460B46DDE90A012FF0BC
:1068300075FC10B14FF000080135B9F1000F50D1CF
:1068400028462FF085F902460B46504659462FF050
:1068500031F80022544B804689462FF055FC30B168
:10686000002240464946504B2FF06CFC10B1E8071F
:1068700000D501350A210EAB1A19202C0AD095FB40
:10688000F1F001FB1055303502F8015B013405468B
:106890000028F2D106F00302012A57D1002F55D06B
:1068A000099A12B916F00C0F00D0013F302245E0D2
:1068B00009906DE74FF006097FE7A94600247CE7C1
:1068C0000022DDE90C01384B2FF01EFC0028B4D16A
:1068D000B8F1000F02D018F0010FAED008F1010896
:1068E000ABE70A210EAB2344202C0ED0B8FBF1F00D
:1068F00001FB1082B8F1090F02F1300209F1FF39F2
:1069000004F1010403F8012B11D83021A1440EAA8F
:10691000202CAFD0A14504F101030AD11C4609F196
:1069200058030DEB03092E2309F8203CA2E780460B
:10693000DAE7A1541C46EBE71A550134A74205D902
:10694000202CF9D1CDE902760194C1E6202CF9D0B2
:10695000099A3AB12D2104F158026A4402F8201C28
:106960000134EFE7710704D504F158022B216A4482
:10697000F4E73207E6D504F1580220216A44EDE736
:106980000000000065CDCD410000000065CDCDC107
:106990002124040825240408FFFFEF7F182404089D
:1069A0001D240408302404080000E03F000000001B
:1069B00070B58EB02C22002103A839F038FF642373
:1069C0004FF002320893CDE905230B2301218DF806
:1069D0003430534B8DF810101B88D80700F1988085
:1069E000084618F0F7FA0A224E4B4F491A704FF436
:1069F00028734E48ADF8123014F054FB4C4C206014
:106A000020B94FF416714B4805F08AFB0521206828
:106A100034F0C8FF20B14FF41A71464805F080FBEE
:106A2000206800F0B9F9444B2068196834F0D4FBB1
:106A30000C2519F0EDF96843099019F0E9F968435C
:106A40000DEB0501079020680EF018FB20B140F215
:106A50007D21384805F064FB25681BF08FFD00227E
:106A60000146284634F042FC20B140F27F213148F3
:106A700005F056FB40F20353304D314E2B80052379
:106A800096F90000AB707F2801D118F007FC33782D
:106A9000EB7019F0BDF900EB80008000A88019F0C0
:106AA000B7F90023C0004FF0FF31E880AB604FF032
:106AB000FF3019A3D3E9002318F04EFC21492068C8
:106AC00035F01FF8206802A934F0EFFB20B14FF435
:106AD0002E71184805F024FB042220680DEB0201FA
:106AE00034F068FB042804D040F2BB21114805F0C3
:106AF00017FB01A9012032F0E7FC05F05BFC012047
:106B000019F02EFC30F005F919F062FC18F0E6FAE5
:106B10000EB070BDAFF300800A0020FF42030000FA
:106B200016450020F1470020FDEF01085C4E0020D3
:106B30008C36002018650408984C00208036002010
:106B4000DF510020A9F101080348044B834202D021
:106B5000034B03B118477047C85D0020C85D002093
:106B600000000000064B0749C91A891048BF0131CF
:106B7000491003D0044B0BB101481847704700BFC0
:106B8000C85D0020C85D00200000000010B5064C64
:106B9000237843B9FFF7D8FF044B13B10448AFF390
:106BA00000800123237010BD9645002000000000E6
:106BB0008468040808B5054B1BB105490548AFF3C7
:106BC0000080BDE80840FFF7CDBF00BF0000000017
:106BD0005016002084680408A3F5803A704700BF6F
:106BE000174B002B08BF134B9D46FFF7F5FF002105
:106BF0008B460F461348144A121A39F018FE0E4BF2
:106C0000002B00D098470D4B002B00D09847002058
:106C1000002104000D000D48002802D00C48AFF3FD
:106C200000802FF08BFC200029002FF0AEFC2FF00D
:106C30006BFC00BF00000800000000000000000026
:106C400000100020A01000207C4800200000000060
:106C50000000000030B5234D95B00DAC0FCD0FC432
:106C600095E80700032384E807008DF84D302923B9
:106C70001D4A0021CDE902230523CDE904118DF839
:106C8000113006230E220DF1260006918DF81330E7
:106C900039F0CDFD4FF48021144B0DAACDE9071337
:106CA00009238DF824300A238DF82530104B07A9CD
:106CB0000A9320230B9301238DF831300D4B0E489E
:106CC000009302AB04F08AFC04469DF832304FF486
:106CD000E130002B0CBF032100212FF011FE2046D4
:106CE00015B030BDB408040800C0055024C00550DC
:106CF0009745002068160020BC160020831E012B3B
:106D000010B512D8012922D8114B04221B6C052181
:106D10000020C3F3401302F061F90E4B1B681868A2
:106D2000A8B1BDE81040436A18478B1E012B0CD850
:106D300001280CD8BDE810400022054B05211B6C32
:106D40001046C3F3401302F049B90129E5D910BD3B
:106D500000C003501C4C002008B50449044806F04C
:106D60003FFEBDE80840FFF775BF00BF204C002084
:106D7000E0160020014831F030B800BFBC160020FA
:106D8000014B1A6A18681047BC160020014B18788E
:106D9000704700BFB745002008B50EF09DF90022EE
:106DA000014B1A7008BD00BFB745002008B5044864
:106DB00030F0ACFD2FF0F1FBBDE8084000F01CB84E
:106DC00068100408014830F0A1BD00BF6810040835
:106DD00007B508202FF02CFE02238DF80030054B5C
:106DE000684601932FF050FD082003B05DF804EBD6
:106DF0002FF029BE006A18102DE9F043424D89B0EA
:106E000001AC0FCD0FC495E8070084E8070001240A
:106E10003E4F3F4830F07AFD3E4E384630F076FD2A
:106E20003D4B304601A903938DF8124002F01AFB46
:106E3000234604220321022002F0D0F80221224638
:106E40000846002302F0CAF8234621460422022005
:106E500002F0C4F8042200212346022002F0BEF80A
:106E60002E4D2F4B05F50059C5F834374FF002135E
:106E7000C5F8303703F58033C5F838371C234FF495
:106E80004870C5F8203707F0E1FF05F58058142059
:106E9000C9F8A04007F0DAFF2320C8F8A04007F0A7
:106EA000D5FFB9213046C9F8A0402FF0B3FE00232A
:106EB00003211A460220C8F8A04002F08FF80023F0
:106EC00002211A46084602F089F82346214600228C
:106ED000022002F083F8002223461146022002F02D
:106EE0007DF8304602F03CFA00233846C5F83437C6
:106EF000C5F83037C5F83837C5F8203730F009FD08
:106F000009B0BDE8F08300BFD00804085C10040895
:106F10006810040800C0055000127A0000C0035039
:106F2000020001000348044A0449121A92102FF08B
:106F3000F7BC00BF706100081C6300087C4800209B
:106F400008B500F02FF8FFF7EDFF124B12498B4206
:106F500012D30020114B12498B4218D3FFF740FE89
:106F6000186850F82240586840F82240013298686A
:106F70008242F5D30C33EAE70022F8E71C6844F8B4
:106F8000220001325C68A242F8D30833E4E7002211
:106F9000F8E700BF8C68040898680408986804083B
:106FA000986804084FF48041124B134A70B59A60F8
:106FB000D3F88820114D42F47002C3F88820104A9B
:106FC00005F5005491664FF0FF3222660D4A626665
:106FD0000222C3F8D020BFF34F8FBFF36F8F4FF45F
:106FE0004036002004F0E4F80020E66004F0D2F817
:106FF0002E6170BD00ED00E00060000800800044DC
:1070000000900050F7FF3700014B1868704700BF31
:107010002C4C0020014B1860704700BF2C4C002006
:10702000084B1B6F03F00703022B04D0032B05D082
:10703000012B05D0FEE7044B18687047034BFBE7B4
:1070400003487047008000502C4C0020344C002036
:10705000002D310108B5FFF7E3FF054B1B6FC3F3AC
:1070600003330133B0FBF3F0024B186008BD00BFDF
:1070700000800050284C00200048704700B4C40431
:10708000014B1868704700BF344C0020054B186056
:10709000054B1B6F03F00703032B01D1FFF7DABF8A
:1070A000704700BF344C00200080005000487047FB
:1070B000002D31014FF0B4439868C0F304400C2810
:1070C0000AD8DFE800F00B090909090907211909A5
:1070D0001B1D1F000F487047002070479B6803F07E
:1070E0004073B3F1807F11D0B3F1007F10D00A4A12
:1070F000002B08BF10467047084870470848704783
:107100000848704708487047084870470848704763
:1071100008487047405DC60000093D00C0EA2101F3
:1071200080BA8C010048E801005A62020024F40091
:1071300080841E0040420F00014B1868704700BF5A
:10714000304C00204FF000639B6A03F17842B2F5A7
:10715000C04F03D21968064A914203D0002303703E
:1071600083607047012202709A689B694260F7E76A
:1071700007B0CD5E73B54F4B04461A781AB10222A0
:107180001A7002B070BDCDE900220028F9D00126A6
:107190001E702FF03CFC484D484B186010F02AFF41
:1071A0002B785BB900F06CFC40B945480823454A90
:1071B000454900680DF0CEFB00B92E70434B5A6E66
:1071C00062619B6E424AA3614FF480439366414BD8
:1071D0005968E16140499960196E2160596E61609A
:1071E000D3F87011A160196CE160596C21613B49C1
:1071F000086C1864496C5964012151661B6E9C042B
:1072000041D5374AD368D807FCD4364B1A68531C8B
:107210003ED04FF480139340334A13664FF400730B
:107220000426314C266623662FF0B6FB01300DD0C4
:107230002FF0B2FB40F20113984207D04FF40053F5
:1072400023664FF480432366C4F870610823264CFC
:10725000684623664FF4805323664FF0006323662D
:107260004FF4002301A963662FF07AFB009B23668D
:10727000019B63662B78002B83D0124B1A68226621
:107280005B6863667DE7194AD368D907FCD4BCE71D
:10729000174B1B78002BC1D14FF400720C4B5A6670
:1072A00003F5A6235B68002BB8D14FF480120E4B78
:1072B0001A66B3E7B9450020BA4500200817002038
:1072C0005C4C00200C17002000710800008000506A
:1072D000009000500080004455CEAC0000C0005427
:1072E00000000440384C002000900044000004508E
:1072F000B845002070B5224D04462E78012E02D0EC
:1073000001232B7070BD0028FCD02FF045FB01300D
:107310000BD02FF041FB40F20113984205D0194BDE
:10732000194A5E66D368DE07FCD42268174B1A66DA
:1073300062685A66A268C3F87021E2681A6422691A
:107340005A64E269D00744BF00229A60104B1A6861
:10735000013207D10F4A127822B90F494968C9078B
:1073600048BF1A6062690D4B5A66A2699A6610F0AE
:1073700049FE0B4B18682FF050FB0023C1E700BFFC
:10738000B945002000900040000004400080004407
:10739000384C0020B845002000C005500080005047
:1073A00008170020F8B54FF00066B36A03F1784281
:1073B000B2F5C04F26D21A68144B9A4222D1144D0E
:1073C0002C7814F0FD0402D000242046F8BD4FF4C0
:1073D00080371048FFF7CEFE204603F0E9FE0E4B43
:1073E0002046DF6003F0D6FE0C4B1F61B36ADB69F9
:1073F000984704460748FFF77DFF002CE5D101239D
:107400002B70E1E74FF48174DFE700BF07B0CD5E7A
:10741000B8450020E816002000A000440090004479
:1074200013B5214B1B7803B9FEE700231F4CCDE9B0
:1074300000336A4608231E4920680DF08BFA00BB12
:107440001C4AD2F84031D2F840211F2B4FF00103E3
:1074500012D9203A9340019A1A43019208236A46AE
:10746000134920680DF02CFA4FF00053124A1A60AD
:1074700003F06CFE02B010BD9340009A1A430092D4
:10748000ECE70E4B9842EFD10A4AD2F84031D2F8DD
:1074900040211F2B4FF0010385BF203A93409340BA
:1074A000019398BF0093D9E7B94500205C4C0020B8
:1074B00000710800008000440B020FF00BE000F0A8
:1074C000034B5868C0F30800003818BF012070470C
:1074D00000ED00E013B500242948019430F016FABD
:1074E000012304220321204601F078FD20462FF0DD
:1074F0004EFB0122234B0520C3F8442401A930F0A0
:1075000000FA002839D1204BD3F8F02042F00102D4
:10751000C3F8F020D3F8FC2042F08072C3F8FC20BE
:107520001A4AA3F55D431A60019B194A03F5D52356
:1075300003F2FC43B3FBF2F3164A013B136102234F
:10754000C2F8F0304FF48073C2F804334FF0604358
:10755000114AC3F8B02F114AC3F8802ED3F8002E79
:1075600042F48072C3F8002EFF2283F82020D3F863
:10757000002E22F48072C3F8002E02B010BD00BFAE
:107580006810040800D0035000ED00E0FF03004045
:10759000F8590D00000004E055CEACC5090001000B
:1075A0004FF06043D3F8802E30B5D20715D50124B3
:1075B0000B4D8440D5F8FC2042F08072C5F8FC20C9
:1075C000D3F8002E2243C3F8002E53F82020002ABF
:1075D000F0D003F82010002030BD1120FCE700BFE0
:1075E00000ED00E02DE9F04F9A46564B85B01B7830
:1075F00006460F461546DDF83C909DF844B0DDF890
:107600005080002B00F09780072A00F296800E9B96
:10761000002B00F09280B9F1000F00F08E80129BD9
:10762000B3F5006F00F38980012803D1109B002B74
:1076300000F08380444B03EB05131B7B002B7ED0B3
:10764000424C10220021684639F0F1F804EB451451
:107650001022A7BB3946204639F0E9F843F210035F
:107660006380BBF1000F03D1E37843F00303E370C1
:10767000364A0E9B02EB451CCCE90193129B690133
:10768000581E9DF84C30C0F30A0003F003039B061C
:1076900043EA001E53582E48012E00EA03004EEA2A
:1076A0000003CDF800A0535017D0B8F1000F2ED131
:1076B0009CF8023068F304138CF8023027E00021B4
:1076C000204639F0B4F84FF444736380BBF1000FE7
:1076D000CED1E37843F03003C9E713230CF1100E49
:1076E000CCF80C309CE80F008EE80F006FF003011F
:1076F000DCF81C20109B61F39F02012FCCF81C20AA
:10770000CCF8143003D1CCF81890CCF80430002712
:107710000D4A290102EB051342F80180159A28460B
:107720005A60694622469F605E7301F0EBFC384662
:1077300005B0BDE8F08F0748FAE70748F8E70748C3
:10774000F6E700BFBB4500201418002014170020E6
:107750000F80FFF3028000F0018000F0078000F04E
:1077600038B5124B05461B78DBB1E0B12FF04FF96D
:107770000F4A00231146147B54B92B6001251A01CE
:1077800001EB03131D738C502FF047F9204638BDD1
:107790000133082B02F11002EDD12FF03EF905481C
:1077A000F5E70548F3E70548F1E700BFBB450020D2
:1077B00014180020048000F0028000F0018000F026
:1077C00038B52FF024F9002305460B4A147B6CB919
:1077D0000133082B02F11002F8D101F03FFC074BF6
:1077E00028461C702FF019F9204603E028462FF098
:1077F00014F9034838BD00BF14180020BB45002011
:10780000058000F00D4B10B51B78044693B1072896
:1078100012D82FF0FCF80A4B03EB04131A7B2AB1A1
:1078200000241C732FF0F9F8204610BD2FF0F5F856
:107830000448FAE70448F8E70448F6E7BB450020A7
:1078400014180020068000F0028000F0018000F093
:10785000154B13B51868002301908DF804302FF0F4
:10786000D6F8124B1C7824B12FF0D7F8104802B08C
:1078700010BD01221A702FF0D0F80E4B01A81C7316
:107880001C7783F82C4083F83C4083F84C4083F805
:107890005C4083F86C4083F87C4008238DF8073007
:1078A00001F000FC2046E2E73C090408BB4500204B
:1078B000038000F0141800200A4A08B512785AB163
:1078C00007280BD8084A02EB00131B7B43B10021A9
:1078D00001F0DAFB002008BD0448FCE70448FAE7A1
:1078E0000448F8E7BB45002014180020028000F08F
:1078F000018000F0078000F00A4A08B512785AB1FA
:1079000007280BD8084A02EB00131B7B43B1012167
:1079100001F0BAFB002008BD0448FCE70448FAE780
:107920000448F8E7BB45002014180020028000F04E
:10793000018000F0078000F00A4A08B5127852B1C1
:1079400007280AD8084A02EB00131B7B3BB101F061
:1079500025FC002008BD0548FCE70548FAE7054876
:10796000F8E700BFBB45002014180020028000F09B
:10797000018000F0078000F00D4B1B7893B10728C1
:1079800012D889B10B4B03EB00131B7B73B10A4B6D
:107990001A6D01238340134214BF012300230020EA
:1079A0000B70704705487047054870470548704799
:1079B000BB4500201418002000000450028000F095
:1079C000018000F0078000F00B4A10B512780C46D9
:1079D00062B107280CD859B1084A02EB00131B7B8F
:1079E00043B101F0EDFB2070002010BD0448FCE71E
:1079F0000448FAE70448F8E7BB45002014180020C3
:107A0000028000F0018000F0078000F0184B2DE9A3
:107A1000F0411F6D5B6D1F4000D5FEE7012600257C
:107A2000144CDFF85880374218D02368C8F85060EB
:107A3000A3B1A168284601316268A1609847637BC1
:107A4000012B0BD150B90C4B03EB45131A7B60F3A0
:107A500041021A731A7F60F341021A770135082D2B
:107A60004FEA460604F11004DDD1BDE8F08100BF05
:107A700000000450141800201417002000200450A7
:107A8000024B1968024B18680CF040BE3C4C0020B9
:107A90005C4C002070B59400224605460E4638F036
:107AA000FBFE431C0AD058B922463146284638F01E
:107AB00094FE0028034808BF002070BD0248FCE780
:107AC0000248FAE710E000F021E000F024E000F0C6
:107AD00010B5044638F0E4FE431C10D088B901F01C
:107AE00005FC234620F003002044984201D10020E9
:107AF00010BD53F8042B0132F7D00348F8E70348D0
:107B0000F6E70348F4E700BF0EE000F021E000F0E4
:107B100024E000F008B52EF06FFF014B186008BD9F
:107B2000841F0020014B18682EF06ABF841F0020BC
:107B3000044BD3F88420D206FBD4D3F88400C0F3DE
:107B400081107047004000502E4B98424AD022D8F6
:107B50002D4B984240D014D82C4B984239D00AD89B
:107B60002B4B984232D02B4B98422FD02A4B984225
:107B70002CD000207047294B9842FAD1284B186F1F
:107B80007047284B98422AD0274B9842F1D1244B7A
:107B9000D3F880007047254B98422BD009D8244B4E
:107BA000984223D0234B9842E3D11D4BD3F88C004D
:107BB0007047214B984221D003F5740303F510530D
:107BC0009842D6D1164BD3F898007047144B986D55
:107BD0007047134B586E7047114B586F7047104BDE
:107BE000986F70470E4BD3F8840070470C4BD3F856
:107BF000880070470A4BD3F890007047084BD3F8C1
:107C0000940070470048E8010024F400C0CF6A00E7
:107C100080841E0000093D0040420F00405DC60008
:107C20000080E00FC0EA210180BA8C01007E56037B
:107C300080D54302006CDC020090D00338B5104BB5
:107C40000546D3F880300C4603F00303022B0BD01B
:107C5000032B0DD0012B0FD1FFF7E2F90E2305B155
:107C6000286004B1236038BDFFF724FA0723F6E744
:107C7000FFF7CAF90623F2E700231846EFE700BF33
:107C80000080005038B5184B0546D3F820010C464B
:107C900000F00700062823D8DFE800F0040A0E16DB
:107CA000121A1E00012305B1286004B1236038BDFB
:107CB000FFF7AAF90523F6E7FFF7E2F90323F2E756
:107CC000FFF7F8F90723EEE7FFF7F0F90223EAE7F9
:107CD000FFF79AF90623E6E7FFF7D2F90423E2E774
:107CE00000231846DFE700BF0080005038B5174B6F
:107CF0000546D3F828310C4603F00703013B052B5A
:107D000020D8DFE803F003131B0F0B17FFF77CF9F4
:107D1000052305B1286004B1236038BDFFF774F96D
:107D20000623F6E7FFF7C6F90723F2E7FFF7A8F9FE
:107D30000323EEE7FFF7A4F90423EAE7FFF7B6F918
:107D40000223E6E700231846E3E700BF0080005067
:107D500073B50D460021114B0191D3F880410646C1
:107D600004F00304022C13D0032C0CD0012C13D1EB
:107D700001A8FFF787FF10240EB1019B336005B106
:107D80002C6002B070BDFFF795F907240190F3E76E
:107D9000FFF78CF90190EFE70C46EDE7008000500B
:107DA000002337B50193164B0546D3F820320C4615
:107DB00003F00703042B21D8DFE803F0030B1116AF
:107DC0001B0001230DB1019A2A6004B1236003B0A6
:107DD00030BD002101A8FFF789FF1223F2E7FFF76A
:107DE00069F907230190EDE72EF0A7FD0A23019022
:107DF000E8E7FFF7A1F909230190E3E70023E1E7B2
:107E00000080005038B5104B0546D3F840310C4681
:107E100003F00303022B0BD0032B0DD0012B0FD14A
:107E20002EF08BFD0A2305B1286004B1236038BD14
:107E3000FFF782F90923F6E72EF082FD0C23F2E723
:107E400001230020EFE700BF00800050002337B57A
:107E50000193164B0546D3F860320C4603F0070336
:107E6000013B032B1FD8DFE803F0020E1914002199
:107E700001A8FFF707FF10230DB1019A2A6004B192
:107E8000236003B030BD002101A8FFF7BBFF112321
:107E9000F2E7FFF70FF907230190EDE7FFF706F987
:107EA00002230190E8E70023E6E700BF00800050CE
:107EB000002337B50193164B0546D3F894320C4690
:107EC00003F00703013B032B1FD8DFE803F0020E8A
:107ED0001914002101A8FFF7D5FE10230DB1019A56
:107EE0002A6004B1236003B030BD002101A8FFF770
:107EF00089FF1123F2E7FFF7DDF807230190EDE793
:107F0000FFF7D4F802230190E8E70023E6E700BF7B
:107F10000080005038B5144B0546D3F800020C46DB
:107F200000F0070004281BD8DFE800F003090D115A
:107F30001500012305B1286004B1236038BD2EF07F
:107F4000FCFC0A23F6E7FFF7F7F80923F2E72EF027
:107F5000F7FC0C23EEE7FFF77DF80F23800AE9E733
:107F600000231846E6E700BF0080005038B5144BE8
:107F70000546D3F808020C4600F0070004281BD879
:107F8000DFE800F003090D111500012305B1286099
:107F900004B1236038BD2EF0D0FC0A23F6E7FFF7CA
:107FA000CBF80923F2E72EF0CBFC0C23EEE7FFF72A
:107FB00051F80F23800AE9E700231846E6E700BFDF
:107FC0000080005038B5104B0546D3F840320C46BF
:107FD00003F00303022B0BD0032B0DD0012B0FD189
:107FE0002EF0ABFC0A2305B1286004B1236038BD34
:107FF000FFF7A2F80923F6E72EF0A2FC0C23F2E724
:1080000001230020EFE700BF0080005038B5104B7F
:108010000546D3F860310C4603F00303022B0BD066
:10802000032B0DD0012B0FD12EF087FC0A2305B1B5
:10803000286004B1236038BDFFF77EF80923F6E716
:108040002EF07EFC0C23F2E701230020EFE700BFB7
:1080500000800050B0F5207F1FD009D8B0F5007F18
:1080600015D003D868B1B0F5C07F0AD000200CE06D
:10807000B0F5607FFAD10B4BD3F88000C0F301104C
:1080800003E0084B186FC0F3033001307047054B15
:10809000D3F89000C0F30460F7E7024B186FC0F309
:1080A0008020F2E70080005002464FF48030104BF1
:1080B00010B598660020FFF7CDFF504341F67132AE
:1080C0000C4BDC69DA635A6804F4803422F4401201
:1080D00059B90949884294BF002001200005024394
:1080E0005A600CB10022DA6310BD0449F2E700BF08
:1080F0000090005000000350005A6202002D310130
:10810000430905D0012B0CD0022B084B18BF0023CC
:1081100000F01F0039B103F58053012282401A603C
:108120007047034BF4E703F50053F6E7688000500F
:10813000648000501FB5002180280446CDE900115D
:1081400000F0A58035D85E2846D85E2844D8DFE800
:1081500000F0A24343434343434343434343434326
:1081600043434343434343434343434343434343DF
:108170004343A2AAA2AABABABABABAAAC44DDA7139
:108180004DAAAAAA4343434343434343AAAAAA7915
:10819000E4AA43434343434343434343434343BA30
:1081A000A2A2A2DF4D4DE9885EBF434343434399FA
:1081B000A200B0F5B06F00F090802DD8B0F5207F10
:1081C00071D00CD8B0F5C07F65D0B0F5007F65D018
:1081D000B0F5807F00F08680009804B010BDB0F547
:1081E000607F6BD00DD8B0F5407FF5D1FEF732FF40
:1081F00002464FF42070FFF72DFFB2FBF0F2520859
:108200005AE0B0F5806F5ED0B0F5A06FE4D10021E8
:108210006846FFF7C5FDDFE7B0F5106F78D016D8D8
:10822000B0F5E06F79D00AD8B0F5C06F6BD0B0F57B
:10823000D06FD1D100216846FFF76CFECCE7B0F5D6
:10824000F06FC9D100216846FFF7E0FEC4E7B0F542
:10825000406F3DD013D8B0F5206F63D0B0F5286FD4
:10826000BAD10021324B0391D3F8703203F00303EB
:10827000012B02D103A8FFF7C5FD039B3CE0B0F53D
:10828000486FA9D100216846FFF712FEA4E7FEF768
:10829000C7FE0090A0E7FEF7DDFEFAE7FEF7C0FE9E
:1082A0000246204604E0FEF7D5FE02464FF4207059
:1082B000FFF7D0FEB2FBF0F200928DE701A8FFF7C6
:1082C000BDFC019AEDE700216846FFF7DBFC83E780
:1082D00000216846FFF70AFD7EE700216846FFF7A8
:1082E00037FD79E74FF0E02302911B695B0705D565
:1082F000FEF7B0FE0290029B00936DE703A902A86F
:10830000FFF780FDF7E700216846FFF77BFD63E795
:1083100000216846FFF72AFE5EE700216846FFF766
:1083200051FE59E700216846FFF790FD54E700BF72
:108330000080005008B58020FFF7FCFE034B9842F8
:108340009EBF4FF48032024B1A6708BD005A62028A
:1083500000A000501FB503460020B3F5807F0190B8
:1083600000F0C18064D85D2B55D84C2B07D82D2B3D
:1083700048D8232B2CD8019805B05DF804FB4D3B61
:10838000102BF8D801A252F823F000BFDD840008BA
:1083900077830008778300087783000893840008B8
:1083A000778300087783000861850008B18400089E
:1083B00057840008578500087783000877830008F2
:1083C0007783000877830008778300086B850008AF
:1083D000243B092BCFD801A252F823F0DD840008FA
:1083E000DD840008DD840008DD840008DD840008E9
:1083F00077830008D384000877830008738400081B
:10840000138500083D2B7FD03E2BB4D1002001A95D
:10841000FFF7D8FDAFE7802BADD1594B1B6F03F0B1
:108420000703013B032BA6D8DFE803F0514E858DEF
:10843000B3F5F06F68D021D8B3F5B06F49D00FD83D
:10844000B3F5607F00F0838095D3B3F5806F45D09E
:10845000B3F5A06F8FD1002001A9FFF7A1FC8AE737
:10846000B3F5D06F55D0B3F5E06FCFD0B3F5C06F93
:1084700081D1002001A9FFF7C5FC7CE7B3F5206F8F
:108480006ED00BD8B3F5086F48D0B3F5106F7FF4FA
:1084900072AF002001A9FFF769FD6CE7B3F5406FEB
:1084A00059D0B3F5486F60D0B3F5286F7FF463AF50
:1084B000334BD3F8703203F00303012B5AD0022B55
:1084C0000CBF1523002300E00523019353E702238B
:1084D000FBE7002001A9FFF73BFC4CE7002001A9C6
:1084E000FFF7D0FB47E74FF0E02302901B695B07E3
:1084F00005D5FEF7AFFD0D230393039BE5E703A925
:1085000002A8FFF77FFCF8E7002001A9FFF77EFD36
:1085100031E7002001A9FFF7FDFC2CE7184BD3F849
:10852000003103F00303022B07D0032B09D0012BEA
:108530000BD1FEF7A5FD0323C7E7FEF7FDFD0923D9
:10854000C3E72EF0F8F90823BFE70123BDE701A92F
:10855000FFF774FB0FE7002001A9FFF7C7FB0AE74D
:10856000002001A9FFF772FC05E7002001A9FFF731
:108570009FFC00E7002103A8FFF744FC1123A4E7B8
:10858000008000504FF48032074B0849586E03F5C5
:1085900080535A664B6A23F001034B62C3035CBFEE
:1085A000034B5A66704700BF0080005000C0075060
:1085B00000A0005038B504468020FFF7CBFE03280A
:1085C00000F083804FF48012524B4FF0A0615A6646
:1085D00045F60E02504BC3F88020504A91624FF48A
:1085E000803102F5805291629A6DD203FCD4996D6C
:1085F00011F08041FBD1D4E90002120542EA006289
:10860000E07B0243207B42EA0042607B42EA003288
:10861000A07B42EA80121A619869D4E904521206DA
:1086200042EA856200F000400243A07EE57E0243FC
:10863000207E42EA0042607E42EA00229A611A6A83
:10864000E06922F00F0242EA8502354D00283DD153
:108650001A6294F82420996A94F82000D2002940E4
:1086600042EA40120A4394F8211042EA011242F40D
:1086700080329A622B49284A936D31EA0303FBD179
:108680004FF08071254881621369A56823F4700357
:1086900043EA055313614FF00043836194F822309D
:1086A0000BB9214B996294F823303BB94FF48032D7
:1086B0001D4B9A62184A936D5B00FCD494F82530E8
:1086C0001BB1154B194AC3F8802038BD024342F054
:1086D000080202281A6208D119614FF40852996100
:1086E00013484FF47F412EF005FA0B4994F82230DD
:1086F0008A6A94F820001B062A4043EA4013134379
:1087000094F8242043EAC20394F8232043EA024366
:108710008B62D3E7009000500040005A0050005A8E
:10872000C7FFFEFE030001000060005AF1A7FFFF33
:108730003440005A70B5194CFF28A66A2BD8A36D97
:108740004FF0807113F4803F18BF4FF48032144B08
:1087500018BF9A629962134AA36992F9005023F4F0
:108760007F03054423F47F4343EA002385F3080590
:1087700043EA0543A36132460B482EF0BBF9A36DD3
:10878000DB0301D4002070BD32464FF4803106482F
:108790002EF0B0F9F6E72120F5E700BF0040005ABF
:1087A0000050005AAA5100202840005A70B5104CC1
:1087B0004FF08071A66AA36D0E4813F4803F18BF76
:1087C0004FF480320C4B18BF9A6299623246A56909
:1087D0002EF090F9A36DC5F30725DB0305D53246CE
:1087E0004FF4803103482EF085F9284670BD00BF54
:1087F0000040005A2840005A0050005A014B93F99B
:1088000000007047AA5100204FF4803311481249EC
:10881000826A8B62836D03F00303032BFAD14FF05E
:1088200080730E488B620B4B996D30EA0101FBD1CE
:10883000012009490865996D8907FCD4054B996D9C
:108840008807FCD5996D8907FCD5054905482EF0A8
:1088500051B900BF0040005A0050005A0300010007
:10886000000001012840005AF0B5D0E901434FF45F
:1088700000061A4A4178057856664FF4D156022709
:1088800002F5B8325662164E4F2977604FF0010755
:1088900028BF4F2106F5805677601669F603FCD491
:1088A00041EA052151611B01417B43EA04230B434B
:1088B000017B43EA41039360C37B817B1B0143EA55
:1088C0004113417C0B43017C43EA41035360837CA9
:1088D00013B16FF4D1535362F0BD00BF009000504C
:1088E00000100250014B1880704700BF6A510020F1
:1088F000014B1880704700BF685100204FF4800280
:1089000008B5184B5A660223174A5360936813F44C
:108910008033FBD1012822D1FEF7B2FB134B9842E2
:1089200015D003F5122303F5F863984213D0104BCA
:1089300000EB8002400AB3FBF0F3520A0A49CA6214
:108940000B6301234B620022074B5A6008BD45F6BA
:108950007A13084AF2E745F61A03074AEEE753622C
:10896000F1E700BF009000500040025000F04902C3
:1089700064666666D8B80500BBCF0500B0F5207FF9
:1089800010B50C465DD008D8B0F5007F4ED003D8A6
:10899000C0B1B0F5C07F15D010BDB0F5607FFBD180
:1089A0002C4B4C1ED3F8FC202B4912F0807F4FEA51
:1089B000041427D1D1F8803023F030032343C1F8C9
:1089C0008030E9E72EF0A5F82EF0B1F84FF48031B1
:1089D000224B214A1967136F013C23F4704343EA89
:1089E00004331367FEF736FB0446FFF7A1F8C0F126
:1089F000020120462EF095F800F042F8BDE8104044
:108A0000FFF798BCD3F8FC2022F08072C3F8FC205A
:108A1000D1F8802022F030022243C1F88020D3F820
:108A2000FC2042F08072C3F8FC20B5E70A4A4C1ED5
:108A3000D2F8903023F0F85343EA0463C2F8903040
:108A4000AAE7054A4C1E136F23F4806343EA84238C
:108A50001367A1E700ED00E0008000500090005097
:108A600008B50121022000F06DF92EF052F82EF029
:108A70005EF84FF48032014B1A6708BD0090005039
:108A800008B54FF4C070FFF755FBBDE80840044936
:108A9000884294BF012102214FF42070FFF76EBF7E
:108AA00080F0FA024FF4C02270B50546FFF74CF88B
:108AB000314B04465A6603F598335A68012A04D1AB
:108AC0002E494A605A689207FCD48020FFF742FC86
:108AD000052807D12EF01DF82EF029F84FF480322A
:108AE000254B1A67264B24F040749D4230D0254B0D
:108AF0009D4230D0FEF788FA8542064603D901210F
:108B0000284600F05FF9204BDA6812F0060FFBD11F
:108B100099689C609A68624012F4F81F1ED128463A
:108B2000FEF778FA8020FFF715FC05280DD1FEF737
:108B300091FA0446FEF7FCFFC0F1020120462DF039
:108B4000F0FFFFF79DFFFFF7F5FBAE420CD270BDC3
:108B500044F00074CEE744F08074CBE78020996045
:108B6000FFF7F8FB052805D0BDE870400121002083
:108B700000F028B93546DAE70090005000E00150D7
:108B800040420F0080841E0000000150304B314AEB
:108B9000984251D020D8A3F5B703A3F55863984263
:108BA00046D00DD82C4B984231D02C4B984239D01E
:108BB0002B4B4FF4002198421DD00023516622E038
:108BC000284B4FF400219842F7D1274BD3F8BC3003
:108BD000516623F0407316E0244B984230D0244B6A
:108BE000984231D0234B4FF400219842E5D11E4BDF
:108BF000D3F8C830ECE71C4BD3F8A030516623F013
:108C0000407343F000734FF0B442936070474FF4E9
:108C10000021154BD3F8A030516623F0407343F088
:108C20008073F0E7104BD3F8A0304FF40021CFE76A
:108C30000D4BD3F8B830F8E70B4BD3F8C030F4E75E
:108C4000094BD3F8CC30F0E7074BD3F8D030ECE742
:108C5000C0EA21010090005080841E0000093D0000
:108C600040420F000024F4000080E00F0048E801BB
:108C7000005A620280BA8C01024A536B0342FCD153
:108C8000704700BF00400950044A4178536F23F4F5
:108C9000407343EA01235367704700BF0040005010
:108CA0000E4A10B51369044643F00403136105F03E
:108CB000E3F82DF058FF0A4B5B6E5B0142BF094B96
:108CC000094AC3F8202430BF2DF04EFF05F00EF9FD
:108CD0001CB9BDE81040FEF7BDB910BD00ED00E0C5
:108CE0000080005000E003500000FF0F0C4A10B558
:108CF0001369044643F0040313610A4B5B6E5B0186
:108D000042BF094B094AC3F8202405F0B5F830BF2B
:108D100005F0ECF81CB9BDE81040FEF79BB910BD9A
:108D200000ED00E00080005000E003500000FF0F65
:108D3000034A0179D36E23F030030B43D3667047A7
:108D400000400050F8B504461C4BD3F88420D106EF
:108D5000FBD4D3F88430C3F381139C422CD0FEF7AC
:108D60005FF9012C064602D121462DF0DAFE2DF0E6
:108D700043FE4FF00072124B07465A6620462DF014
:108D8000F6FE4FF480630D4D621E93402B676B6EB1
:108D90009A0103D4D5F884309B060AD538462DF0C5
:108DA0002FFE022C08D13046BDE8F84000212DF0FE
:108DB000B8BED5F88430EAE7F8BD00BF00400050E7
:108DC0000060005010B50C4608B9FEF729F9074BB2
:108DD00021461B783BB1064B984204D80120BDE8E0
:108DE0001040FFF7AFBF0220F9E700BFBC450020ED
:108DF000005A62020278034B012100201A70FFF72B
:108E0000E1BF00BFBC4500204FF0004238B5244B05
:108E1000244C5A664AF6CD33656C014605F00105CF
:108E2000236428BB0120FFF727FF6368DB0715D504
:108E30001D4B586008461D4B226BD2070CD498423C
:108E400008D1072415B1174B194A1A6432F0B0F94A
:108E5000204638BD0130EFE79842F2D00024F1E718
:108E60000132236B13F0080305D08A42F8D1E8E7FA
:108E700000220E49F5E78A42E3D020210A4A916296
:108E80000121A2F5805251600649084A886A80068D
:108E900003D49342D5D00133F8E79342DDE700BF16
:108EA00000900050004009500060095040420F00FF
:108EB0003254FFFF4FF0004238B5164B01465A6658
:108EC0004AF6CD33144C154A656C236443780B2065
:108ED0005B0043F00103D363FFF7CEFE63688A783B
:108EE00023F4F87343EA02136360CA784B7943EAC8
:108EF0000223A3600A798B7943EA0223236108786D
:108F0000FFF782FFEB0744BF054B236432F050F9B3
:108F1000012038BD00900050004009500040005032
:108F20003254FFFF4FF00042124B70B55D6E03F5F7
:108F300080535A664AF6CD3304460F4980204E6C62
:108F40000B64FFF799FE0B6A23F00F030F2C94BFFD
:108F5000234343F00F030B62F30744BF074B0B643B
:108F6000002DA2BF4FF00042054B5A6632F020F9A7
:108F700070BD00BF00800050004009503254FFFF18
:108F800000A000504FF00042104B70B55D6E03F52D
:108F900080535A664AF6CD3304460D4980204E6C04
:108FA0000B64FFF769FE0B6A23F4F85343EA0423CA
:108FB0000B62F30744BF074B0B64002DA2BF4FF0B9
:108FC0000042054B5A6632F0F3F870BD0080005045
:108FD000004009503254FFFF00A000502DE9F0413D
:108FE00005460F461E4690464AB101233022194CD1
:108FF0008B4002FB004436B304F5825423600F21FA
:10900000072F05EB450388BFA7F108044FEA0313B8
:10901000114895BFBC00A40004330C3308FA04F2D5
:10902000A14018442DF0A4FDB8F1000F09D101238F
:109030003021084ABB4001FB05223EB102F58252B5
:109040001360BDE8F08104F50154D7E702F5015241
:10905000F6E700BF00C0035030C0035010B5152024
:1090600002F086F80024FF22064B21465C65202092
:109070009A625C60FFF744F82146BDE81040212069
:10908000FFF73EB800000450044A054B002908BF12
:109090001346012282401A60704700BF40100450FE
:1090A0004020045010B5012104462020FFF728F885
:1090B00001212120FFF724F80122114B15205A60CD
:1090C000227812069A606178A27842EA01429A6197
:1090D000FF229A6200229A631A644FF000425A6596
:1090E0004FF0FF3203F500531A6502F061F81520C6
:1090F000E17802F06BF8BDE81040152002F04AB8A4
:1091000000000450F8B50125C3B2D1F800E091F891
:109110000AC00F7B0C469D40CB7A1D491D4E0D6544
:10912000810001F1A04101F58821C1F804E04FF070
:10913000300E0EFB00601B05617B43EA0C4343EAE3
:10914000475322F003020166C36502672DF05FFCFE
:10915000114B5D65237A13B1336C2B433364637A0F
:1091600013B1B36B2B43B3632279A37943EA024370
:10917000074A93616179E37943EA014306498B61C8
:10918000044B55639D64BDE8F8402DF046BC00BF1C
:1091900000200450000004500010045010B50124B9
:1091A000C0B284402DF033FC044B5A6D22EA040215
:1091B0005A659C62BDE810402DF02FBC00000450A1
:1091C00010B50124C0B284402DF021FC074BDA6AAF
:1091D000224208D15B6B9C430CBF012400242DF07C
:1091E0001CFC204610BD0024F9E700BF000004501D
:1091F0004FF48032054B9A6641F6713203F51C3309
:10920000DA63012203F50053DA60704700900050E2
:1092100041F671320121064BDA6303F50052D16049
:109220000022DA634FF48032A3F518339A66704750
:1092300000000350013831289ABF024B185C00200F
:10924000704700BF6109040838B5C2F3062504461B
:1092500002F0070241B942EA052242F440220634F4
:10926000074B43F8242038BD114628462DF090FCCA
:1092700002462846FFF7DEFF163442EA0022EFE7F7
:1092800000800350044B1868421C02BF034AD2F806
:1092900094001860704700BF604C002000400050F0
:1092A0004FF48032064B5A6603F5E6239B69C3F3FD
:1092B0008512827003F03F021B0B427003707047EF
:1092C0000090005040F6B732064B5B689BB2934269
:1092D0009FBF4FF47A72B3FBF2F3034AD05C88BFAE
:1092E000002070470080E00F930904080120034B21
:1092F0009B680A3303F01F03984070470080E00F1B
:1093000070B5054616461C4621B94FF42070FEF78D
:1093100011FF0146402C1BD003D8DCB1202C1BD000
:1093200070BD602CFCD1042303FB06F2530803EB51
:109330004113B3FBF2F3094A203B02EAC303AA68D4
:1093400022F06002AA60AA681443AC60EB61E7E710
:109350000623E9E71023E7E70823E5E7F8FF7F00A6
:10936000012100F5805310B5596040F6AA6341F21F
:10937000050243610023094C8360C365C26000F5A8
:1093800000520361C361C3649464054C8365A042C9
:1093900004BF03654365516010BD00BFFFFF0100BE
:1093A00000C0055070B50D46FFF7DAFF012300F548
:1093B00080567360AB7C04461BB1836843F08043E6
:1093C0008360EB7C5BB1244B9C4202BF2A7DA3F5FA
:1093D0001033C3F8C821E36D43F08003E3652A8AA4
:1093E0006B7B20461343EA891343E3602B7BD5E96B
:1093F0000112FFF785FF6B7D1BB1A36843F4803337
:10940000A360AB7D1BB1A36843F40043A360EB7D75
:109410002A7E1B07120502F4E00203F0E043134327
:10942000A3656B7E9A1E012A4FF0020209D80B49F0
:10943000032BC1F8202709D10423F3652B7863613E
:1094400070BD0749012BC1F82027F4E7042204F579
:109450000053DA65F2E700BF00C0055000D00350AA
:1094600000E0035038B50D46FFF77AFF012200F502
:1094700080535A602B8AA97B826843F0010343EA38
:1094800081231343836083682A7D044643EA427341
:109490008360AB7C5BB1194B984202BFEA7CA3F5B9
:1094A0001033C3F8C821C36D43F08003C3652B7B21
:1094B0002046D5E9011243F48053E3602DF08BFB85
:1094C0006B7B0BB1102363616B7D1BB1A36843F40D
:1094D0008033A360AB7D1BB1A36843F40043A3605A
:1094E000EB7D2A7E1B07120503F0E04302F4E00245
:1094F0001343A3652B78636138BD00BF00C00550DE
:10950000034B5A68D20702D5DA69002AF9D17047AD
:1095100000800A50054B9A689107FCD45A6892075C
:10952000F9D4DA69002AF6D1704700BF00800A50EA
:1095300008B5FFF7E5FF0222014B1A6108BD00BF25
:1095400000800A5008B5FFF7E5FF0122024B03F542
:1095500080514A601A6108BD00800A5008B5044B6A
:109560005968012903D1FFF7E3FF024B596008BD99
:1095700000800A5000A00A5010B5064CFFF7CAFF41
:109580006368012B03D1FFF7E9FFFFF7C3FF0378FF
:10959000E36010BD00800A50B8B94A680B7812B178
:1095A000127843EAC2034A7843EA42038A6812B156
:1095B000127843EA82138A7843EA8203CA6812B1B6
:1095C000127843EA4223014A9364704700800A50AC
:1095D00008B9014B5964704700900A5008B9014B13
:1095E0005964704700A00A5008B9014B19647047CC
:1095F00000A00A5010B9024B186C70470020704749
:1096000000800A5048B911B1012903D07047044BBA
:10961000D86C7047024B186D70470020704700BF30
:1096200000800A5040B911B1012903D07047034BA3
:10963000DA647047014B1A65704700BF00800A501A
:1096400010B9024B586D70470020704700800A50D7
:1096500038B50446054D31F0D0FD0FCC0FC594E868
:10966000030085E80300002038BD00BF881F0020EC
:1096700047F6FF739A42F0B56FD002296FD8394B85
:109680005B5C012B6BD8384DDF0005EBC30415F88C
:109690003330A178012B13D10025E078401AA8427D
:1096A00002D80844C0B2F0BD431B6668A0EB530368
:1096B00036F913609642D4BF1D4603F1FF30EEE742
:1096C00060680028EFD0B0F90040944204DBB0F9A4
:1096D00002409442B8BF144683883D44FF2B19BF13
:1096E000C8224FF0280CB0F90620B0F908C0A2EB50
:1096F00004030CBF0126002693FBFCF333446E7871
:109700001BB29E4201DD002B01DA731E1BB24FF427
:109710007A7C01339BB2071D5D1E2DB24FEAC50E48
:1097200000EBC505EA88AD689E4214FB025222EAAE
:10973000E27202F15C02B2FBFCF204DD37F8335056
:1097400001339542E8D200EB0E039888904228BF7F
:109750001046884238BF0846A4E7FF20A3E7002050
:10976000A1E700BF96090408881F00200229F0B570
:1097700055D82C4B585C012851D82B4C04EBC00118
:1097800014F830004B6801280FD1C8788C789042CB
:1097900094BFC4EB0001C4EB0201001BCAB28242B9
:1097A000C8BF002233F91200F0BD002B37D08878F3
:1097B000904202D3B3F90200F6E7CC78B3F9000087
:1097C0009442F1D94C789988013CA1F1FF0671428D
:1097D00003F10405E4B2714103F10C07CEB2B442C7
:1097E00016D805EBC1014FF47A756A43B1F902400E
:1097F0004968521A04EBD47102EB610292FBF4F255
:109800009042D1DBB3F902009042CDDC10B2CBE73D
:1098100037F831C04E1C9445E3D33146DEE70348A8
:10982000C2E700BF96090408881F00200080FFFFE0
:1098300008B50448FFF70CFFBDE80840012031F0EF
:1098400001BD00BF9C0904087FB50222084B0949ED
:10985000CDE901234FF00073CDE90313072301A9DC
:109860004FF0FF30059331F02DFD07B05DF804FB9C
:10987000006A18000002060008B5B0B14FF480621B
:109880000B4B9A662DF041FD4FF098435A6CD20273
:10989000FCD54FF48062586D064B10F470209A6628
:1098A00004D0BDE808402DF05FBA212008BD00BFFC
:1098B0000090005000A000502DE9F0418CB0884687
:1098C000DDE912761D460446002847D0002945D020
:1098D000002F43D0002E41D013F00F033ED120487B
:1098E0002049A360002A08BF0146E361C4E90013D0
:1098F000404609A92DF034FB68BB204609992DF09C
:10990000FBFC294620462DF0F7FC6946404600F056
:10991000F7FA00BB694620462DF0DAFC404603A961
:109920002DF01DFCB8B9204603A92DF0D1FC0697F7
:109930000127204645F0005506A9079708952DF008
:10994000C7FC204609A909960A970B952DF0CAFC79
:109950002046FFF791FF0CB0BDE8F0812120FAE727
:1099600000010004000101042DE9F04F97B0894681
:1099700090461F460546DDF880A0002800F0BB8019
:10998000002900F0B8803AB1229B002B00F0B38090
:10999000239B002B00F0AF80BAF1000F00F0AB80EA
:1099A000219B002B00F0A78067B13C680026229B1A
:1099B00043440293464507D307B13C60002017B0EB
:1099C000BDE8F08F3C46F1E75CB1229B219A9B5D9C
:1099D000125D01345340239A04F00F04935501366D
:1099E000E8E7A8EB060BBBF10F0F58D9434B4846ED
:1099F000C5E90034AC60EC6113A92DF0B1FA002880
:109A0000DDD1284613992BF00F0B2DF075FC59462C
:109A100028462DF071FC484604A900F071FA002890
:109A2000CDD1284604A92DF053FC484607A92DF0B6
:109A300096FB0028C3D1284607A92DF049FC012335
:109A400022992F4ACDF828A00B930C928A190D92D7
:109A500028464BF000520AA90E9303920F922DF064
:109A600037FC28460DA92DF033FC239B039A991946
:109A70000123109111931292214A284610A9CDF882
:109A80004CA0149315922DF02DFC284613A92DF00F
:109A900029FC2846FFF7F0FE5E4400288FD1229B68
:109AA00003EB060B239B1E44029B5B4501D14646FC
:109AB00080E7ACB9219B2246CDE900A3494610239B
:109AC0002846FFF7F9FE00287FF479AF0AF110026B
:109AD00012F8013D0133DBB213700BB95245F7D1D7
:109AE000219A1BF8013B125D0134534006F8013BFB
:109AF00004F00F04D8E7212061E700BF030300044E
:109B0000100000202DE9F04F97B0894615469A467F
:109B10000446209FDDF88880DDF890B0269E00285E
:109B200000F09D80002900F09A80002E40F08A808D
:109B3000002B00F09480B8F1000F0AD0219B002B7D
:109B400000F08D80002A40F09F80F10700F18780AF
:109B500002E0002A40F08580FB1F062B7FD8524B85
:109B60000BEB05029A427AD80023504A4846C4E9D2
:109B70000023A360E36113A92DF0F2F900285ED160
:109B8000204613992DF0B8FB204646EA07412DF0F8
:109B9000B3FB414620462DF0AFFB294620462DF071
:109BA000ABFB484601A900F0ABF9002847D120469D
:109BB00001A92DF08DFB484604A92DF0D0FA00280C
:109BC0003DD14FF00109204604A92DF081FB239BD4
:109BD00045F000550793219BCDF82090204609952C
:109BE0000DA90A9347F0005748F00053CDF82C9088
:109BF0000C93CDF834A0CDF838900F972DF068FB7A
:109C000020460AA92DF064FB204607A92DF060FB31
:109C1000259B204610A946F00056CDF840B0CDF85F
:109C2000449012951393CDF8509015962DF05AFB51
:109C3000204613A92DF056FB2046FFF71DFE17B056
:109C4000BDE8F08F259B53B1BAF1000F07D0B8F1F2
:109C5000000F01D0219B13B1B5B9022E20D12120D4
:109C6000EDE7239B002BFAD0BBF1000FF7D0C7F133
:109C70000F03DBB2032B3FF668AF0122DB0002FAD1
:109C800003F3AB42EBD9E8E7239B002BE7D0BBF112
:109C9000000FE4D0C7F10F03DBB2032BDDD8ECE7F4
:109CA000102E7FF652AFDAE7000004200000050412
:109CB0002DE9F04F99B0884615469B460446229FF1
:109CC000DDF89890289E60B159B1279B4BB1BBF14C
:109CD000000F06D0249B0BB1239B13B11DB9022E9C
:109CE00013D121239AE0259B002BFAD0B9F1000F64
:109CF000F7D0C7F10F03DBB2032BF0D80122DB0052
:109D000002FA03F3AB42ECD9E9E7731E0F2BE8D854
:109D100016F0010AE5D1FB1F062BE2D8414B09EBF7
:109D200005029A42DDD8404B4046C4E9003AC4F8E7
:109D300008A0C4F81CA015A92DF012F903460028AC
:109D40006CD1204615992DF0D7FA204646EA0741F6
:109D50002DF0D2FA204624992DF0CEFA294620463D
:109D60002DF0CAFA404603A900F0CAF803460028BD
:109D700054D1204603A92DF0ABFA404606A92DF098
:109D8000EEF90346002849D14FF00108204606A904
:109D90002DF09EFA259B2046099345F00053CDF8FF
:109DA000288001930B93239B0FA90C93249B47F0CE
:109DB000005743F00052CDF834800E92CDF83CB0FD
:109DC000CDF8408011972DF083FA20460CA92DF094
:109DD0007FFA204609A92DF07BFA019B204612A9A3
:109DE000CDF84890CDF84C8014932DF07BFA279B4A
:109DF000204615A946F000561593CDF858801796C1
:109E00002DF066FA2046FFF737FD034630B101908A
:109E10002A465146484636F00AFD019B184619B0BD
:109E2000BDE8F08F00000420000006042DE9FF4784
:109E30004FF000080E4617460446CDF80080002873
:109E400059D022B90025284604B0BDE8F087002982
:109E500051D032F0030902F0030A1FD04FF0E06343
:109E6000C0E9003801230191C0F808800293C0F8CE
:109E70001C8049F0005301A903932DF033FA4946A1
:109E800020462DF039FA2046FFF7F6FC054628B1AA
:109E90004A464146304636F0CAFCD4E7BAF1000FD4
:109EA000D0D04FF000084FF0E063C4E90038012340
:109EB000CDF804D00293114B204601A9C4F80880C4
:109EC000C4F81C8003932DF00DFA042120462DF0D8
:109ED00013FA2046FFF7D0FC054608B13A46D8E70A
:109EE000009A4E44EB00013522FA03F3AA4506F826
:109EF000013BF7D1A6E72125A5E700BF040000201C
:109F000090B189B101234B60C368013B012B08D894
:109F10008269064B1AB10A6000208B607047044AC0
:109F2000F9E74FF00053F7E72120704708000020C1
:109F30000C100408012300F01F02A0F506200949B7
:109F4000A0F550604009934051F820201A4341F891
:109F50002020054951F8202022EA030241F8202060
:109F6000704700BFC01F0020A01F00200122A0F5E5
:109F700006230D49A3F550635B0900F01F008240E2
:109F800051F82300024341F8232000231946074AD1
:109F900052F8040B0133082B0144F9D119B92022DE
:109FA000014836F044BC7047A01F0020C01F0020AD
:109FB0002DE9F04FA9B003921E4604460822339FB4
:109FC000CDE90401414021FA02F34B40980702F128
:109FD000080218BF9B00202A1C44F4D1744BE4B241
:109FE0001B7804F5062404F55064002B3ED1FDF7E0
:109FF00047FD054620B16FF0910029B0BDE8F08F14
:10A000000146402208A836F012FC4022294618A832
:10A0100036F00DFCDFF8B481DFF8B491C3460BF1E4
:10A020000F0ACDF800A05B461022D9F8000008A95D
:10A0300030F01DFF0023024608F1100808AD9A42D7
:10A040003DD1CDF800A05B461022D9F8000018A938
:10A0500030F016FF4FF0000A834618ADD34538D1D3
:10A06000544B9845DAD10122514B1A704FF4807845
:10A070000025DFF860B1A4F50623A3F5506252096C
:10A080005BF8221004F01F00C140C90734D44A49CC
:10A0900051F82220C240D20722D5A3F6FF43DBB2FB
:10A0A000002D08BF254603F50624B8F1010804F584
:10A0B0005064E0D1039BABB1A5B12C4618E055F834
:10A0C000040BCDE90623FFF735FF079B069A013302
:10A0D000B5E755F8040BFFF749FF0AF1010ABDE7A0
:10A0E000039B13B96FF08B0087E7002D18BF2C4638
:10A0F000349B00201C6080E7329B13B10023329A0E
:10A1000013600FB100233B604FF0100ADFF8C090DE
:10A11000CDF800A0002332462146D9F800000AF00D
:10A1200067FC58BB32993268244BC1B99A4206D0B9
:10A130002146D9F800000AF0C3FD0028D2D1D6E9A3
:10A140000223DDE90410834208BF8A4226D0A4F529
:10A150000624A4F6FF44E4B204F50624A5E73299E8
:10A160009A42C1F800A0E3D1002FE8D03B46214637
:10A17000D9F8000018AA0AF05FFD48B1104B9842C8
:10A18000D6D0104B9842D3D00F4B9842D7D032E75D
:10A19000329A3B6812689B1A3B60D0E7039B002B06
:10A1A000A6D07368012BA3D16FF0840025E700BF10
:10A1B000BD45002000710800A01F0020105D175E43
:10A1C000FFDF00F011E000F0FEDF00F0006D08009E
:10A1D0005C4C0020C01F00202DE9F04F87B0824664
:10A1E000894698461646DDF840B02AB1002B4FD07C
:10A1F00040F26C739A424ED8BBF1010F4ED8002446
:10A2000006F110073946012005942DF081FF05461F
:10A21000002846D021463A4636F009FB05ABCDE989
:10A22000014300942B46012250464946FFF7C0FEE9
:10A23000044680B110F18C0F08BF6FF08D043A46D0
:10A240000021284636F0F3FA28462DF043FF204639
:10A2500007B0BDE8F08F144BC5E902A92B60C5F823
:10A2600004B02EB13246414605F1100036F0F1FA45
:10A27000059E0E483B462A46314600680AF020FB00
:10A2800018B93046FFF756FED9E76FF09104D6E7CC
:10A290006FF08604DBE76FF09104D8E76FF0850478
:10A2A000D5E76FF08C04D2E7105D175E5C4C0020A0
:10A2B0002DE9F0438DB08146DDE914780E46154650
:10A2C0001C469BB1B8F1000F05D16FF086063046F1
:10A2D0000DB0BDE8F083002FF7D0B7F1005FF4D3E5
:10A2E000C3F1005303F580239F42EED810220021D2
:10A2F00008A836F09CFA002207AB029305AB019345
:10A3000006AB31460093484608ABCDE90522FFF77E
:10A310004FFE06460028DAD1059BA4B1AB4215D802
:10A3200053EA0504D1D1069B0B48C8F800400094BD
:10A330003A46079900682B440AF05AFB002818BFD8
:10A340006FF09106C3E7AB42EDD2BEE75B1B9C42C8
:10A3500028BF1C46E7E700BF5C4C002030B58DB03D
:10A360000C4605461022002108A836F060FA0022AB
:10A3700007AB029305AB019306AB21460093284639
:10A3800008ABCDE90522FFF713FE0446D8B9099BB7
:10A39000012B1BD0079D104B294618680AF090FC32
:10A3A000B8B90122A5F506230C49A3F550635B0952
:10A3B00005F01F00824051F823004240284641F832
:10A3C0002320FFF7D3FD20460DB030BD6FF084048D
:10A3D000F9E76FF09104F6E75C4C0020C01F002005
:10A3E00030B5048804F4E043B3F5005F2ED1C4F324
:10A3F0000223042B2AD181F0AA6383F4807333F4FF
:10A400007E132AD081F0AA6383F4007333F47E13A1
:10A4100023D00023144D21F47E11A9421AD1B4F5A2
:10A42000105F17D1418821F04000802802D0B1F59B
:10A43000807F15D1191F0C2912D8DB0710D4073AD9
:10A44000072A34BF00206FF0860030BD42F20403BB
:10A450009C42DED16FF08500F7E7C1F30543D9E7F1
:10A460006FF08600F1E700BF000140052DE9F04FD5
:10A470009BB08146DDE928761D468B46DDF8A88035
:10A48000DDF8BCA0099241B138B1249B2BB1269BC9
:10A490000BB9279B0BB91FB94EB16FF086047FE053
:10A4A0002EB1B8F1000FF8D02B9B002BF5D02C9BD0
:10A4B000002BF2D0BAF1000FEFD02E9B002BECD086
:10A4C0002D9B002BE9D0B9F8003003F4E042B2F53F
:10A4D000005F69D1C3F30222042A65D185F0AA6323
:10A4E00083F4807333F47E1306D085F0AA6383F47B
:10A4F000007333F47E1360D1C5F305432946484603
:10A50000259ACAF80030FFF76BFF0446002847D1B0
:10A51000014620220AA836F08AF92022214612A8F4
:10A5200036F085F90AA82CF04DFC002855D1594683
:10A530004846099A12AB00F0C3FA044600282FD10E
:10A540002B9B9E424CD8DAF800302E9A934247D883
:10A55000474508D2BB19984505D239463246404690
:10A5600036F04BF94746204B25F47E159D4226D107
:10A57000DAF80030324606932D9B0397CDE9048329
:10A58000279B12A90293269B0AA80193259B00935F
:10A59000249BFFF7B7FA212819D0D8B92C9B1E604D
:10A5A00020461BB0BDE8F08F42F20402934204D172
:10A5B00085F0052383F480139BE700239EE76FF06B
:10A5C000880400232C9A1360CAF80030E8E76FF083
:10A5D0008604F6E76FF09204F3E76FF09204DFE78A
:10A5E0006FF08904DCE700BF000140052DE9F04F62
:10A5F00099B08A46DDE926659346984681462A9FAA
:10A6000028B96FF08604204619B0BDE8F08F002904
:10A61000F7D0229B002BF4D0249B13B9259B002B51
:10A62000EFD10EB9002DECD117B92B9B002BE8D13F
:10A630002C9B002BE5D0289B002BE2D041464846BE
:10A64000239AFFF7CDFE04460028DCD120220146E4
:10A650000DEB020036F0EBF82022214610A836F070
:10A66000E6F808A82CF0AEFB10B16FF09204CAE730
:10A670005A465146484610AB00F022FA04460028DC
:10A68000C1D12B9B9D422AD8BE4208D273199F424A
:10A6900005D231462A46384636F0AFF83E46144BCE
:10A6A00028F47E1898451DD1299B2A460693289B9D
:10A6B0000396CDE90473259B10A90293249B08A857
:10A6C0000193239B0093229BFFF7F2FA212898D055
:10A6D0002C280AD00028C8D12C9B1D6093E76FF06E
:10A6E000890490E76FF088048DE76FF094048AE79F
:10A6F00000014005084B984202D0084B984207D110
:10A700000B88B3F5105F0CBF00206FF08500704719
:10A710006FF08500704700BF004440040013C00480
:10A720002DE9F04F99460023A3B09346DDE92E743E
:10A73000DDE93068CDE90633CDE90833CDE90A33E8
:10A74000CDE90C33DDF8C8A00490059129B96FF06C
:10A750008605284623B0BDE8F08F002AF7D00FB950
:10A76000002CF4D12C9B13B92D9B002BEFD116B9E3
:10A77000B8F1000FEBD1BAF1000FE8D048460499C8
:10A78000FFF7B8FF05460028E3D10146202212A8B2
:10A7900036F04DF8202229461AA836F048F812A8BB
:10A7A0002CF010FB002878D1DDE904015A461AABE1
:10A7B00000F086F905460028CBD11A982CF0E5FE6A
:10A7C00005460028C5D114B9CAF80000C1E7B74250
:10A7D0000AD23B199E4207D24445B8D83946224690
:10A7E000304636F00AF837464E4B994558D003F5B7
:10A7F0004073994515D04C4B994540F08C804445A9
:10A80000A5D814F00F02A2D12346CDE900761AA9EB
:10A8100012A8FFF751F80746002834D1CAF80040C3
:10A8200097E700234445CDE90E33CDE910338ED8A8
:10A830002D9B0D2B8BD101238DF838302C9B0DF1E6
:10A84000390203F10C0153F8040B8B4242F8040B5C
:10A85000F9D11B78137001238DF8473014F00F09DC
:10A8600033D10F2CDAD906AB01930EABCDE90276CA
:10A87000009324F00F0200231AA912A8FFF774F81E
:10A880000746002843D042460021304635F0CFFF2E
:10A890000023012FCAF8003040D06FF0920558E72E
:10A8A00044453FF654AF2D9B102B7FF450AF2C9BAB
:10A8B0000DF1380C03F1100E624618685968083320
:10A8C00003C273459446F7D1C8E724F00F033B4415
:10A8D0000DF1280C03F1100E624618685968083310
:10A8E00003C273459446F7D10F2CBCD824F00F0354
:10A8F000334403930AAB029306AB01930EAB009370
:10A900004A4600231AA912A8FFF72EF883E7B9F1E7
:10A91000000F83D0EAE76FF085051AE76FF08B052B
:10A9200017E700BF0010C004004440042DE9F04FB9
:10A93000994600239FB09346DDE92865DDE92A7832
:10A940008A46CDE90633CDE90833CDE90A33CDE9AE
:10A950000C33059029B96FF0860420461FB0BDE87E
:10A96000F08F002AF7D00EB9002DF4D117B9B8F145
:10A97000000FF0D12C9B002BEDD048460599FFF736
:10A98000B9FE04460028E8D1014620220EA835F081
:10A990004EFF2022214616A835F049FF0EA82CF0C4
:10A9A00011FA002844D15A465146059816AB00F0DA
:10A9B00087F804460028D0D116982CF0E6FD04460E
:10A9C0000028CAD115B92C9B1860C6E7BE420AD22E
:10A9D00073199F4207D24545BDD831462A463846AD
:10A9E00035F00BFF3E46344B994549D003F5407393
:10A9F000994520D0314B994554D1454555D82B0721
:10AA0000A9D12B460122CDE9006716A90EA8FEF7B1
:10AA100053FF2C9B06461D6000289ED04246002115
:10AA2000384635F004FF00232C9A012E13603FD0E6
:10AA30006FF0920491E70D3D454536D801238DF81E
:10AA4000283033460DF1290206F10C0153F8040BAE
:10AA50008B4242F8040BF9D11B780D3613704FF47A
:10AA60008073ADF8363006AB01930AAB00932A46EB
:10AA70000023CDE9026716A90EA8FEF775FFC8E707
:10AA8000103D454511D833460DF1280C06F1100E46
:10AA9000624618685968083303C273459446F7D173
:10AAA0001036E0E76FF0850457E76FF0890454E74C
:10AAB0006FF08B0451E700BF0010C0040044400455
:10AAC000F0B5164600221C4643688DB01B0A0746A7
:10AAD0000D46009204D0012B38D06FF08B0071E04E
:10AAE0002246314600962CF077FD00286AD1F31CEF
:10AAF000C4E9030523F003036361002E00F0A38083
:10AB00002022002101A835F092FE3146384601AAE4
:10AB10002CF062FD002840F096802368019A9A424A
:10AB200040F091806368029A9A4240F08C80A3685A
:10AB3000039A9A4240F08780A369079A9A4240F0AC
:10AB40008280E369089A9A423CD07CE0032E7FD948
:10AB50000B78012B40F08780497800294BD0F739DA
:10AB60000829BAD801A353F821F000BFD3AB0008DD
:10AB700091AB0008DBAA0008C9AB0008DBAA0008FB
:10AB8000EDAB0008DBAA0008DDAB0008E5AB000870
:10AB90004FF41056F825354F1C22002102A835F03D
:10ABA00046FE03230197CDE90435039601AA09ADBA
:10ABB000134603CBAB42206061601A4604F10804DF
:10ABC000F6D100200DB0F0BD10274FF08076FA25A9
:10ABD000E2E720274FF00076F725DDE7FE25234F3B
:10ABE000234ED9E7FF25214F224ED5E74FF41056CB
:10ABF000FC251E4FD0E72B2E2AD92022204635F0E7
:10AC000016FE05F110032361AB070DD001AB05F172
:10AC1000280C1A4628686968083503C2654513463A
:10AC2000F7D1286801AD10606B68103E2360AB68F7
:10AC300069466360EB682046A36001236661E360B8
:10AC40002CF0CFF838B120220021204635F0EFFD5E
:10AC50006FF08600B6E7009E626906F11C039A4217
:10AC6000BFF44BAFEFE76FF09100ABE7200000803F
:10AC70000044000200440003B8B1036813F4E07F0D
:10AC800003F03F00C3F382120AD0012A0DD1084B12
:10AC900041B103F58053012282401A6000207047C1
:10ACA000044BF5E703F50053F5E70E20704700BFAE
:10ACB000688000506480005030B58BB06D46774C92
:10ACC0000FCC0FC554F8043B68462B604FF07E63F1
:10ACD00093F89C306D46FF2B08BF3F238DF8013061
:10ACE000FDF7C2FD3220FDF7FDFD0FCC0FC50FCCE7
:10ACF0000FC594E8030085E80300694BD3F84C21A5
:10AD0000110340F1AE80A3F5FE431C884FF6FF739C
:10AD10009C4208BF8C248DF81940FDF76FFD044458
:10AD200084F308045F488DF81840FCF7AFF96846D3
:10AD3000FDF740FC3220FDF7DBFD5B48FDF7B2FE7E
:10AD40005A48FDF723FF5A4C01213620FDF7D8F968
:10AD50000020FDF7D3FDFDF783FE236F002023F0D5
:10AD6000070343F003032367236F23F4744343F47F
:10AD7000806323672BF0E0FE4E4BD3F8FC20D2011A
:10AD800073D4D4F8803023F0030343F00103C4F8F4
:10AD90008030D4F88030C4F88030454CD4F820316D
:10ADA00023F0070343F00203C4F82031D4F828311C
:10ADB00023F0070343F00203C4F82831D4F88031AC
:10ADC00023F0030343F00103C4F88031D4F8403189
:10ADD00023F0030343F00203C4F84031D4F8603198
:10ADE00023F0030343F00203C4F86031D4F8403287
:10ADF00023F0030343F00203C4F84032D4F80032D6
:10AE000023F0070343F00203C4F80032D4F80832F9
:10AE100023F0070343F00203C4F80832D4F8703279
:10AE200023F0030343F00103C4F87032D4F8203256
:10AE300023F0070343F00103C4F82032FDF7A2FB1F
:10AE40004FF0E0220020136963F004031361D4F88B
:10AE5000603223F0070343F00103C4F860320BB003
:10AE600030BDD3F85041E4B255E7D3F8FC2022F0CE
:10AE70008072C3F8FC20D4F8802022F0030242F054
:10AE80000102C4F88020D4F88020C4F88020D3F8D0
:10AE9000FC2042F08072C3F8FC207EE71410040806
:10AEA0000080E00FC017530200B4C404C0EA2101BF
:10AEB0000080005000ED00E007B5094B18689A8843
:10AEC0009B7900906846ADF804208DF80630FDF7B8
:10AED000F1FF0C20FEF726F8002003B05DF804FB1C
:10AEE0005010040870B503F0C1F90446E8B903F046
:10AEF0001FFC03F0A5FA4FF4167343430C4A03F505
:10AF0000742303F23F23B3FBF2F30A490A480B60B0
:10AF10000A230268094D0E68013B45F8046B0E6870
:10AF200013F0FF033244F6D10260204670BD00BF2B
:10AF300040420F0014200020E41F0020E81F0020E2
:10AF4000012208B5034B1A702DF055F9024B186019
:10AF500008BD00BFBE450020E01F002010B503F073
:10AF60006FFA04462BF0ECFC844207D92DF04FF920
:10AF700020B10122024B1860024B1A7010BD00BFB5
:10AF8000E01F0020BE450020F8B51F4C2378E3B138
:10AF90002DF031F91D4B1E4D1B68C01A28602B681F
:10AFA000A3B12B682B6003F04BFA4FF41672504399
:10AFB000184A00F5742000F23F20B0FBF2F02B6835
:10AFC0002B68834204D900232370F8BD0123E9E7ED
:10AFD0001148124E0378296856F82320104F511A51
:10AFE0003A68521A29683A6046F823100A21093251
:10AFF000B2FBF1F20B4D0133DBB22A60B3FBF1F28D
:10B0000001FB12330370DEE7BE450020E01F002085
:10B010001020002040420F00BF450020E81F002004
:10B02000E41F002014200020014B1868704700BF67
:10B030001420002070B502212C2000F0C7F84FF436
:10B04000801204250E4C0F4B0F4E5A6604F5005328
:10B050005E672C205D671E671D6700F0A9F82C2035
:10B0600000F098F804F580535E675D67A36A23F0EB
:10B070000073A362A36A43F48053A36270BD00BF50
:10B080000040005A00900050010000A0064B074A03
:10B09000996D11F0050F01D0117811B10028F7D189
:10B0A00070470120704700BF0040005AC045002093
:10B0B000154B10B51C6F14F004020FD003F50053AC
:10B0C0001A6708229A62FFF749FF02F001FE02F0B8
:10B0D000E1FD012003F0D8FA2DF09BF8E30706D537
:10B0E00001220A4B1A67FFF74FFF02F0D3FD14F05D
:10B0F00000521CBF054B1A67002CBEBF4FF0004228
:10B10000024B1A6710BD00BF0040005A0060005A91
:10B110006FF00403502110B50A480B4C13F0800F58
:10B1200003F1010206D123444C2A83F8001313468D
:10B13000F4D110BD03F00F03043B0344197613460A
:10B14000ECE700BF00ED00E000E100E0BFF34F8F4F
:10B150000549064BCA6802F4E0621343CB60BFF3B3
:10B160004F8F00BFFDE700BF00ED00E00400FA05CF
:10B1700000280CDB01220649430900F01F00824031
:10B18000203341F82320BFF34F8FBFF36F8F7047F9
:10B1900000E100E0002807DB01234109034A00F039
:10B1A0001F00834042F82130704700BF00E100E0FB
:10B1B000002808DB01224309034900F01F008240F8
:10B1C000603341F82320704700E100E00028ACBF65
:10B1D00000F16040064B4FEA0111C9B2ABBF00F568
:10B1E000614000F00F0080F800131954704700BF51
:10B1F00014ED00E010B504462BF0FEFB024B1C6082
:10B200002BF0FEFB002010BD1820002010B52BF005
:10B21000F3FB034B1C682BF0F3FB204610BD00BF73
:10B220001820002038B50C461546014610B9FFF726
:10B23000EDFF01462B462246034808F08DF8002812
:10B24000D4BF3720002038BD4D7A030810B5002444
:10B2500000F024F80348044B84604360FFF7CAFF02
:10B26000204610BD1C2000206DB2000813B5064C0E
:10B2700023780093054B1B882CF005FC10B923782C
:10B280000133237002B010BDC14500206C51002075
:10B29000014B1880002070476C51002008B5074B07
:10B2A0001A6842B9012208201A602BF0C1FB044938
:10B2B000044802F095FB002008BD00BF30200020AC
:10B2C000804C00202820002030B51446054687B069
:10B2D00010462CF031FC6369024683423CBFD4E93E
:10B2E00003315B181B1A7BB10F49049403910021B1
:10B2F000CDE90131012300932846D4E900132BF056
:10B30000AEFB002007B030BD0122627694F82D20FC
:10B31000002AF6D084F835301321E3692046984797
:10B320002046636A9847ECE7C9B200082DE9F04768
:10B3300088B004460F46164698462BF068FB8146B7
:10B34000002E7AD0237E03F0FF02002B00F0A280B3
:10B3500020462CF0F1FB6569A84205D1637ED4E953
:10B36000033213445D1B01E0F9D9451BB54228BFE8
:10B3700035462BF04CFB94F82D308246002B6DD1D6
:10B380002A463846616935F064FA63692E462B44D3
:10B39000636121E0037803F0FD0111295BD1216B8A
:10B3A000814205D1A3F111014B424B4184F8343065
:10B3B000013E6369216B01328B4203F1010308BF37
:10B3C0002363636195426069E4D1D4E90323216B6F
:10B3D0001344994200D122630025D4E90323616913
:10B3E0001344994208BF6261207A6576FCF764FADB
:10B3F00020462CF0A1FB6369834232D1257694F874
:10B400002D30E568656103B125632046636A98477E
:10B41000214B049403930023029323692A4601934A
:10B420000123009363682168207A2BF018FB207AAF
:10B43000FCF762FA50462BF0F0FA4846C8F8006074
:10B440002BF0EBFAD8F80030002B0CBF1B200020AB
:10B4500008B0BDE8F08707F8013BAAE72E460022B6
:10B46000B0E70123207A23760DF11E01FCF7ACFA38
:10B470009DF81E30002BDAD00DF11F01207AFCF769
:10B480007BFA9DF81F100029D1D12246207AFFF7C0
:10B490001BFFCCE71646D0E7C9B200082DE9F04102
:10B4A0000C461546064686B04022002120461F461F
:10B4B00035F0BDF995E8030000232A692376EB688F
:10B4C00084E80300C4E904232A7DE36084F82C2087
:10B4D000AA7D2363012384F8343084F835300C9B33
:10B4E00084F82D2023620D9BE76163620E9BA362AB
:10B4F0002B7A84F836306B7A84F837302D4B3460F1
:10B5000073602D4BB3602D4B33612D4B73612D4B0D
:10B51000F360FCF79DF938B12B4B984204D010240E
:10B52000204606B0BDE8F081002104F10800FCF7D8
:10B5300017F907460028F2D14FF00108234B336278
:10B54000234B84F83C80B361224BF3619DF840307B
:10B5500084F8390084F83B309DF83C30204684F86C
:10B560003A30697D84F838802CF023FB95F9090086
:10B57000FFF71EFE95F90900FFF70CFE164B049429
:10B58000CDE902732369CDE900836368E26821682D
:10B59000207A2BF064FA04460028C0D195F90800FF
:10B5A000FFF706FE95F90800FFF7F4FD3046FFF7B8
:10B5B00021FEB5E7037C03082DB30008277B0308B1
:10B5C0002D7B0308597B0308038000F0017B0308EF
:10B5D000B37B0308337B0308C9B200082DE9F041AF
:10B5E00001271C465B4B86B002935B4B0C9D01937D
:10B5F0005A4B904600930A46CDE903772946584BAB
:10B60000FFF74CFF0646002840F09B802368394630
:10B610002B6463683A206B64637A85F84930237A37
:10B6200085F84830E37A85F84B30A37A85F84A30BC
:10B63000637B85F84D30237B85F84C30E37B85F8C0
:10B640004F30A37B85F84E30FCF75AFD3B46042271
:10B65000617A207AFDF7C2FC3B460222E17AA07AA9
:10B66000FDF7BCFC39466068FCF74AFD88F80060CD
:10B6700041462068FDF796FE1420617C394B01F1AC
:10B68000390252019850607A227A03EB411342EA60
:10B690000042C3F83827E17AA27A42EA0142C3F8AD
:10B6A000302785F8506098F81930032B4FD8DFE821
:10B6B00003F0394C021C022385F850300023042289
:10B6C000E17BA07BFDF78AFC0220617C254B01F128
:10B6D000B9025201985003EB411341F22C71E07B07
:10B6E000A27B42EA00425A501CE0012785F8503004
:10B6F00002220023617B207BFDF770FC617B227BB3
:10B70000637C42EA014241F228715B0103F1A043EC
:10B7100003F570335A500422236803F58053DA6529
:10B72000002FCBD1237A2A6C85F84830637A052123
:10B7300085F84930D36C206843F00403D3642BF0C0
:10B740005AFA304606B0BDE8F0810027CEE723263E
:10B75000F7E700BF317D0308257D0308BD7D0308A1
:10B76000B17D030800C0035013B5064C2378009345
:10B7700011232CF088F910B923780133237002B01B
:10B7800010BD00BFC245002037B5FFF787FD01257A
:10B790000E4C0F4A0F49206020230095082007F027
:10B7A0006BFE0D4B204663600C4BA360FFF722FD40
:10B7B0002BF022F904462946284602F07DF820465F
:10B7C0002BF01EF9002003B030BD00BF3420002054
:10B7D000C34500207E10040869B700086F7E030887
:10B7E0001A2812D8102814D940F28523A0F111028A
:10B7F000D2B2D340DB070CD50122064B80F02000EB
:10B800001A70054B18707D2003E0A0F17D03012B19
:10B81000F2D97047EA450020E9450020F8B50E4608
:10B820001446204B00B3204A2049107000221A70A1
:10B8300022700A704FF6FF721D4B1A801B4D2B7839
:10B84000EBB91B4F304639882CF07FFB164A388005
:10B850001378013BDBB213706BB901232B703046B8
:10B86000BDE8F840FFF7BCBF1A78002AE6D0187090
:10B87000104B1878F8BD237801332370EFE7012BC4
:10B8800005D102232B700A4B1888000AE8E7022B27
:10B8900004D103232B70064B1878E1E7FF237E20A9
:10B8A0002370E7E7EA450020E7450020E84500204F
:10B8B000023A0020E94500202DE9F047394E88463C
:10B8C000337817465BB9384A1370384A1370384AD0
:10B8D0001370384A13704FF6FF72374B1A807D2869
:10B8E00050D02DD8182851D01A2852D0314B2E4D77
:10B8F0001A78DFF8BC9080EA020400221A702B78D4
:10B90000CD2B9CBF01332B702B78022B12D9DFF883
:10B91000A8A099F80000BAF800102CF016FB2B78BC
:10B92000AAF80000CD2B9FBF99F80020023B88F8B1
:10B9300000203B701D4B1A781C7089F8002006E02F
:10B940007E28D3D1184B1B781BB91A4A13702020BC
:10B9500011E0FF2B1FD0184A1188154A1078134A9E
:10B96000127802EB0022914217D1022B17D9CE2B6D
:10B9700034BF00207A20A0F120025342534133709B
:10B98000BDE8F08720220B4B1A70E0E7FF22064B40
:10B99000FAE77420EFE77720EDE77620EBE77920F0
:10B9A000E9E700BFEB450020E6450020E445002024
:10B9B000E3450020E5450020003A002008B52CF0C2
:10B9C00076FA4FF6FF73002818BF0346014A13802A
:10B9D00008BD00BF063A002010B5074C208850B1C2
:10B9E0002CF065FA2388C01A044B00B21B889842D9
:10B9F000B4BF0020012010BD063A0020043A002008
:10BA00004FF07E624FF6FF732DE9F041B2F84670B9
:10BA1000B2F84460154D9F4208BF4FF448679E42FC
:10BA200008BF4FF4C8762C88DFF8448050B164001A
:10BA30002C802B88BB4215D92F800023A8F800301A
:10BA4000BDE8F081B8F80030002BF2D02CF02FFACE
:10BA5000B8F80030C4EBC404C01A80B204EB800410
:10BA6000E408E5E7B34238BF2E80E6E7043A002059
:10BA7000063A002008B52CF01AFA4FF07E634FF614
:10BA8000FF72B3F85430934208BF4FF47A73034403
:10BA900013F47F6FC3F3071208BFFF22014B1A7024
:10BAA00008BD00BFEC45002010B5084C237843B119
:10BAB0002CF0FDF92378C3EB10131B065CBF0023A9
:10BAC00023702078B0FA80F0400910BDEC450020CA
:10BAD00007B502F09BFC6A4602F0FEFC18B1452156
:10BAE000034800F01DFBDDE9000103B05DF804FB35
:10BAF0009410040808B502F0B9FB18B16D21024892
:10BB000000F00EFB002008BD9410040808B500F0FA
:10BB100053FA0D4A536A43F470235362EFF30883D8
:10BB20004FF0CD31094A043B93420AD22CF00EFB70
:10BB300000F094FCFFF7DEFFBDE808400448FDF785
:10BB400087BD43F80419EFE700ED00E00000002096
:10BB5000B409040807B5042200200DEB02012FF000
:10BB600029FB042803D0F621044800F0D9FA0198F3
:10BB700000F020FC03B05DF804FB00BF9410040843
:10BB80001028034670B535D020D8032815D90020D9
:10BB900070BD032202231A491A4D0C680021C8B255
:10BBA0008442F4D955F8200028B1067A9E4202D189
:10BBB000467A9642ECD00131F1E7421E022A19D8AA
:10BBC000DFE802F0021B16000022E3E7A0F12002EA
:10BBD000032ADCD8213B022BF6D801A252F823F02D
:10BBE000EDBB0008F1BB000893BB00080122D1E7C0
:10BBF0000222CFE700220323CDE70122CBE700BFDB
:10BC0000A8080408004C0020082310B50A0A414087
:10BC10000648C9B201F00104490804B14140013BA2
:10BC200013F0FF03F6D181EA020010BD2083B8EDC6
:10BC30002DE9F8430025134C134EDFF85480134FC1
:10BC4000DFF8509023780BB9BDE8F88322464146CF
:10BC5000002056F8043B2BF002FF227823460134E3
:10BC6000002AFAD15B7853B105F00303032B0CBF14
:10BC70003946494600202BF0F2FE0135E2E739460D
:10BC8000F8E700BF4816040800100020A1140408BB
:10BC9000121104080F11040840F605226A4B2DE921
:10BCA000F0411B8893420ED8B3F5206F0DD840F2B7
:10BCB0000252934218D040F20172934220D040F2D7
:10BCC000015293420AD0BDE8F081A3F602235F4CF3
:10BCD000032B1ED8DFE803F0376396B25C490020DF
:10BCE000BDE8F0412BF0BBBE00205A492BF0B7FE57
:10BCF000564B1A6C0020BDE8F04157492BF0AFBEFF
:10BD0000524A0020D2E92523BDE8F04153492BF0E7
:10BD1000A6BE002052492BF0A2FE94F86C309E077C
:10BD200003D500204F492BF09AFE94F86F305D0642
:10BD300003D500204C492BF092FE94F96F30002B74
:10BD4000C1DA4A49CBE7002049492BF088FE94F834
:10BD50006830980704D00020226C3F492BF07FFE0A
:10BD600094F96830002B04DA0020626F41492BF00F
:10BD700076FE00250126404FDFF80881A26E06FA04
:10BD800005F3134207D057F8252013781BB141461D
:10BD900000202BF064FE0135082DEFD193E73749E1
:10BDA00000202BF05CFE2C490020226C2BF057FE6B
:10BDB00094F86930590703D5002031492BF04FFE24
:10BDC00094F96930002B04DA0020626F29492BF0C6
:10BDD00046FE0825284E2B4FA36EEB40DA0707D509
:10BDE00056F8252013781BB1394600202BF037FE7A
:10BDF0000135102DF0D194F8680000287FF463AF6E
:10BE000021496DE7214900202BF029FE0020226CFA
:10BE100011492BF024FE1025174E1A4FA36EEB404C
:10BE2000DB0707D556F8252013781BB139460020CB
:10BE30002BF015FE01351A2DF0D144E700201449EE
:10BE40002BF00DFE226C55E7083A00200010002070
:10BE50001C1104085A1104088B110408A6110408C7
:10BE6000C2110408DB110408161204084A1204085F
:10BE700087120408AD120408981A0408D4120408A2
:10BE8000EC120408CB1204083313040864130408EA
:10BE90007E1304082DE9F04F3A4D85B0D5E90D32F7
:10BEA000580748BF0026D5E9121B48BFB046D5F851
:10BEB0003CA05FBFD5F850808B469246324E54BFAF
:10BEC000DFF8E890DFF8E89013F0080F2F4B304AC6
:10BED00018BF1A46B6EB08071FBF64237C0803FB94
:10BEE0000B44B4FBF7F40CBF3C46A4B24B462949C3
:10BEF0000020CDE9016ACDF80080BFB22BF0AFFD84
:10BF000023460020CDE9009723491FFA8BF22BF03E
:10BF1000A6FDB24501D8C24504D24A4600201F49B9
:10BF20002BF09DFDD5E9170318436B6E184309D11B
:10BF30001B492BF094FD00201A4905B0BDE8F04FD5
:10BF40002BF08DBD002018492BF089FD002501271D
:10BF50000C4EDFF860800024F26D07FA04F3134200
:10BF600004D0414600202A192BF079FD0134202C01
:10BF7000F2D12035602D06F10406ECD100200949EC
:10BF8000D7E700BF0010002000100020AD13040808
:10BF9000B4130408BC130408EE130408281404089E
:10BFA00047140408A21404085D140408A813040824
:10BFB000A01304088D14040837B5FDF763F905468E
:10BFC0002AF003FEEB072ED4012319461A4601FA84
:10BFD00002F42C4003F1010327D0214B33F8124027
:10BFE0002AF0B1FC062C83B21E4A4FEA104022D13F
:10BFF0004FF20F0188421BD1B3F5406F28BF4FF4B9
:10C00000C06313804CF23C314FF00053598040F232
:10C01000017312889A4201BF134B144AD2E90001FE
:10C02000C3E9000117E00022D7E7102BCED1D7E7F4
:10C030004FF4C063E5E740F207218C420DD14FF287
:10C040000F01884209D1A34207D14FF000534CF2AF
:10C050003C315980148003B030BD1480D7E700BF55
:10C0600028160408083A00204020002094100020E0
:10C07000014B1888704700BF083A0020014B188810
:10C08000000A7047083A0020164B1888020A10F080
:10C09000FF00134604D1012A23D143F080007047EA
:10C0A000072BFAD801A252F823F000BFD1C0000834
:10C0B0009BC00008CDC00008E1C00008E1C0000836
:10C0C000D5C00008D9C00008DDC0000809207047AD
:10C0D00018467047032070470B20704706207047B2
:10C0E00002207047083A0020044B05481B881A0AB2
:10C0F000B3F5406F38BF00EB82007047083A00206C
:10C10000F8150408044B1888044B020A53F822302F
:10C11000C0B203EB80007047083A0020C81504083D
:10C1200038B504460D460B460246074900202BF061
:10C1300096FC00F0BFF92AF066FC29462046BDE8CF
:10C1400038402BF011BF00BF911404086E4A2DE94E
:10C15000F0416E4B55686E4C5D65516A99656D494D
:10C16000D1F80002D865D1F804021866D1F8081297
:10C17000586B5966916A10F0040F9966D16A4FF0B6
:10C180000000D966116B1967516B5967D26BD8647F
:10C190009A67D3E90E1218BF11465F4A91421A6599
:10C1A0005DD301F12000A04259D88869C5F3080584
:10C1B0001864CE69062D5E6455D1584DA84252D3FD
:10C1C000574DA8424FD205884DF6426085424AD16C
:10C1D0001868C3F894005868C3F8980040F20170DA
:10C1E000A242154604D22E680432B6F1CD3FF7D0F4
:10C1F0000022C3E91F22C3E92122C3E92322641BD1
:10C20000DFF818C1424DDFF818E19C648D422DD84B
:10C21000D3E91FC7D3E92165D3E923414FF0000ECD
:10C22000013AD2B2FF2A3BD1BEF1000F05D0C3E9DB
:10C230001FC7C3E92165C3E92341B3F85430C3F3F1
:10C2400008030C2B3AD8022B53D9DA1E092A50D8EE
:10C25000DFE802F030563F424F4F4F4F4F4C002126
:10C26000C3E910112C494FF42060B9E755F8044D8B
:10C270006445CBD37445C9D2E607C7D50026294FFC
:10C2800057F8048FA045C1D00136062EF8D12AB147
:10C29000013AD2B203EB8206F467B7E70522F9E769
:10C2A000E0464FF0010EBC4637462E4625460C466A
:10C2B0004146B5E740F60120BDE8F0813A2B18D1A0
:10C2C000194B9B6913F0020F40F2025318BF184636
:10C2D000F2E740F60320EFE740F2017240F6042354
:10C2E000B0F5206F14BF10461846E5E740F605206C
:10C2F000E2E740F60722013B5A2B98BF1046DBE7E6
:10C3000040F60220D8E700BF00ED00E0001000205A
:10C310000010002000E100E0000000202063000881
:10C3200080080408781000200040005B00F00CB882
:10C3300000F00AB800F008B800F006B800F004B841
:10C3400000F002B800F000B872B61EF0080F09D075
:10C350001EF0040F0DD0DFF850E0AEE8FF1F6FF0C5
:10C3600002000CE0DFF840E0AEE8FF1F6FF00E00C7
:10C3700005E0DFF834E0AEE8FF1F6FF00600694625
:10C38000EFF309828EE8070086460848084C854589
:10C3900001D3A54501D384F30888FFF7D7FE84F3C2
:10C3A00008882BF0E3FD0000001000204000002072
:10C3B000001000204BF6EF6283B2002B08BF13463B
:10C3C000044A000C13804FF6CE2308BF1846024BD8
:10C3D00018807047705100206E5100200B4BB3F94C
:10C3E00000201888002AB8BF80F0620042001A803E
:10C3F000074AB2F9001013880029BCBF83F48053A8
:10C4000083F00B0359001180584070477051002091
:10C410006E51002008B502F08DFA60B10A4B03445A
:10C42000072B0DD8072B0BD8DFE803F00C060A0802
:10C430000A0A0A045D2008BD5A20FCE75B20FAE7DF
:10C440005C20F8E75920F6E7FF1FFF0F024B9A69BF
:10C4500003F500539A6170470040005B30B50D242E
:10C4600085B012482BF052FA224600210DF101004E
:10C4700034F0DDF901238DF80030032302258DF817
:10C480000A400B4C694620468DF80B302AF0F6FB2B
:10C490002A20FEF78DFE04F500532A209D61FEF749
:10C4A00079FE04F58054E56105B030BD58100408EC
:10C4B0000040005B01482AF0D0BB00BF0040005B99
:10C4C00010B5054C20462AF014FC2046BDE810406B
:10C4D00000212AF0AEBB00BF0040005B024B586851
:10C4E00000F00100704700BF0040005B10B5094A32
:10C4F000137813F002040CD1074908480978007832
:10C50000884206D0064863F07D0304800548137016
:10C51000017010BDBA460020C1460020BF46002071
:10C52000063A0020BE460020054B064A19881288AC
:10C53000914202BF0121044A117000221A80704703
:10C54000143A0020123A0020B846002007B50346EE
:10C55000009102223D2003492FF075FB03B05DF8E6
:10C5600004FB00BF0D1B040807B5064B02221B7815
:10C570003D200093044981232FF065FB03B05DF853
:10C5800004FB00BFC44600200D1B040838B50C4D49
:10C590000C4C2A7823789A4200D138BD00210A48F1
:10C5A00030F032FE094B1B88834202BF0122084B48
:10C5B0001A702378013303F007032370E9E700BF03
:10C5C000C1460020BC4600200C3A0020123A002050
:10C5D000B8460020074B93F90030002B08DB064AD1
:10C5E000137803F04101402904BF43F005031370A1
:10C5F000704700BFC4460020BA460020282307B574
:10C60000054A3D20CDE900320449702302222FF073
:10C610001AFB03B05DF804FB3800E00F061B0408AA
:10C620007028034607B504D103B05DF804EBFFF7AB
:10C63000E5BF074A3D20127806490192064A127862
:10C64000009202222FF0FFFA03B05DF804FB00BF56
:10C65000B94600200C1B0408C446002008B50A484F
:10C6600014F06CFC094814F069FC094814F066FCED
:10C67000084814F063FC084814F060FCBDE808406A
:10C68000064814F05BBC00BF143A0020103A0020AA
:10C690000E3A00200C3A0020123A00200A3A0020FC
:10C6A00008B5CA220021044830F00AFD0122034BDC
:10C6B0001880034B1A7008BDEE450020123A002086
:10C6C000B846002030B585B0FFF7EAFFFFF7F2FE6D
:10C6D0004FF07E634FF6FF72B3F84C30214D93421A
:10C6E00008BF4FF47A732B8000231F4C2380FFF781
:10C6F00065F9FFF771F90028FBD04FF07E634FF624
:10C70000FF72B3F84230934208BF4FF4C8632B80E6
:10C7100000232380FFF7B8FC431E144DDBB20A2B25
:10C72000134C287018D840F2035222FA03F3DB07A7
:10C7300012D50222C1230290CDE900323D2084238C
:10C740000C492FF080FAFF232B70D023237005B003
:10C75000BDE83040FFF752BFFFF750FFA023237022
:10C7600005B030BD043A0020063A0020C246002041
:10C77000BA4600200B1B040837B504460D4614F0DA
:10C78000D3FD022825D84FF48B711B48FFF7C8FC56
:10C790001A4B197801F14003DBB2022B1FD901F0CB
:10C7A000A003A02B04D00B0619D57E20FFF7CEFEE8
:10C7B0004FF07E63B3F8403013B120462BF0FEFB00
:10C7C000B5B1002221460E4803B0BDE8304030F03C
:10C7D000AFBC204614F0A8FDCA28D4D8D8E7CDE9CC
:10C7E0000014842302223D2006492FF02CFADFE7B3
:10C7F0002A4621460448E7E7111B0408C6460020E4
:10C80000103A0020871B04080E3A00202DE9F84F4B
:10C81000FFF7E2F8A84C48B32378580626D59907C5
:10C820004CBFA64BA64BA74A1B7812789A4232D02F
:10C830000120FFF7E5F87320FFF7F2FEA24A4FF65A
:10C84000FF7113780133DBB213704FF07E62B2F8E0
:10C8500048208A4208BF0322934219DD51229B4B94
:10C8600072201A70FFF7DCFE20232370984D994E3A
:10C8700094F900202378002A18DA13F030030ED040
:10C880001A202BF0BAFB237803F07F032370EFE725
:10C89000FFF72CFEEAE700228F4B1A80E6E72A78A2
:10C8A000022AF0D18C4A2B701380E9E72A78012AFA
:10C8B00000F0F1800DD9931E012BD9D83178FF29D2
:10C8C00000F01E81002940F0EE80844B197832463A
:10C8D000E7E09A0719D579497A4A794892F800C071
:10C8E00007780A78ACEB0200BA1A02F0070200F0EF
:10C8F0000700904298BF81F800C00A78BA4204D17C
:10C9000023F002032370FFF741FE237813F0300F6A
:10C910001ED013F0200F714F15D0C2233B706B4B0C
:10C92000187802237B702378B87023F03C032370BF
:10C930000320012332462B70684B1978FEF76EFFF7
:10C940002BF05BFB94E7C1233B70FFF79DFBE8E70F
:10C9500013F00C081FD0624F13F0040F39785F4BAF
:10C960000FD06039C9B280201970FFF7EFFD23782E
:10C9700003F0F3033A7823705A4B1A7001231846D8
:10C98000D8E781F080017E201970FFF7DFFD237862
:10C9900003F0F703EEE79B0732D5DFF820A1524BF7
:10C9A0009AF800701B78DFF844B1FF1A2AF02FF8CC
:10C9B000414681464D4830F0B5FB804607F00707F9
:10C9C000B7B948462AF029F8494B4046A3F80080F9
:10C9D00014F0AAFC424B9AF800201B78013043EA7D
:10C9E00002133E4A43F008031370C0B20323A1E7C9
:10C9F0004146584630F0ECFB013F8046FFB2DFE78E
:10CA0000304B4FF6FF7019784FF07E63DB8F2C4F61
:10CA1000834208BF05233A780B44013B521A5B1A44
:10CA200002F0070203F007039A42DFF8B48028DC23
:10CA3000304830F072FBE0B92E4830F06EFB014612
:10CA40002C4B2D48002908BF18462C4B002118609C
:10CA500030F068FB264B188014F066FC3A7898F8A2
:10CA60000030013043EA02131C4AC0B213700223A3
:10CA700060E7214830F051FB18B9FFF715F800289E
:10CA8000DAD1184B1A7898F800309A425ED02378A1
:10CA900043F00803FAE63378FF2B4DD032460F49B6
:10CAA000C95C00204AE7124B0139C9B2188814F05A
:10CAB00043FE01460BE700BFBA460020BE460020F9
:10CAC000BF460020C1460020BB460020C2460020D1
:10CAD000C3460020ED450020063A0020C64600204F
:10CAE000BD460020C0460020BC4600200C3A002075
:10CAF0000A3A0020103A00200E3A00204820002078
:10CB0000022A1CD1124A00211378013303F00703D3
:10CB10001370104B186830F077FB0F4B0022198808
:10CB20000E4830F005FB0E4B1B880BB9FEF746FF95
:10CB30000C4B1A780C4B1A7000232B7098E60B4A9A
:10CB40001378013303F007031370ECE7BDE8F88FA7
:10CB5000BF460020482000200A3A00200C3A00205E
:10CB6000063A0020BD460020C0460020BE460020F8
:10CB70002DE9F04F8046A44F85B00023DFF8B8922E
:10CB8000A8F8003099F8003013B93B70FFF7CCFCDF
:10CB9000DFF8A8A29D4E0DF10E002BF032FA2728E7
:10CBA00000F0A0813A469DF80E000DF10F013D788E
:10CBB000FEF782FE2028044630D070B1FFF7B4FCA7
:10CBC0007A2804D8732878D8272C00F08B814FF46A
:10CBD000AA718F48FFF7A4FAD4E73B789D4205D0AD
:10CBE000022B3FD89DF80F208A4B5A55DFF824922C
:10CBF0003B7899F80010884CC02940F08380012BC5
:10CC000040F0CB80FFF7B0FCFFF7AEFC2BF064F9EF
:10CC1000FFF78AFC23785806AFD4BBE03B789D42EF
:10CC2000B9D0022B04D89DF80F207A4B5A55B2E7A1
:10CC3000032B1FD0754B1888784B1B888342AAD1D1
:10CC400014F072FBDFF8C4B1C5B2691C5846C9B212
:10CC500030F085FB29469DF80F20BBF8000014F04A
:10CC60007FFD20E0032B05D06C4B30881B8883426E
:10CC7000BCD1E5E79AF80030684D83B14FF0000B66
:10CC80003388012128462B808AF800B030F067FBFA
:10CC9000012300935A462988614814F011FD308819
:10CCA0002B888342CCD0202C3FF475AF7A2C8ED8C1
:10CCB000732C02D8002C87D198E7743C062C86D8B8
:10CCC00001A353F824F000BFE5CC0008CFCB000847
:10CCD000EDCC0008F9CC0008CFCB0008FDCC000853
:10CCE00001CD00087420FFF79BFC4BE77620FFF78F
:10CCF00097FCFFF76FFC45E77720F8E77920F6E728
:10CD00007A20F4E70E0607D4032B46D9267873065B
:10CD100045D4FFF709FC3DE001F0E002802A23D171
:10CD2000012B3AD17D20FFF711FCFFF7FDFB2678A0
:10CD300071062FD50225DFF808C13A4A99F800306C
:10CD40009CF80000117803F0070BABEB000E091AFA
:10CD50000EF0070E01F007018E4529D97820FFF764
:10CD60005FFCFFF737FC08E7A02A0BD1012B14D199
:10CD70007F20FFF7EBFBFFF7D7FB2678720609D57C
:10CD80000325D8E77B20FFF74BFCFFF7CDFB23788B
:10CD90005D06E6D420232370EFE67C20F3E7224BE8
:10CDA0001B78B3EB111F01D0FFF7BEFB0125C2E7D3
:10CDB000A5F1020A83451FFA8AFA0DD000211B480B
:10CDC0008CF800B0017016F002004DD0184A1180A6
:10CDD000184A12785A4535D1BAF1010F39D912499A
:10CDE00099F800200B78C2F3021098426FD10B4DD6
:10CDF0002888002846D12620FFF7ECFBFFF710FC1F
:10CE0000262005B0BDE8F08FB9460020123A002078
:10CE1000111B0408C4460020BA460020143A002022
:10CE2000C5460020BF460020BD460020BB4600206E
:10CE3000063A0020BE460020EB450020B846002000
:10CE4000C1460020FEF7BAFDBAF1010FC7D899F824
:10CE5000003013F0080312D1234A1370032D7FF41E
:10CE60008CAEFFF743FB88E6FEF7CAFD1F4A137836
:10CE70005B4501D0FEF7A2FDFFF788FBE4E7FEF774
:10CE8000F9FDEBE7013303F007030B704FF07E630E
:10CE9000160742BF227842F008022270227822F060
:10CEA00005022270B3F840300BB12BF087F82B88C5
:10CEB0003D20019399F80030022200930C4985230C
:10CEC0002EF0C1FE2B880020A8F8003099E7120749
:10CED000237802D543F008035DE7DB073FF541AF58
:10CEE00075203CE727208CE7EC450020BF4600205A
:10CEF000871B040808B50F4B1B780BB1002008BD39
:10CF00000D4B1A780D4B1B789A42F7D111F09EFF0A
:10CF10000028F3D10A4830F000F90028EED0094883
:10CF200030F0FBF80028E9D0074B1878B0FA80F011
:10CF30004009E4E7EB450020C0460020BD46002044
:10CF40000E3A0020103A0020C3460020F0B551B13F
:10CF5000002807DA2D23B0F1004F137000D04042B3
:10CF6000012100E0002100252C460E4F002357F838
:10CF7000046B01E06346801B864203F1010CF9D982
:10CF800013F0FF0300D125B14D1C30335354E9B2E7
:10CF900001250134E4B2092CE8D130305054481C4A
:10CFA000C0B2F0BD8C1B04082DE9F04F002495B0F1
:10CFB0002146029480461646A1464422274603A8ED
:10CFC00002AC9A46254633F032FC317859B9641BDD
:10CFD000E4B2224629460020C047002840F0908055
:10CFE0003819C0B28DE0252918D0B9F1000F19D138
:10CFF00004F8011B12AB9C42C0F0D680641BE4B263
:10D00000294622460020C0470146002878D13C44EA
:10D0100048222846E7B233F00AFCC4E0B9F1000F19
:10D0200000D101363278622A48D022D8252A3FD052
:10D0300004D8002ACBD04FF00009DBE7392A15D8F5
:10D040002F2AF8D9717801F0DF01582940F0DB80F0
:10D05000322A06F1010940F0C380204604223AF842
:10D06000041B2AF0DFFF04464E46E4E7582A17D097
:10D07000E1E7632A6BD0A2F1640C5FFA8CFCBCF18F
:10D08000140FD8D80121614B01FA0CF919EA0300F9
:10D0900040F08C8019F4104960D1BCF1140FA9D173
:10D0A000204602221AF8041B2AF0BCFF0446C2E7FD
:10D0B000214601F8022B62700C46BCE74FF00009D4
:10D0C000DAF800300DF1480B0193DAF804300093E0
:10D0D000009B994502D10AF1080AACE7019B204662
:10D0E000022213F809102AF09DFF5845044612D376
:10D0F000441BE4B2294622460020C047014618B12D
:10D10000002015B0BDE8F08F3C4448222846E7B225
:10D1100033F08DFB2C46009B5A1E4A4584BF2022CB
:10D1200004F8012B5C450FD3641BE4B22946224668
:10D130000020C04701460028E2D13C44482228464E
:10D14000E7B233F074FB2C4609F10109C0E75346FE
:10D1500053F8042B9A4604F8012B6CE7D146641B64
:10D16000E4B22246294659F804ABC047834600285A
:10D17000C6D101463C4448222846E4B233F057FB6E
:10D180005FFA8BF31AF803005F460BF1010B0028DE
:10D19000F6D1FFB23A465146C0470028B0D1CA4640
:10D1A00081463C44E7B22C4601360EE76C2ADAF899
:10D1B00000000AF104090FD17378752B01D0642B9C
:10D1C00004D1B3F1750118BF012101362246FFF7E2
:10D1D000BDFECA4604442EE7752A08BF0021F5E7C4
:10D1E000342A10D1564656F804AB04224FEA1A41AD
:10D1F00020462AF017FF1FFA8AF104222AF012FFB4
:10D20000B246044630E74FF00109F3E6010102009F
:10D2100073B50024684600F0E7F90C4B00981C60D9
:10D220000B4B0C4D1C600C4E0C4B306018602C608E
:10D230002AF07BFF2046019B3268083BDB085380C5
:10D240002B6801332B6002B070BD00BF502000205E
:10D250004C200020542000205C200020582000207A
:10D260002DE9F04F0026154689B04A1C0C4614BF24
:10D2700089464FF0080998460796002B00F0DB809E
:10D280001E60002800F0D980C71D29F0C0FB27F0E0
:10D29000070B07AB2146039000932A4633465846B6
:10D2A00000F0ACF9079C064604B130B9039829F0A8
:10D2B000B4FB192009B0BDE8F08FDFF89CA16288AB
:10D2C000DAF80010D300C0EBC2020139272A049318
:10D2D000CAF8001040F28280002D5AD183450BF12C
:10D2E000080551D0494620462AF0AEFE81460790F7
:10D2F000079A02EB050B58462AF017FF0799C5F36A
:10D30000CF054A88ABF80450521BABF80220CA88FC
:10D31000002A3BD0551BADB201EBC202ABF8065060
:10D3200095808A884849A9F80420BBF80420FF08A2
:10D33000A9F806200A68A9F80270944208BFC1F84B
:10D3400000B042490A68944201D1C1F800B099F88E
:10D35000002042F0010289F80020DAF800200132B2
:10D36000CAF800203A4A0398136833441360394AD4
:10D3700011688B4288BF136029F04FFB09F1080345
:10D380000020C8F8003095E7A146B1E7ABF80620C9
:10D39000C7E704EB0209484605922AF0C6FE079C3F
:10D3A000059AF108E088A9F80210D108A9F804103C
:10D3B00088B1049BC3EBC0013144C1F3CF0104EB3E
:10D3C000C000A9F806108180083AD2086280B9F836
:10D3D0000420E280BBE7A9F80600F5E7012D2ED175
:10D3E00004F10802B2FBF9F109FB11224AB34946E4
:10D3F00020462AF029FE814699F80020DAF800300C
:10D4000042F00102104F114D89F8002083B13B68B2
:10D410009C4204D14946002000F038F938602B685E
:10D420009C429FD14946012000F030F9286099E7DD
:10D430003B602B6096E722203CE721203AE78345BA
:10D44000D5D1A146D8E700BF5C200020582000209D
:10D45000502000204C200020542000202DE9F743CC
:10D460000446684600F0C0F8002C00F0B18029F0B6
:10D47000CEFA14F808CC81461CF0010F00F0AA8007
:10D4800034F8061C002900F0A580534D34F8047CC4
:10D49000D5F800E04A1C0EF10103A4F1080692B28F
:10D4A0002B60002F37D0A6EBC70393F800800CF059
:10D4B000020C18F0010F20D1BCF1000F20D15A88C6
:10D4C000023111448AB2C5F800E034F802CCBCF154
:10D4D000000F22D114F8085C511E6FF3000504F808
:10D4E000085C002589B224F8065C5980197865F338
:10D4F000000119700021D9802FE0BCF1000F0AD083
:10D5000014F8081C17446FF3410104F8081C0021AB
:10D51000BAB29980D9E73346D7E706EBCC01DDE90B
:10D5200000700744B942D5D216F83C6016F00107E6
:10D530002ED014F8085C6FF3000504F8085C002591
:10D5400024F8065C541E5C801C7865F300041C7093
:10D55000CC1AC4F3CF04DC808C80204C216819B134
:10D56000994201D8498801B923601D4C216819B13D
:10D57000994201D3498801B923601A4948460B688A
:10D580009B1A0B6029F049FA002003B0BDE8F08334
:10D590004E884F8001363244CE8892B2B6B101EB4C
:10D5A000C6012E68013E2E6014F8085C6FF300057A
:10D5B00004F8085C002524F8065C541E5C801C7886
:10D5C00065F300041C700029C2D193E73146E8E7F7
:10D5D0002220DAE70120D8E7542000205C20002038
:10D5E00058200020502000200249034A0160521AAE
:10D5F00042607047C85D002000000420F0B54C1C5C
:10D60000074608BF0821AAB91E480468002C37D075
:10D610006688DB0003EBC606C1F1000C2078C0076A
:10D620000AD52ABBE08850B304EBC004668803EB3C
:10D63000C606F3E71448E8E7BE42F2D362B904F144
:10D640000805B5FBF1F001FB1055E8190DB1B0422A
:10D65000E8D8059B1C60F0BD08290ED0658801350F
:10D6600004EBC505E81B00EA0C00281A8642F0D23C
:10D67000A08820B1A4EBC004D8E73846E9E7044607
:10D680002046E6E75C2000205820002013B5044621
:10D69000084621B96846FFF7A7FF6CB900980378E0
:10D6A000DA0707D55CB9C3889BB100EBC3000378E8
:10D6B000DB07F8D402B010BD164B1868EFE7012C59
:10D6C00007D183882BB1A0EBC3000378D907F8D426
:10D6D000F0E76846FFF788FF002300980278D2073A
:10D6E0000CD4002CE6D0C388002BE3D000EBC3029F
:10D6F00010F83330DB0706D503461046C28822B146
:10D7000000EBC200EAE71046EDE7002BE6D0184632
:10D71000D0E700BF58200020054B1A782AB95B7863
:10D72000002B0CBF0320022070470120704700BF70
:10D73000D34600200329F8B598BF124B05460E4684
:10D740008CBF00245C5C032805D8DFE800F00208E9
:10D750000B0E44F002040C4B1F684FB9F8BD44F0A7
:10D760000804F8E744F02004F5E744F08004F2E709
:10D770007B681A68144203D0314628465B68984794
:10D780003F68EAE7B01B04088C20002038B5104D34
:10D790002B78ABB10F4C23781BB100F0D9FB0023E1
:10D7A0002370002000F0FCFB0B4C50B100F002FC99
:10D7B0000023012120782B70FFF7BCFF0123237089
:10D7C00038BD0122054B1A702278054B1A70F7E715
:10D7D000CE460020CC460020D5460020CF46002073
:10D7E000D046002010B529F007F9064B04461B78F7
:10D7F0001BB1BDE8104029F003B9FFF7C7FF204671
:10D80000F7E700BFCB460020094A137830B1013357
:10D810001370084B1B78012B03D87047013B137022
:10D820007047054B1B780BB9FFF7B0BF704700BFBF
:10D83000D3460020D5460020CF46002070B529F001
:10D84000DBF8174E05463378E3B900F00FFD0446C8
:10D8500020B1284629F0D4F8204670BD00F04EFFD4
:10D86000104829F0DDF801F025F80F4B1C6000F09E
:10D87000E7FD0E4B0E4A1860536F43F001035367E8
:10D880002AF06BFC00F058FA2AF062FC094B0024E5
:10D89000186001232846337029F0B2F8DCE700BF96
:10D8A000D64600208C200020602000208820002008
:10D8B00000400050642000202DE9F843284A013838
:10D8C000135C39B1274F013339781354012904D837
:10D8D000BDE8F883013B1354FAE7FFF71DFF012869
:10D8E000044635D829F088F8DFF88480054698F892
:10D8F000003013B31C4E33781BB9012232701B4A1F
:10D900001370DFF8709099F8003023B100F020FB1D
:10D91000002389F80030284629F072F8012000F031
:10D920003FFB29F069F8337805461BB100F042FB54
:10D9300000233370002388F80030284629F060F86F
:10D940003878A042C4D02146FFF7F4FE3C70BFE710
:10D950000329F5D10228F3D12AF0FEFBF0E700BF3E
:10D96000D3460020D5460020CB460020CF460020DD
:10D97000CE460020CC46002010B5044629F03CF8E5
:10D98000002C0CBFFF210121064A13780B44DBB2A7
:10D990001370B3FA83F3BDE81040034A5B091370B8
:10D9A00029F02EB8D2460020D146002038B529F003
:10D9B00023F8094B05461B78012B04D829F020F8E1
:10D9C0000024204638BD054B1C6800F04DFB044484
:10D9D000284629F015F8F4E7D546002060200020FD
:10D9E00038B54160044629F007F805462146044849
:10D9F00029F019F82846BDE8384029F001B800BFE1
:10DA00008C200020054B1B685843054B00F5742003
:10DA100000F23F20B0FBF3F0704700BF88200020E9
:10DA200040420F002DE9F04F85B0EFF3108772B63A
:10DA3000AFF3008028F016FE00286FD07F4EDFF88D
:10DA40002882337823B10020FFF7DEFE00233370F5
:10DA5000FFF762FE0446002867D0841EE4B2012C62
:10DA60006AD9FFF759FE01280546754CDFF8FC918D
:10DA700000F28C802078854240F0C480207800F04D
:10DA8000DDFA99F8003013B16E4B1B782370AFF3B9
:10DA9000008007B962B6EFF3108772B66A4B1A7846
:10DAA00052B100221A70674B20781B78984203D13C
:10DAB00001212170FFF73EFE644800F011FC28F0C0
:10DAC000E5FD05460028BCD1614BDFF89081187058
:10DAD00098F80030ABB189F80000DFF8889199F828
:10DAE00000301BB100F034FA89F80050002000F03B
:10DAF00057FA002800F0998000F05CFA002388F8BB
:10DB00000030337823B10020FFF77EFE002333700E
:10DB100000212078FFF70EFE00232370AFF3008072
:10DB200007B962B605B0BDE8F08F3378002B98D006
:10DB3000FFF76AFE347094E7002003A900F020FC90
:10DB4000044600288DD1D8F80030039A9A4205D8AF
:10DB50000120FFF759FE0123337082E73D4B1D681A
:10DB600000F082FA039B05449D42F1D200F092FA44
:10DB70008200039942F0020292B2CDE900422346AC
:10DB8000354A491B31482AF0F3FA6AE7334BDFF88C
:10DB9000C0A01B7803F0FF0B2BBB00F057F92078D7
:10DBA00085422FD19AF800307BB92C4D2B78002B71
:10DBB0007FF464AF2A4B1B7823B900F0C3F901222C
:10DBC000284B1A7001232B7058E7022DEDD18AF8EB
:10DBD00000B014E02378022B24D100238AF800300F
:10DBE0002DF095FB1EE0207885420BD19AF800308D
:10DBF000002BDAD0022DD8D100238AF800302DF086
:10DC000086FBD2E70023DFF848A08AF8003099F8B5
:10DC1000003013B92946FFF78DFD9AF800302570C2
:10DC2000002BD7D1012DC0D828E7012000F006FA3B
:10DC300007B962B6EFF3108772B657E7CD460020FA
:10DC4000D5460020D0460020C9460020682000208C
:10DC5000D146002060200020E5D70008CE460020F5
:10DC6000D2460020CC46002064200020CF46002071
:10DC700010B528F0C1FE0022054B1C781A7028F060
:10DC8000BFFE00F0F5FCE4B22043C0B210BD00BFFF
:10DC9000CA46002010B5094B1B786BB1084C23789D
:10DCA00053B100F087F90023064A23701370012353
:10DCB000054A1370054A137010BD00BFD5460020F9
:10DCC000CF460020CE460020CA460020C94600208C
:10DCD000034B1B7813B10122024B1A70704700BF2F
:10DCE000D5460020CF46002073B5114E0446337848
:10DCF00083420FD04FF400730E4DADF8043058B18D
:10DD000001A8FAF7C1FF4020FFF77CFE2B68181A24
:10DD10002860347002B070BD8DF8050001A8FAF7D4
:10DD2000B3FF4020FFF76EFE2B681844F0E700BFFA
:10DD3000AB5100209020002073B5002401A88DF87D
:10DD40000440FBF757F82046FFF7CEFF364A374925
:10DD5000136F374803F007030B60D2F80011354CFE
:10DD600001F0030101604FF480103349032B486632
:10DD70004FF40030486601F59831896901F00200DE
:10DD8000C1F34001217046D0D2F8203103F00703DF
:10DD9000991E4B424B41D2F82811284D01F0070142
:10DDA000022908BF43F0010325490B7058B33BB962
:10DDB000D2F8003103F003035A1E534253410B7053
:10DDC000194BD3F8003103F00303022B25D0032BAA
:10DDD00026D0012B17D1F9F753F9024698B1194B08
:10DDE000194EDC6800231946C4F30B04013404EB1C
:10DDF00084040138E4FB060128F0F6F9FFF702FE7F
:10DE00002B6803442B601F20FFF7FCFD2B680344A5
:10DE10002B6002B070BD0123BDE7F9F78DF9DCE797
:10DE200028F089FDD9E700BF008000509420002031
:10DE300098200020D946002000900050902000201B
:10DE4000DA46002000C0015040420F00074A08494E
:10DE5000D2F8203103F007030B60D2F82831054ACD
:10DE600003F00703136028F080BE00BF008000505D
:10DE7000A02000209C20002008B5164B1A7822B361
:10DE800000221A70144B1A6F22F0070242F00102AE
:10DE90001A67D3F8202122F0070242F00302C3F8E8
:10DEA0002021D3F8282122F0070242F00302C3F810
:10DEB00028210A4B1B7833B10122094B5A60094AC9
:10DEC00053689B07FCD4F9F7C5F80122064B5A6743
:10DED00008BD00BFD846002000800050D946002071
:10DEE00000E0015000C001500060005A0122114BB7
:10DEF00010B55A67104B114C1B78A3B102202AF0C1
:10DF000097F980B100F06CFA68B1A36DD90302D51E
:10DF1000E36D9A0703D4094B9B6DDB0704D54FF4DF
:10DF20008032044B9A6210BD0122054B1A70FDF736
:10DF300007F8F4E70050005ADA4600200040005A83
:10DF4000D74600200122014B1A707047D8460020A6
:10DF50000F4B10B51B7883B10E4C2378A3B90E4B31
:10DF60009A6DD10302D5DA6D920702D49B6DDB075F
:10DF700004D54FF48032094B9A6210BDFCF7E0FFE4
:10DF80004FF48032054B9A6200232370F5E700BFFF
:10DF9000DA460020D74600200040005A0050005AC0
:10DFA000034B1B780BB1FDF771B80120704700BF20
:10DFB000DA46002008B528F0D9FD174B1B7833B19D
:10DFC0000122164B5A60164A9369DB07FCD5154BA4
:10DFD00015491A6F096822F007020A431A671349A4
:10DFE000D3F82021096822F007020A43C3F8202150
:10DFF0000F49D3F82821096822F007020A43C3F821
:10E0000028210C4B1B781BB14FF480320A4B9A62CB
:10E01000BDE80840F9F71EB8D946002000D00150ED
:10E0200000C001500080005094200020A02000205B
:10E030009C200020DA4600200060005A02280AD006
:10E0400003280BD001280CD1064A136923F00403DE
:10E05000136130BF70470020FAF722BE0020FAF7A4
:10E0600045BE704700ED00E008B5054B187818B1C3
:10E07000FCF7DAFF00EBD000024B1B68184408BD28
:10E08000DA460020902000200122014B1A707047D0
:10E09000DA460020014B1878704700BFDA460020AE
:10E0A0000222014B1A6770470040005038B500F05B
:10E0B00057FB0025084B094C1A682368C31A2AB17C
:10E0C00023B15169994203D3C91A5161206038BD07
:10E0D00055615B1A9268F2E7AC200020A82000206E
:10E0E000C38870B504460D463BB9FFF75FFC854217
:10E0F000064602D22AF01FF835460E4965610B68C4
:10E100008BB90C60A3600DE0AD1A9A681846656182
:10E110006AB113465A69AA42F6D930B18460521BDB
:10E12000A3605A6170BD0020F4E70C60F7E79C60C3
:10E13000A260F7E7AC20002038B5134D2B685B696F
:10E1400093B1124A022014681C442AF068F8204651
:10E1500000F03AFB00230E492A680B70D088800734
:10E1600009D501230B7038BD02202AF058F802208F
:10E1700000F078FBEEE79268002AF4D0506903447F
:10E18000012BEBD9EFE700BFAC200020A820002036
:10E19000DC460020F8B515469DF81C20BDF820701F
:10E1A0000271069A0446026000220E46C0E9033559
:10E1B0008260C780ADB900F0D3FA3044A0615EB18F
:10E1C0003546062F1FD1194A2846936A43F00803A3
:10E1D000936200F0CDFA02E0E36866617BB900204B
:10E1E000F8BD00F0BDFA2844A061002EE8D1E36834
:10E1F0006661002BE5D0204621689847E1E720467C
:10E2000021689847EBE728F0F7FB0646FFF74EFF3B
:10E2100029462046FFF764FF054B1B68A34201D146
:10E22000FFF78AFF304628F0EBFBD8E70040005AA2
:10E23000AC20002000220C490B687BB183420AD13C
:10E2400083687AB1936083681BB15A6941690A4453
:10E250005A61002070471A469B68EEE70028EFD00D
:10E26000022070470B60EEE7AC20002070B528F06C
:10E27000CEFB144E05463478FCB9134B1C60134B8F
:10E280001C60134B1C8000F005FA012029F0C7FF29
:10E2900000F0F0FA0F4B0246186020B9284628F02B
:10E2A000BCFB232070BD234640F2E7310A4827F02B
:10E2B0009BFF0A4B186001233370284628F0ADFB02
:10E2C0000020EFE7DD460020AC200020A820002041
:10E2D000163A0020B020002018FCFFFFA4200020E8
:10E2E000C38870B5062B044601D100F0CFFA28F0A0
:10E2F00083FB134E0546FFF7D9FE33682046A34241
:10E3000008D0FFF797FF0446B0B1284628F078FB05
:10E31000204670BDFFF78EFF04460028F5D1336814
:10E320003BB9022000F088FA284628F069FB002457
:10E33000EEE7FFF701FFF7E73368002BF4D1F0E7D2
:10E34000AC20002038B50C460546A8B1A1B1002389
:10E350000B7028F05CFB0121084B1B6833B928F0D7
:10E360005CFB002038BD9D4204D121702278002A38
:10E37000F9D0F4E79B68F1E72220F3E7AC20002016
:10E38000F8B506460F4628F042FB00250446124B1E
:10E390001B6823B9204628F040FB1B2011E05A6976
:10E3A0001544DA88B2420DD100F0DAF90B4E336829
:10E3B000C01AA8420AD3002320463B6028F02DFB58
:10E3C0000020F8BDFF2EEFD09B68E2E700F0C8F90F
:10E3D00033682B441B1AEFE7AC200020A820002054
:10E3E00008B5084B1B7803F0FF004BB129F003FF81
:10E3F000054B1B689B69C01A02288CBF00200120B6
:10E4000008BD00BFDC460020AC20002070B528F01D
:10E41000FEFA064600F0A4F9084B04461D880120C8
:10E42000ADB229F005FF18B100F09AF904460135A4
:10E43000304628F0F2FA2046294670BD163A0020F0
:10E44000014B1868704700BFB0200020F8B50C4B96
:10E4500005461B680E4683420FD3002440F2E73086
:10E460002146084B4FF47A721F680023E5FB070131
:10E4700027F0BAFE30602046F8BD2120FCE700BF3F
:10E48000A4200020B0200020014B1868704700BF76
:10E49000A42000200F4B10B51A689AB14FF47A717E
:10E4A000531E1342A0FB01010ED1B2FA82F2C2F157
:10E4B0001F04531CD243E04001FA03F3184321FA2E
:10E4C00002F20243104610BD002327F08DFE0246E3
:10E4D000F8E700BFB020002038B5154B1446834242
:10E4E000144B8B4121D3144B1A68F2B14FF47A7557
:10E4F000A0FB050305FB0131531E134211D1B2FAF3
:10E5000082F2C2F11F05531CD24301FA03F3E84023
:10E5100021FA02F218431043E940C4E90001002047
:10E5200038BD002327F060FEF7E72120F8E700BFA1
:10E53000EFA7C64B37894100B0200020C2072DE964
:10E54000F04704460BD5474A138801339BB213802A
:10E55000FFF7ACFD444B1B680BB1FFF7EDFDA307C4
:10E560007ED528F054FA4FF0000905464E46FFF7D5
:10E570009DFDC8463C4F3C680CB163698BB10022DD
:10E580003A4B012E1A7003D119F0020F18BF1E70FA
:10E59000002C61D0FFF7D0FD2846BDE8F04728F0F9
:10E5A0003CBA23465A693AB91A792179914288BF0F
:10E5B0001C469B68002BF5D1284628F02EFA2569C9
:10E5C000DDB100F0CDF8A269A0EB02094FEAE973D2
:10E5D0004D4578EB030311DA23691344A361E36823
:10E5E000B4F80690013613B120462168984728F008
:10E5F0000EFA0546FFF75AFDBDE7A94628F007FACF
:10E6000082462046FFF716FE504628F006FA236998
:10E61000002BE4D0A38BB5EB090533B1E28B134497
:10E620009BB2B3F57A7F0FD2E38328F0F0F98146ED
:10E6300029462046FFF754FDA36922694846134442
:10E64000A36128F0EAF9CAE7A3F57A73E383A36923
:10E65000013D013BA361E8E7022000F0EDF89BE7F4
:10E66000BDE8F087163A0020AC200020DB460020F1
:10E6700010B528F0CCF9034B1C7828F0CEF9E4B2A1
:10E68000204610BDDB460020014B1870704700BFCC
:10E69000DB46002010B50123002486B01548ADF8F4
:10E6A0000830CDE903448DF804408DF80A40059404
:10E6B00029F02CF901A8FAF75FFF204602A98DF88E
:10E6C0000840FAF769FF20460F21FAF787FF0F216C
:10E6D0002046FAF789FFFAF735FFFAF711FF064BE4
:10E6E00043209C61FCF764FD4320FCF753FD06B01A
:10E6F00010BD00BF6010040800800A5008B50A4829
:10E7000029F004F940F6015200210120FAF79CFD9E
:10E710004FF496720021012028F04BFA034A936CC3
:10E7200043F48073936408BD6410040800800A50A9
:10E7300008B5094829F0EAF840F6016200210220F4
:10E74000FAF782FD4FF492720021022028F031FA8C
:10E75000024B9A6C9A6408BD6410040800800A5049
:10E7600008B5FAF7CDFE014B986908BD00800A5044
:10E7700038B5044628F040F90546FAF7C1FE104BBB
:10E78000022C9A694FF001018CBF12190332B2F1C9
:10E79000FF3F38BF013A0020FAF744FF284628F02F
:10E7A0002FF908490B7853B1054B9A6C42F00202DD
:10E7B0009A649A6C42F004029A6400230B7038BD8C
:10E7C00000800A50AC510020F8B5044628F014F936
:10E7D0000746FAF795FE164B9D6929F01CFD064683
:10E7E0000020FAF707FF830704D4731B032B01D81B
:10E7F000AE420FD10021631B022B98BFEC1C0846D0
:10E80000B4F1FF3F2CBF2246621EFAF70BFF022035
:10E8100029F005FD384628F0F3F8064A137833B19D
:10E8200003498B6C43F001038B6400231370F8BD24
:10E8300000800A50AD510020830700F0010109D586
:10E840000122064B41F002011A70054A936C23F035
:10E85000010393640020FAF7C1BE00BFAD51002050
:10E8600000800A50830742BF0222014B1A6470479E
:10E8700000900A5007B5044B01A9187929F041F816
:10E88000019803B05DF804FB6C10040807490B788D
:10E8900053B9074B9A6C22F002029A649A6C22F0E8
:10E8A00004029A6401230B70704700BFAC51002032
:10E8B00000800A500A4B10B5D3F8403203F003032E
:10E8C000013B012B0BD828F097F8044601210220C8
:10E8D000FEF7F2FF2046BDE8104028F091B810BDC9
:10E8E0000080005024282DE9F341054604D82C4629
:10E8F000204602B0BDE8F08100240B4E0B4FDFF83C
:10E9000030800023CDF800801A46194638682CF074
:10E91000AEFA8442EBD2252CE9D056F8043BAB4248
:10E92000E6D00134EDE700BF301F04085C4C002046
:10E93000FFFF0F002DE9F04F634E644D31682868EA
:10E9400089B005F0E3FE0446002827D03368002490
:10E95000D3E900019A6912689047336804A89B695B
:10E960009B689847336802209B69DB689847326848
:10E9700005985368E7B2B3FBF0F3BB42916904F129
:10E9800001044CD8CB680020984733689B695B68CA
:10E9900098473168286805F0B9FE04460026DFF87C
:10E9A00048914B4FDFF84481DFF844A1F4B9494B5B
:10E9B00028689B5D002B00F08280D7F800B002AB86
:10E9C000594603AA06F038F9504507D070B9039BA1
:10E9D000012B0BD05946286806F072F9D9F800309F
:10E9E00059461A68286806F057F804460136252E5D
:10E9F00009F1040907F1040708F10108D6D1B4FAB6
:10EA000084F3354A5B0913702B681B7C1BB1C5214D
:10EA10003248FDF785FB204609B0BDE8F08F12684B
:10EA20000B6907FB00209847A1E73B6803AA19443C
:10EA300002AB019106F000F95045034601992ED032
:10EA400028682BB30BF1010B009B5FFA8BF1994205
:10EA50002868EAD3224B9B5D002BC7D0DDF800B0BD
:10EA60005FFA8BF37E2B2868C0D8396802AB594413
:10EA700003AA009106F0E0F85045B7D00099286845
:10EA800006F01EF90BF1010B04460028E8D0ADE7B3
:10EA9000039B7BB998F80020029B9A42D2D098F849
:10EAA0000030D9F80020286805F00AFF0028C9D0F6
:10EAB0000446CFE7019106F003F90199EFE7094B0E
:10EAC000A3469B5D0093BFE73C4C00205C4C0020BC
:10EAD000301F0408091F0408DE460020C41F040874
:10EAE000E41E04089A1E0408B41B0408BF1E040890
:10EAF0000BE000F0F8B50D4616461F46FFF7F2FE94
:10EB0000242804461CD8164B1B780BB3154B1868E9
:10EB1000154B53F82410154B1B5D3BB1324606F0E4
:10EB200007F80446A0B129F0DBFB12E07F2D08BFF7
:10EB300000253B46324651FA85F105F00BFFF0E720
:10EB4000FF2808D981B23B463046EAB229F02BFAB9
:10EB500000242046F8BDFB210548FDF7E1FAF7E760
:10EB6000DE4600205C4C0020301F0408091F04080A
:10EB7000C41F0408F8B50D4616461F46FFF7B2FE3F
:10EB8000242804461CD8164B1B7803B3154B186871
:10EB9000154B53F82410154B1B5D3BB1326805F043
:10EBA0007BFF044698B129F09BFB11E07F2D08BF45
:10EBB00000253B46324651FA85F105F081FEF0E72B
:10EBC000FF2807D93A46314680B229F0F5F90024EA
:10EBD0002046F8BD40F235110548FDF7A1FAF6E7E9
:10EBE000DE4600205C4C0020301F0408091F04088A
:10EBF000C41F040810B5FFF775FE0A4B1B7813B944
:10EC00000024204610BD084B002253F82010074B6B
:10EC1000186805F0CBFF04460028F1D029F060FB0E
:10EC2000EFE700BFDE460020301F04085C4C0020E8
:10EC300073B516461D46002B71D04BF234639842D3
:10EC400010D1082D28BF082536492A46304631F014
:10EC500000FE2A463046344931F0BFFD30B3002073
:10EC600002B070BDC9B27F2980B208BF00219842AE
:10EC700018D17F2241F202016846082329F093F956
:10EC800008226846284931F0A8FD30B908237F22C0
:10EC900041F2F011684629F086F96B4603CB3060EB
:10ECA0007160DCE741F2F01398421CD11F4B701EDB
:10ECB000996CDA6C2B462C1F013B9C4200F8011F1B
:10ECC0004FEA11210CD1002CC9D00423D9B2072955
:10ECD000F2544FEA1222C2D001339D42F6D1BEE770
:10ECE000002BE9D1BBE700F47043B3F5805F0AD194
:10ECF000C0F30B0404F17E642A46304605FB014153
:10ED000031F0A7FDABE700F46043B3F5005FA6D197
:10ED1000C0F30B0404F1016404F5FC24ECE72120AA
:10ED20009EE700BF0200E00FC62004080080E00F4D
:10ED300008B5520829F0D5FA30B1BDE8084040F2D4
:10ED40006F110248FDF7ECB908BD00BF422004086E
:10ED50002DE9F7430446E0070F46154604D540F277
:10ED6000C5113848FDF7DCF9E90704D54FF4E37124
:10ED70003448FDF7D5F904F47043B3F5805F41D111
:10ED8000C4F30B04304A04F17E646B1E23449342A7
:10ED900032D82646DFF8AC9006EB0508464546D14A
:10EDA000A2070ED04FF6FF7337F8022BA01E43EADE
:10EDB000024304220DEB02010193FFF7B9FF023475
:10EDC000023DAB070ED0023D25F00103FB5A0422A1
:10EDD0006FEA03436FEA13430DEB020160190193DD
:10EDE000FFF7A6FF25B12A4639462046FFF7A0FFC8
:10EDF000002003B0BDE8F08340F2CB111148FDF7CD
:10EE00008FF9C6E704F46043B3F5005F06D1C4F39D
:10EE10000B0404F1016404F5FC24BAE74FF4E97132
:10EE20000848FDF77DF96FF00F060024B2E716F8E9
:10EE3000013BFF2BB2D04FF4EE714846FDF770F95D
:10EE4000ACE700BF42200408FF03E00F10B5044602
:10EE5000F8F700F90C4BA0F57A729A4212D84FF4E9
:10EE60007A73B0FBF3F05C43084BB3FBF0F3B4FBF5
:10EE7000F3F0022806D9BDE810400323B0FBF3F0FD
:10EE8000F7F74EBA10BD00BFFFC99A3B40420F00D2
:10EE90002DE9F04FE2289FB02CD8DC2808D8702844
:10EEA00000F0CC80C03883B2092B0AD900205CE086
:10EEB000DE38042800F29680DFE800F09FA6B1B6A5
:10EEC000BD000928F2D801A353F820F0D7EF0008BD
:10EED000ADEE0008ADEE0008ADEE0008ADEE0008A6
:10EEE000ADEE000871EF0008ADEE0008C1EF0008BC
:10EEF00007EF0008F52800F0A480B0F58C7FD5D18D
:10EF00000DF082FE2EE02DF096FD044609A82DF0AE
:10EF1000F7FE0FF0B3FF05462DF079FD06462DF004
:10EF200076FD07462DF073FD0DF11C0A8046514613
:10EF300008200DF1300B0FF0A9FF594610200FF0FB
:10EF4000A5FF2DF078FD81460FF098FF3346CDE9FF
:10EF500004902A462046CDE902ABCDE9007809A904
:10EF60000DF002FD0FF0A8FF01201FB0BDE8F08FEB
:10EF70000FF084FF04460FF081FF05460CA82DF02A
:10EF8000BFFE0FF07BFF06460FF078FF07460FF03D
:10EF90008BFF80460FF072FF81462DF038FD291E51
:10EFA00018BF0121CDE90290201E334618BF012071
:10EFB000CDE900780CAA2DF088F82DF032FDD3E7CA
:10EFC0000FF05CFF0CA90DF01DF92DF02AFD0CA827
:10EFD0002DF0D0FEC8E70CA82DF092FE0CA80DF085
:10EFE00069F9BFE70FF04AFF0CA90DF0EDFD2DF018
:10EFF00018FD0CA82DF00DFFB6E70CA82DF080FE33
:10F000000CA80DF067FDADE70FF038FF04460CA823
:10F010002DF0D8FE20460CA90DF0F8FECDE70FF03C
:10F020002DFF0DF0E1FE9FE70CA82DF069FE0CA866
:10F030000DF094FD96E70DF0C1FE95E70DF072FF1F
:10F0400092E70FF01BFF04462DF0F5FC0146204629
:10F050000DF064FD88E700BF2DE9F0436A288DB00C
:10F0600000F2868032280DD80020D7E06FF49B7321
:10F070001844032800F27581DFE810F078017D0163
:10F080008C01940133383728EED801A353F820F0CF
:10F0900013F2000823F2000869F0000863F2000888
:10F0A00069F00008C3F200080FF3000869F00008D7
:10F0B00069F0000869F0000869F0000869F00008CC
:10F0C00069F0000869F0000833F3000847F300080E
:10F0D00069F0000869F0000869F0000869F00008AC
:10F0E00069F0000869F0000869F0000869F000089C
:10F0F00069F0000869F0000869F0000869F000088C
:10F1000069F00008C7F3000805F5000869F0000879
:10F1100069F0000869F0000869F0000869F000086B
:10F1200069F0000869F0000869F00008BDF3000804
:10F13000E5F30008EFF3000869F000080DF400089B
:10F1400069F000089BF40008B9F4000869F00008B1
:10F15000C9F40008DFF4000869F00008AFF2000805
:10F1600069F0000869F0000869F0000837F5000848
:10F1700040F21B13984200F0EA81B0F58E7F33D243
:10F18000EF2800F0DB8122D8822800F05D810DD8C5
:10F190007E2800F04C817F287FF466AF082009A903
:10F1A0000FF074FE09A81EF073FA87E0AE287FF412
:10F1B0005BAF2DF02CFC04460FF060FE05460FF00F
:10F1C00073FE29460246204630F0E4FF76E0F4283C
:10F1D00000F0AC81FE2800F08D81F3287FF444AF6D
:10F1E00009A816F097FBACE1B0F59D7F3FF63CAF68
:10F1F000B0F59B7FBFF43AAF40F21D13984200F088
:10F20000A98140F2211398427FF42EAF1CF06AFFCF
:10F2100001E01AF0FFFC0FF04FFE01200DB0BDE839
:10F22000F0830FF02BFE04462DF0F1FB054609A8F4
:10F230002DF056FC2DF0EBFB06460FF01FFE0746A7
:10F240000FF032FE07ABCDE90103294620460097B7
:10F25000F3B209AA2DF05CF82DF0E3FB9DF81C0039
:10F26000D9E72DF0D4FB05462DF0D1FB06460FF073
:10F2700005FE074609A82DF033FC0FF0FFFD804680
:10F280002DF0C5FB04460FF0F9FD81460FF00CFE92
:10F29000E4B207ABCDE903033A4631462846CDE94F
:10F2A0000084CDF8089009AB2DF044F8D4E708208D
:10F2B00009A90FF0EBFD09A81AF0A0FC2DF0B1FB95
:10F2C000ABE709A82DF00CFC0FF0D8FD05462DF09A
:10F2D0009EFB06462DF09BFB07460FF0CFFD8046B8
:10F2E0002DF095FB04460FF0C9FD81460FF0DCFDC3
:10F2F000E4B207ABCDE9030332463B462946CDE9EC
:10F300000084CDF8089009A82DF024F8A4E72DF08A
:10F310007EFB044609A82DF0E3FB0FF0AFFD054688
:10F320000FF0C2FD2A46034609A920460EF00AF94D
:10F33000C4E72DF06CFB04460FF0A0FD014620460B
:10F3400018F084FABAE72DF062FB04460FF096FD40
:10F3500005460FF093FD2946024620460EF09CFD1F
:10F36000ACE72DF054FB17F053FBA7E72DF04FFB54
:10F3700017F06CFBA2E72DF04AFB09A90446082010
:10F380000FF084FD0FF07AFD09A90246204621F016
:10F3900021F993E7082009A90FF078FD09A830F0BA
:10F3A000FCF88BE72DF033FB044609A908200FF089
:10F3B0006DFD204609A930F0DBF82EE70FF05EFD69
:10F3C0002DF050F87AE72DF022FB09A90446082019
:10F3D0000FF05CFD2DF01BFB09A9024620462DF025
:10F3E0003FF86BE70FF04AFD1CF048FE13E70FF003
:10F3F00045FD09A9044608200FF048FD2DF007FB44
:10F4000009A9024620461EF067F957E70FF036FDBE
:10F4100009AA07A91EF072F82DF003FBBDF81C0025
:10F420002DF0EBFA082009A90FF056FDF5E609A921
:10F4300008200FF02BFD0FF021FD011E18BF012148
:10F4400009A81EF095F939E70FF018FD07A9044641
:10F4500008200FF01BFD2DF0DAFA05460FF00EFD27
:10F460000DF1190302930DF11A03019309AE031E66
:10F4700018BF01232A4607A9204600962CF08DFFCD
:10F480002DF0CFFA314608200FF026FDBDF81A0006
:10F490002DF0B3FA9DF81900BDE609A908200FF078
:10F4A000F5FC07A909A812F0B1FF2DF0BAFABDF8D2
:10F4B0001C002DF0A2FAB0E62DF0A9FA09A912F06D
:10F4C000CBFF2DF0AEFAADE70FF0D8FC09A92CF078
:10F4D00087FF2DF0A6FA09A82DF01AFB9DE60FF084
:10F4E000CDFC044609A82DF01DFB204609A92CF0EF
:10F4F0008DFFE3E60FF0C2FC003818BF01202EF0AC
:10F5000024FDDBE60FF0BAFC04460FF0CDFC054607
:10F510000FF0B4FC06460FF0B1FC031E18BF012328
:10F520003246294620462CF026FFC7E62DF083FA06
:10F5300019F0C4FC71E62EF0B3F86CE609A816F0D9
:10F5400017FA2DF06EFA09A82DF0F5FA65E62FF0FE
:10F5500074FFB3E60FF092FC04460FF08FFC011E1F
:10F5600018BF0121204615F081F9A7E62DE9F043E7
:10F57000D328A9B000F23281C92806D84C2800F25D
:10F58000E98003284ED80020F1E1CA380928FAD8CA
:10F5900001A353F820F000BF75F9000887F50008B3
:10F5A00087F5000887F5000887F5000887F500084B
:10F5B000CFFC0008D9FC000887F50008BDF9000859
:10F5C000B9380A28DFD801A353F820F0FDFE00085F
:10F5D00087F5000887F5000887F5000887F500081B
:10F5E00087F5000887F5000887F5000899FC0008F2
:10F5F00093FC00088DFC000895380728C3D801A3A8
:10F6000053F820F03DFD000887F5000887F5000855
:10F6100087F5000821FD00082DFD000887F500088A
:10F62000F7FA000804384828ADD801A353F820F0B1
:10F6300071FE000887F5000887F5000887F50008C7
:10F64000F1FE000887F5000887F5000887F5000837
:10F6500087F5000887F5000887F5000887F500089A
:10F6600047FD0008A9FD000887F5000887F5000898
:10F6700087F5000861F900087FF9000889F900089A
:10F6800097F9000887F50008A1F9000887F5000838
:10F6900087F50008D1F90008D7F90008E5F9000856
:10F6A000BBFA0008C5FA0008EDFA000887F5000863
:10F6B00087F5000887F5000887F5000887F500083A
:10F6C0001BFB00088FFB000887F5000887F5000882
:10F6D00087F5000887F5000887F5000887F500081A
:10F6E00087F5000887F5000887F5000887F500080A
:10F6F00087F500081FFE000887F5000867FE000870
:10F7000087F5000887F5000887F50008FBF9000871
:10F71000F7FE000887F50008B7FC000887F5000829
:10F720002FFE000887F5000887F5000887F5000818
:10F7300087F5000887F5000887F5000887F50008B9
:10F7400087F5000887F5000803FC00083DFE000867
:10F750004FFE00089C282AD894283FF64DAF7A28FF
:10F7600000F0BD827B2800F0BD8279287FF40BAFCA
:10F770000FF084FB06A913F0DDFF2DF052F9BDF860
:10F7800018002DF03AF99DF81A000FF095FB9DF83E
:10F790001B000FF091FB9DF81C000FF08DFB9DF8F6
:10F7A0001D000FF089FB0DF11E01082058E3C3284E
:10F7B0003FF6E9AEB8283FF603AFAC2800F042822E
:10F7C000AD287FF4E0AE06A908200FF05FFB2DF016
:10F7D00032F9014606A814F0B9F9C5E0F73883B24A
:10F7E0005A2B3FF6D0AE5A283FF6CDAE01A353F8C0
:10F7F00020F000BFFDFD0008B3FD0008DFFD00089C
:10F80000E9FD000803FE000887F500086BFB00080F
:10F8100087F5000837FD000887F5000887F5000820
:10F8200087F5000887F5000887F5000887F50008C8
:10F830005BFC000883FC000887F5000887F50008DA
:10F8400087F5000887F5000887F5000887F50008A8
:10F8500087F5000887F5000887F5000887F5000898
:10F8600087F5000887F5000887F5000887F5000888
:10F8700087F5000887F5000887F5000807FF0008EE
:10F880001FFF000887F5000887F5000887F50008C6
:10F8900087F5000833FF000887F5000887F50008A2
:10F8A00049FF000853FF000859FF000869FF0008DE
:10F8B00087F5000839FF000887F5000887F500087C
:10F8C00087F5000887F5000887F5000887F5000828
:10F8D00087F5000887F5000887F5000887F5000818
:10F8E00087F5000887F5000865FC00086FFC000834
:10F8F00087F5000887F5000887F5000887F50008F8
:10F9000087F50008A9FB0008ADFB0008A9FB00086B
:10F91000B3FB0008B9FB0008D9FB0008DFFB0008B7
:10F92000EBFB0008F7FB0008FDFB0008C3FB000829
:10F93000C9FB000887F5000887F5000887F500086F
:10F9400087F5000887F5000887F5000887F50008A7
:10F9500043FF000889FD00088FFD000895FD0008A1
:10F960002DF055F81EF04EFD2DF05BF8012029B06A
:10F97000BDE8F0831EF040FD2DF03FF8F6E72DF0D6
:10F9800046F81EF045FDEFE706A82DF026F906A87B
:10F9900015F05CFBE8E712F047F90FF08DFAE5E7A8
:10F9A0000FF06CFA04462DF046F805460FF066FAA3
:10F9B00029460246204613F0D3F9D5E72DF03BF84F
:10F9C00004460FF05BFA014620462EF039F9CBE7EA
:10F9D0002EF031F9C8E706A82DF066F806A815F054
:10F9E0002BFAC1E70FF04AFA044606A82DF05CF89E
:10F9F000204606A92EF0DCFAB6E70FF03FFA1622F1
:10FA00000021044606A830F012FF0FF037FA8DF8F7
:10FA10001C000FF033FA8DF81D000FF02FFA8DF84F
:10FA20001E000FF02BFA8DF81F000FF027FA8DF84B
:10FA300020000FF023FA8DF821000FF01FFA8DF847
:10FA400022000FF01BFA003818BF01209DF8253066
:10FA500060F300038DF825300FF010FA003818BF5E
:10FA600001209DF8253060F341038DF825300FF01B
:10FA700005FA003818BF01209DF8253060F3820395
:10FA80008DF825302CF0C3FFADF818002CF0BFFF27
:10FA90000DF12601ADF81A0008200FF0F7F90FF06C
:10FAA000EDF905460FF0EAF9031E18BF01232046C1
:10FAB0006AB206A915F012F956E70FF0DFF92EF039
:10FAC000E7FA51E70FF0DAF904462CF0B4FF0546E7
:10FAD0000FF0D4F906460FF0D1F90346201E324646
:10FAE000294618BF01202CF0B9FC3DE70FF0C6F9FC
:10FAF00014F08CFE38E72CF08AFF04462CF09BFFB4
:10FB000005460FF0BBF906462CF081FF324603464E
:10FB1000294620461EF0F6F926E706A905A82CF08E
:10FB20008AFC2CF07EFF9DF814000FF0C5F906A9A1
:10FB300008200FF0D1F9BDF820002CF05EFF9DF8F1
:10FB400022000FF0B9F99DF823000FF0B5F99DF8E8
:10FB500024000FF0B1F9BDF826002CF04EFF9DF8FF
:10FB600028000FF0A9F90B98FEE60FF087F906A917
:10FB700012F0E0F82CF055FF9DF818000FF09CF9FA
:10FB80009DF819000FF098F99DF81A0005E705A9EE
:10FB900006A82CF052FC0FF08FF9082006A90FF0F0
:10FBA0009BF9BDF81400E7E60020F6E600F01AFF26
:10FBB000F3E613F06FFBD7E62CF03DFF13F000FDEA
:10FBC000D2E612F085FBD7E612F082FB10F0070FA9
:10FBD0000CBF01200020E0E62EF0FFF9DDE612F078
:10FBE00077FBB0FA80F04009D7E61CF07BFA80F092
:10FBF0000100C0B2D1E612F0F9FBB7E62DF0C1FD6D
:10FC0000B4E60FF03BF906A920F062FB2CF009FFE7
:10FC100006A908200FF060F99DF820000FF04CF9BC
:10FC2000BDF822002CF0E9FE9DF824000FF044F905
:10FC30009DF825000FF040F99DF826000FF03CF9E3
:10FC40000A9891E60FF01AF9044606A82CF07DFFF9
:10FC5000204606A92FF0F6FB86E60FF00FF930F0EC
:10FC6000FFF989E60FF00AF923F020FCC1E70FF055
:10FC700005F904460FF002F941B2204623F02CFCAE
:10FC800074E62CF0C4FE30F0EDF986E62CF081FB32
:10FC900083E62CF080FB80E60FF0F0F805AA06A9B9
:10FCA0002CF075FB2CF0BDFEBDF818002CF0A5FE65
:10FCB0009DF8140071E6082006A90FF0E7F805A9E1
:10FCC00006A813F023FF2CF0ACFE05984CE60FF0CD
:10FCD000D5F82CF058FB47E62CF057FB5DE613F007
:10FCE0001BFD5AE60FF0CAF806A921F077FA2CF0AE
:10FCF00098FEBDF818002CF080FEBDF81A002CF01C
:10FD00007CFE9DF81C000FF0D7F89DF81D000FF049
:10FD1000D3F89DF81E000FF0CFF89DF81F003CE6C9
:10FD20000FF0ACF840B22DF07EFC1DE60FF0A6F807
:10FD300014F046FE18E62DF09FFC2EE60FF09EF81C
:10FD40002DF0A8FC10E60FF099F804462CF05FFEA9
:10FD500005462CF05CFE06462CF059FE07460FF0D7
:10FD60008DF880460FF08AF881460FF087F8CDE9CC
:10FD70000190201E3B463246294618BF0120CDF88F
:10FD800000802CF0EDFCEFE530F00EFAEEE530F0FF
:10FD90000DFAEBE52CF04FFE04462CF038FE014640
:10FDA000204623F017FEE1E50FF068F82CF0D6FCB2
:10FDB000DAE50FF063F804460FF060F805460FF03F
:10FDC0005DF806460FF05AF807460FF057F832462E
:10FDD0000090294620467BB22DF00DFCC4E50FF0C3
:10FDE0004DF82DF00AFCBFE50FF048F804460FF07F
:10FDF00045F841B220462DF002FCB5E523F070F93C
:10FE0000B2E50FF03BF804460FF038F805460FF066
:10FE100035F82946024620462DF0F3FBA4E506A856
:10FE20002DF0E0FB2CF0FDFD9DF81800B5E506A8CF
:10FE30002DF023F806A82DF0D7FB95E506A82DF0A8
:10FE4000D5FB2CF0EEFD06A82DF00AF88EE50FF09C
:10FE500015F806A92CF008FB2CF0E3FD862006A976
:10FE60000FF03AF882E50FF009F815F0E7FD7BE5B1
:10FE70000FF004F806A915F0AFFD2CF0D2FD9DF8A7
:10FE80001C000FF019F89DF81D000FF015F89DF8F3
:10FE90001E000FF011F89DF81F000FF00DF89DF8EF
:10FEA00020000FF009F89DF821000FF005F89DF8EB
:10FEB00022000FF001F89DF8250000F001000EF07F
:10FEC000FBFF9DF82500C0F340000EF0F5FF9DF804
:10FED0002500C0F380000EF0EFFFBDF818002CF0F5
:10FEE0008CFDBDF81A002CF088FD0DF126015CE4B4
:10FEF00015F09EFD51E515F04DFD35E50EF0BEFF08
:10FF000014F086FD30E506A82CF0CEFD0EF0B6FF0D
:10FF1000011E18BF012106A814F0E8FF24E52CF00B
:10FF200076FD04460EF0AAFF0146204617F07EF843
:10FF30001AE514F0D3F930E506A82EF01AF806A950
:10FF400033E428F09DFD28E50EF098FF13F034FC13
:10FF50000AE513F03FFC20E50EF090FF003818BFD3
:10FF6000012013F03DFC01E513F040FC15E500BF56
:10FF70002DE9F041B0F5957F98B009D2B0F5867FB4
:10FF800008D2762870D8662848D8142800F0DF8078
:10FF900000208BE0A0F586701D28F9D801A353F846
:10FFA00020F000BF9D01010801020108B70101080E
:10FFB000D901010817020108250201083F020108C2
:10FFC0004F020108D1000108F30001086F01010888
:10FFD00091FF000891FF000891FF000891FF0008C1
:10FFE00091FF000891FF000891FF000891FF0008B1
:10FFF00091FF000891FF000891FF000891FF0008A1
:020000040801F1
:1000000091FF000891FF000891FF000891FF000890
:1000100091FF0008650201086F02010867380F2888
:10002000B6D801A353F820F02D0101087300010890
:10003000B300010891FF0008690101085F01010890
:1000400091FF000891FF000891FF000891FF000850
:1000500091FF000891FF000891FF000891FF000840
:100060000F01010845010108B12891D101F0F8FE06
:1000700019E02CF0CCFC0DF13601ADF83400102065
:100080000EF004FF0DF1460110200EF0FFFE0EF001
:10009000F5FE0DF157018DF8560008200EF0F6FE22
:1000A0000DA81CF05BF92CF0BCFC012018B0BDE8D9
:1000B000F0810DA81CF04CF82CF0B3FCBDF8340016
:1000C0002CF09BFC08200DF136010EF005FFECE74B
:1000D0000DA82CF018FF09A90DA828F06CFF2CF032
:1000E000A0FC102009A90EF0F7FE0DA82CF0F1FEDF
:1000F000DBE70DA82CF007FF09A910200EF0C6FEC3
:1001000009A90DA828F038FF2CF08BFCEDE70DA90C
:1001100008200EF0BBFE0EF0B1FE011E18BF01213B
:100120000DA829F051F90EF0C7FEBEE72CF06FFCC8
:1001300004460DA908200EF0A9FE20460DA921F0C5
:1001400009FDB0E70EF09AFE29F050F9ABE7082060
:100150000DA90EF09BFE0DA81BF0E6F8A3E70EF02C
:100160008DFE1BF0A9F99EE719F09EF89DE70DA8FA
:1001700001F062F92CF055FC9DF834000EF09CFE65
:100180009DF835000EF098FE9DF836000EF094FEB6
:100190009DF837000EF090FE0E9884E70DA82CF025
:1001A000B2FE09A90DA828F0FCFF2CF03AFC09A822
:1001B0002CF0C2FE99E70EF061FE044609A9082062
:1001C0000EF064FE0DA910200EF060FE20460DAA70
:1001D00009A928F01DFF66E70EF050FE09AB05AA3D
:1001E0000DA929F001F82CF01CFC0DA82CF071FED3
:1001F000102005A90EF070FE09A82CF09DFE54E712
:1002000003A908200EF042FE09AB05AA0DA903A818
:1002100029F007F8E7E70DA82CF075FE0DA801F00E
:10022000D7FB40E709A908200EF030FE0DA91020E9
:100230000EF02CFE0DA909A828F019FF33E70EF0E7
:100240001DFE09AB05AA0DA929F040F8CBE703A9CB
:1002500008200EF01BFE09AB05AA0DA903A829F082
:1002600013F8C0E72CF0E7FB1AF0B0FE1DE70EF024
:1002700005FE06460EF002FE04460EF015FE05468B
:100280000EF0FCFD07460DF13408414608200EF043
:10029000FDFD301E21463B462A4618BF0120CDF801
:1002A00000802EF03FFD2CF0BCFB294620460CE7D9
:1002B00030B5DC2891B063D8B12804D8252800F0E7
:1002C000FA80002071E0B2382A28FAD801A353F846
:1002D00020F000BF8B030108AF0301080D040108E3
:1002E00029040108C3020108C3020108C30201086E
:1002F000C302010871040108C302010833040108A4
:10030000490401085D04010857040108C3020108FB
:10031000C3020108C3020108C3020108C3020108A5
:10032000C3020108C3020108C3020108C302010895
:10033000C3020108C3020108C3020108C302010885
:10034000C3020108C3020108E3030108C302010854
:10035000C3020108C3020108C302010867040108BF
:1003600077040108810401088B0401089104010845
:10037000970401089D040108A3040108AD040108C5
:10038000F6289ED123F0C8FF0EE005A82CF037FC1C
:100390000EF074FD04460EF071FD214642B205A830
:1003A0002FF05CFF2CF03DFB012011B030BD01A906
:1003B00010200EF06BFD2CF03EFB05900EF05EFD64
:1003C0000DF119018DF8180010200EF05FFD0DF1F0
:1003D000290110200EF05AFD05A901A830F01BF8E4
:1003E000E0E72CF028FB05900EF048FD0DF1190117
:1003F0008DF8180010200EF049FD10200DF1290194
:100400000EF044FD05A830F001F8CBE72CF013FB0B
:1004100004460EF033FD05460EF030FD69B202468B
:10042000204623F005FFBDE72CF005FB23F07AFF03
:10043000B8E705A901A830F05BF801A82CF003FC8F
:1004400005A82CF031FCAFE705A82CF015FC05A899
:1004500030F057F8A8E730F0AFF9A5E730F057F8DB
:100460000EF02AFDA0E70EF009FD30F000F89BE742
:1004700030F005F8F4E70EF001FD23F0D3FE93E72A
:100480002CF0C5FA30F04BF88EE723F00FFEE7E7CB
:1004900023F08EFFE4E724F0D7FA83E724F0DAFABA
:1004A00080E72CF0C8FA24F0DBFA7DE72CF0C3FAE1
:1004B00024F0DCFA78E724F085FA75E7032208B522
:1004C000054B00201A802DF0E5F8BDE808400246F3
:1004D000002102480BF0E6B8D4440020EC200408C8
:1004E00038B50F4DFCF792F92B886BB90D4C23886A
:1004F00063B900230A482380FCF73AFB288820B11F
:1005000010F0F6FE084B1860012038BD27F0CFFC34
:10051000064B1B88C01A238880B28342E9D3EDE7DB
:100520001C3A0020183A0020B42000201A3A00207B
:10053000034B1A881AB13C2002492BF084BB704748
:100540001C3A00208A1B040838B50446064DFFF704
:10055000EFFF21462888FCF70FF900232B80BDE828
:100560003840FCF753B900BF1C3A0020002273B595
:10057000054610460E462CF0BEFD044630B1054A35
:1005800000962B46002112882CF011FF204602B065
:1005900070BD00BF1C3A002008B5034B188810F04E
:1005A000C3FEC0B208BD00BF1C3A002010B5054C08
:1005B000014620462CF0D3FE208810F099FE024B15
:1005C000186010BD1C3A0020B420002038B500216E
:1005D00009482CF019FE054610F0A6FE074B04460C
:1005E00028461D8010F084FE054B50FA84F41860F4
:1005F000044B01201C6038BD124500201C3A00202D
:10060000B42000206C36002010B5044627F04FFCC3
:10061000024B1880024B1C8010BD00BF1A3A00200C
:10062000183A002008B511F0EDFD28B1BDE80840EA
:1006300043210248FBF774BD08BD00BF1321040825
:1006400001482CF0A0BF00BFB820002013B51C4803
:100650002CF062FF25F098FF26F04EF826F04DF8BA
:1006600026F04CF8FBF70AFD0446FBF73DFD234658
:100670000121144A0090042000F0B6F8FBF7F8FCC2
:100680000446FBF73FFD23460F4A0121009004205A
:1006900000F0AAF8FBF7F2FC012340F2A1728340BC
:1006A00013420BD00020FBF7F5FB0020FBF7F4FA18
:1006B000002002B0BDE81040FBF7BABA02B010BD8E
:1006C000B82000209A210408B0210408012908B5A7
:1006D00009D1FBF703FF084B187060B1BDE8084073
:1006E0000020FBF7EDBE31B9034B1B781BB1BDE811
:1006F0000840FBF7B3BE08BDAE510020012008B58D
:10070000064B187027F029FF022027F026FFBDE8CE
:10071000084003490348FDF763B900BFDF460020E6
:100720009C4C0020E820002070B528F00EFA10F054
:10073000070F194D09D02B781BB90120287027F01D
:100740000CFFBDE8704028F036BA144C2378032B18
:10075000F1D927F012FF0028EDD028F0F6F910B9F2
:100760002378032B14D828F026FA04460028E2D078
:100770002B785BB100262E7026F03EF905463146F7
:100780000120FDF799F8284626F03AF9204670BD79
:100790004FF0FF34ECE700BFDF460020AC470020FD
:1007A0001FB5FFF7C1FF0446FDF76EFEA04228BF4C
:1007B000204688B103A9FDF749FE034638B9CDE9C3
:1007C0000000064A0399064827F0D2FC18B18D2193
:1007D0000448FBF7A5FC012004B010BD59850308AF
:1007E000C8200020D02104080CB413B502460C46E2
:1007F00027F0D2FE60B9094B1B681A4208D005A940
:100800000498019102F09AFD14B1054829F0E1FF26
:1008100002B0BDE8104002B0704700BFA44C0020F9
:10082000522204082DE9F34102AB03E90600044615
:10083000904611F071F90546204611F07DF9394FC7
:100840009DF80060384BFDB1202C98F8002033F85B
:10085000141037F8140008D9814254D34FF6FF72B0
:1008600091421DD102B0BDE8F081012A32D84FF685
:10087000FF752E4802EB4212224430F81210A942B2
:1008800002D0013120F8121033F8141037F8140098
:10089000814238D34FF6FF7291424FF0010502D0EA
:1008A000013123F8141004F0FD02092A2DD19A8A8F
:1008B000B98A32448A42B4BF9A82998233F814309A
:1008C0008342CFD3002DCDD1204602B0BDE8F04108
:1008D00027F0D4BF022AD7D14FF6FF704FF6FF752D
:1008E000124A32F81410814218BF013104F121007C
:1008F00018BF22F8141032F81010A9421CBF0131A1
:1009000022F81010C0E70025CAE71D2CD6D15A8F57
:1009100091198142BDBF02F1FF32B6185E87588738
:10092000CCE700BFA23A0020F43A00201E3A002093
:1009300008B55222002102482FF079FF002008BD9F
:10094000F43A002008B55222FF2102482FF06FFF31
:10095000002008BDA23A0020024B23F8101000200E
:10096000704700BFA23A002038B505464FF400504A
:100970000C4625F0DBFD4FF400532860236030B9AE
:100980004FF4C371BDE838400148FBF7C9BB38BD1F
:10099000542204080048704756430020014B187841
:1009A000704700BFCC510020014B1880704700BF3A
:1009B00078510020014B1888704700BF7851002003
:1009C000014B187000207047C2510020014B18786D
:1009D000704700BFC2510020014B187000207047C3
:1009E000B8510020014B1878704700BFB851002063
:1009F000014B1878704700BFBA510020014B18789E
:100A0000704700BFE7460020014B1870704700BFD9
:100A1000E7460020014B1878704700BFE6460020EB
:100A2000014B1870704700BFE6460020014B187854
:100A3000704700BFBB510020014B1870704700BFCA
:100A4000BB510020014B1888704700BF7651002031
:100A5000014B1880704700BF76510020014B187879
:100A6000704700BFC3510020014B1870704700BF92
:100A7000C35100202DE9F74F414B424A0193424BAD
:100A8000DFF844911B78DFF84481DFF844E1DFF8B8
:100A900044C13E4F3E4E3F4D3F49404802EB431A52
:100AA000019B524503F1200309F1200908F12008B8
:100AB0000EF1200E0CF1200C07F1200706F12006A4
:100AC00005F1200501930FD100221146344B324D20
:100AD0001C78344E344B314FD0B2844203F12003A2
:100AE00046D803B0BDE8F08F304B314C5360002343
:100AF00049E907432F4CDFF8E0B048E907432E4CA3
:100B0000C2E902304EE907432C4C11604CE907431F
:100B10002B4C136147E907432A4C49E9050348E98F
:100B200005034EE905034CE9050347E9050349F8C8
:100B3000201C48F8201C4EF8201C4CF8201C47F8BC
:100B4000201C46F8201C46E90743019C45E907B3F1
:100B5000DFF888B046E9050345E9050344E907B332
:100B600044E9050345F8201C44F8201C203297E78F
:100B700043E9085643E9061743F8101C0132ABE776
:100B8000342B0020542C0020D2510020942B002024
:100B9000742B0020542B0020D4370020A314040809
:100BA000CA5100201DB40208D42B0020B15C0208F9
:100BB00007DF03085171020819FF020833F3030825
:100BC000A19402087DB90108342C0020142C0020C7
:100BD000F42B0020B42B0020D5380308B9580208A4
:100BE000002208B5074B1A605A6027F086FF064BB3
:100BF000187027F082FF054B1870054B1A78054BCB
:100C00001A7008BD76370020A9470020A8470020A9
:100C1000B9510020A7470020002100B593B0084635
:100C20006A460FF03BFC0146C8B90E4B0E4A0993C9
:100C30000E4B0D920A930E4A0E4B0E920B930E4AD8
:100C40000E4BCDE90F230C930D4B6A4611930FF019
:100C500039FF003818BF012013B05DF804FB0120F4
:100C6000FAE700BFC7D90308ED6A0208C5DB03082D
:100C700039300208478B03087182020847DC0308F9
:100C8000C1640208074B1878112803D8064B0341AA
:100C9000DA0704D5A0F143035842584170470120B8
:100CA000704700BFAB470020CBFFFDFF08B5064BE8
:100CB0001B78013B022B05D80020FFF7E3FF01382A
:100CC000C0B208BDFF20FCE7AC4700200022034B68
:100CD0001870034B1970034B1A707047AE47002011
:100CE000AF470020AD4700202DE9F04FDFF890809E
:100CF000064698F800300D4685B0002B3AD04FF6E6
:100D0000FB73984236D84FF0000B1C4FDFF874A0ED
:100D10003C7898F800305FFA8BF94B459AF8000060
:100D200011D9484402AA0DF10601C0B21CF0E6FB3D
:100D3000082229460DEB02002FF04FFD0BF1010BAD
:100D40000028E6D14C463B78A34208D198F8002011
:100D5000631CDBB29A423B7004BF00233B703246F7
:100D600029469AF800301C44E0B205B0BDE8F04FC7
:100D70001CF0B2BC05B0BDE8F08F00BFAD4700204D
:100D8000AF470020AE4700202DE9F047002492B085
:100D900006A8CDE9004400F07BFA04238DF8183052
:100DA0009DF82530DFF8908043F00103DFF88C9048
:100DB0008DF825300BAF5FFA84FA06A88DF819A0DC
:100DC00000F006FE00B3192352461946384602AE1B
:100DD0000DAD27F0DBF895E80F0086E80F0097E8E7
:100DE000030007AB83E803000822694618462FF08A
:100DF000F4FC48B1314606A828F0BEF858B199F87D
:100E00000130013389F8013001340C2CD3D100209A
:100E100012B0BDE8F0871022FF2128462FF007FD11
:100E200019233A461846514627F0B9F898F8013088
:100E3000013388F80130E7E7B5470020B0470020CC
:100E40002DE9F04397B004A800F022FA072300260A
:100E5000DFF88C90214FDFF88C808DF8103099F8F6
:100E60000030F4B2A34203D8002017B0BDE8F083ED
:100E700004A88DF8114000F0ABFDE8B13423224600
:100E80001F2109A827F082F86A4694460DF136031F
:100E90000DF1460E154618685968083303C57345A9
:100EA0002A46F7D1614604A828F066F830B198F8D0
:100EB0000330013388F803300136D0E71022FF21D8
:100EC00009A82FF0B4FC342321461F2009AA27F0DB
:100ED00066F8FB780133FB70EEE700BFB5470020F2
:100EE000C5510020B04700202DE9F04397B005A878
:100EF00000F0CEF908230026DFF88C90214FDFF8B0
:100F00008C808DF8143099F80030F4B2A34203D8E5
:100F1000002017B0BDE8F08305A88DF8154000F05B
:100F200057FDE8B13023224621210AA827F02EF8E8
:100F300001AA94460DF136030DF1460E15461868C8
:100F40005968083303C573452A46F7D1614605A899
:100F500028F012F830B198F80330013388F80330E4
:100F60000136D0E71022FF210AA82FF060FC3023C1
:100F7000214621200AAA27F012F8FB780133FB70E2
:100F8000EEE700BFB547002034470020B0470020FF
:100F9000F0B50446012593B00DA800F079F90DA82D
:100FA0008DF834508DF8354000F012FD10B9002056
:100FB00013B0F0BD9DF8350008AC012818BF2846D5
:100FC0006D464FF0110307BF02222146062221463B
:100FD00010F00AFD94E80F0085E80F0004AA1746F8
:100FE0001A4B03F1100C164618685968083303C6EB
:100FF00063453246F7D11022394628462FF0EDFBE3
:101000000028D5D029460DA827F0B6FF054628B1FF
:101010000F4A0120137801331370C9E71022FF2112
:1010200020462FF004FC9DF835302146012B08BFE7
:1010300002224FF0110318BF0622284610F0D4FCFC
:10104000044A137801331370B1E700BF4D2304083D
:10105000B0470020B5470020F0B591B004A800F0DB
:1010600017F9022304A88DF8103000F0B1FC10B974
:10107000002011B0F0BD1A230822012009A910F0A8
:10108000B3FC6A460DF12E031D4616460DF13E07D0
:10109000144618685968083303C4BB422246F7D186
:1010A000314604A827F068FF044628B10A4A012007
:1010B000537801335370DCE71022FF2128462FF0CC
:1010C000B6FB1A230822204609A910F08DFC034A1A
:1010D000537801335370CBE7B0470020B547002069
:1010E000F0B595B005A800F0D3F8052305A88DF854
:1010F000143000F06DFC0623044605A88DF814306A
:1011000000F066FC054644B328237F220DEB030064
:101110001D2126F03BFF01AA16460DF12D030DF10E
:101120003D07144618685968083303C4BB42224679
:10113000F7D10523314605A88DF8143027F01CFFA0
:10114000044600283AD12F4A93780133DBB29370DA
:101150006DB963BB002015B0F0BD0028FAD028237C
:101160007F221D210DEB030026F010FF01240DF15D
:101170003D0301AA17461E460DF14D0C1546186891
:101180005968083303C563452A46F7D10623394613
:1011900005A88DF8143027F0EFFE1A4A00B31A495B
:1011A0008B7801338B709378002BD3D084B91022C5
:1011B000FF210DF12D002FF03AFB09E0124A937840
:1011C00001339370002DD2D10E4B9B78002BC1D0F0
:1011D00028237F211D200DEB030226F0E0FEB9E756
:1011E00093780133DBB29370002BB3D02CB910226B
:1011F000FF210DF12D002FF01AFB1022FF213046A8
:10120000D9E700BFB5470020B047002070B5FBF715
:1012100065F9044610B1A520FBF752F90020FFF74D
:10122000B7FE0120FFF7B4FEFFF716FFFFF758FFE8
:10123000FFF7AAFDFFF704FEFFF756FE00231D4649
:1012400019460F4E0F4816F8012B0133114410F8C0
:10125000012BDBB22A44052B89B295B2F3D151EAB6
:10126000050306D0084802F055F82946074802F061
:1012700051F81CB1BDE87040FBF7F0B870BD00BF7D
:10128000B5470020B0470020EE22040815230408CB
:1012900010B50446142200212FF0C9FA014B236136
:1012A00010BD00BF00014405014B0361704700BF42
:1012B0000044400410B503780446013B8AB0082B73
:1012C00017D8DFE803F0093310180522242A30006C
:1012D0004FF003100AB010BD43781548002B08BF2B
:1012E0004FF44030F6E701A927F088FC08B90698CA
:1012F000F0E70020EEE727F0D8FC0028F9D160786D
:1013000000F5403000F58070E4E70A48E2E74078F5
:1013100000F5403000F50070DCE7407800F5403023
:1013200000F54070D6E7044B1868D3E70348D1E7CF
:101330000100030004000300942C002002000300BD
:10134000044A054B10B11B681360704712681A609D
:10135000704700BF8C2C0020982C002030B54378BB
:101360000446002B0B4808BF4FF4403087B00D46B1
:10137000059028F04CF91023CDE901530123009387
:101380004FF4105140F20133226905A828F002F908
:1013900007B030BD0100030010B501240C4886B031
:1013A00005908DF8134028F032F90DF11303CDE9C3
:1013B0000043002240F2013341F20101029405A8EA
:1013C00028F0E8F8003818BF012006B010BD00BFB3
:1013D0001000030073B501240026054622460B4881
:1013E00001AB0DF103018DF80360019428F0FDF8C5
:1013F00010F1880F03D12D202E7002B070BD18B9E6
:101400009DF803302B70F8E72046F6E71000030044
:1014100007B5102243780748002B08BF4FF440302F
:1014200001AB019228F0E1F8003818BF012003B0A9
:101430005DF804FB0100030010B5044686B001A965
:1014400002221123012010F0CFFA9DF814300C482D
:10145000E37027F015FC062201A96070112301201A
:1014600010F0C2FA9DF814304FF44030A37027F00A
:1014700007FC207018F0A0F96060002006B010BDD5
:101480000100030030B5054619488DB00C460490A4
:1014900028F0BDF81023CDE90143012400942A6906
:1014A00040F201334FF4105104A828F073F80546B8
:1014B000D8B91A230822204605A910F095FABDF9DB
:1014C0001420BDF81430002A02DA00200DB030BD1F
:1014D0006FEA43436FEA53430822ADF814302846BD
:1014E0001A2305A910F080FAEFE72046EEE700BFC7
:1014F00002000300F0B585B004460E462CF042F918
:10150000C8B102A819F0DEFDA8B1657B271D15F052
:10151000020F09D0082238460DEB02012FF05DF9C9
:1015200010B12D2005B0F0BD02AB45F0020503CB94
:1015300060607960657310223146034801AB28F082
:1015400054F80028EED0ECE70200030007B51022A3
:1015500003780748052B08BF4FF0031001AB019239
:1015600028F043F8003818BF012003B05DF804FBF1
:101570000400030030B5044691B07F220D462823B5
:101580001D2106A826F002FD069B002043F40073EF
:1015900006932378052B0BBF4FF00312124A0DF16F
:1015A0001D010DF12D010CBF0592059227F07EFF64
:1015B000059828F02CF81023CDE90153012300935E
:1015C000226940F201334FF4105105A827F0E2FFE1
:1015D000044628B928237F211D2006AA26F0DFFC17
:1015E000204611B030BD00BF0400030070B5437841
:1015F0000446FF2B0E4696B012D1002501212A4643
:101600000430CDE90C5500F023FBFF2801D06070B9
:1016100006E02A4601210CA800F01AFBFF28F6D1AB
:1016200065782F4B05F5403505F580759D4204958D
:1016300053DC282200210CA82FF0F9F8284627F0C7
:10164000E6FF10230125CDE90163009540F2013347
:101650004FF41051226904A827F09CFF002839D1CB
:1016600063686178CDF84D30A3680CAACDF851308D
:1016700005238DF83230637B5B0103F40073ADF812
:10168000303000F059FB054620BB1923627819461B
:1016900005A826F07BFC9DF82C305A060AD4284673
:1016A000049A07A927F002FF9DF82C3043F040036D
:1016B0008DF82C30637B6178DB0648BF9DF82C30B9
:1016C00005AA44BF63F07F038DF82C301923184618
:1016D00026F065FC284616B070BD1A25FAE700BF53
:1016E0000B01030008B50378013B082B06D8DFE89F
:1016F00003F00C2D13172A2F1B212700002027F0A1
:1017000086FF003818BF012008BD43781148002B20
:1017100008BF4FF44030F2E7BDE8084027F0DFBBD8
:10172000BDE8084027F069BB407800F5403000F57F
:101730000070E4E7407800F5403000F54070DEE7E7
:10174000054B1868DBE74FF00310D8E70348D6E7EE
:101750000348D4E701000300942C0020020003009A
:10176000040003007FB50C4E044630680D4627F098
:101770004EFF1023CDE90153002300934FF4105185
:1017800040F201333046226927F004FF003818BFC9
:10179000012004B070BD00BF942C002007B506489E
:1017A000102201AB006827F020FF003818BF01208D
:1017B00003B05DF804FB00BF942C00202DE9F0433A
:1017C000074620488FB0884616466B4610220068B0
:1017D00001A927F00AFF0025002D05AB0CBF36201C
:1017E0005C200024994601AA12F8011B0134E4B2DE
:1017F0004140102C03F8011BF6D109A82CF0D4FEAF
:101800004A46214609A82CF0D3FEBDB941463A46C6
:1018100009A82CF035FF324609AC0DF1340C2346F3
:1018200003CB6345106051601C4602F10802F6D1FB
:1018300015B10FB0BDE8F0830125CDE73246214652
:10184000E6E700BF982C0020F0B50C46064687B0AE
:1018500008461546FFF72EFD6388214F1A073860AA
:101860002CD52A46314610202CF06CFF1D4E3068D6
:1018700008B127F0CCFE1023CDE9015300230093DB
:101880004FF4105140F201332269164827F082FECE
:1018900020BB33683B606388D90717D500232A46ED
:1018A00001210DF117008DF81730FFF787FF6388CE
:1018B000002B0CBF2120002007B0F0BDDE06EAD5CA
:1018C0002A460821201DFFF779FFCFE79A0701D5A7
:1018D0000223E4E75B07EAD50323E0E70120EBE717
:1018E000982C0020902C0020F0B597B00446FFF70C
:1018F000E1FC354E0546306010B92D2017B0F0BD23
:10190000002124220DA82EF092FF28460DA927F0D1
:1019100078FE0028F1D13768A7F54033B3F5803F52
:101920001FD222780E9D022A119B4FEA15253DD029
:10193000F7F7C8FC052814D19DB940F201133846C9
:1019400009AA0DA90E93099700F0E4FA002309A84B
:101950008DF82430FFF73EFD9DF824300BB9FFF7DA
:101960001BFD60880028C9D005A92046174D09AF86
:1019700027F021FB3A46214605A8FFF765FF2868B6
:1019800008B127F044FE1023CDE901730023009332
:101990004FF4105140F2013322690C4827F0FAFD50
:1019A0002B68003818BF01203360A7E7002BBFD198
:1019B00009A9204627F0FFFA09A9204627F0DCFAFA
:1019C000F7F780FCC2E700BF982C0020902C002085
:1019D00038B5034C2568FFF787FF256038BD00BF89
:1019E000982C00207FB50A9E9DF820409DF8245039
:1019F000CDE90034CDE9025613460A4601460448B3
:101A0000006827F02CFE04B0BDE8704027F0A8BAAB
:101A1000982C002010B504461346074A10680A4661
:101A200006492CB127F0F5FDBDE8104027F098BA23
:101A300027F002FEF8E700BF982C00200044400485
:101A40002DE9F04303780446092B0D469DB050D094
:101A500005AA1646284B03F1080C17461868596862
:101A6000083303C763453A46F7D109AA9046186878
:101A70001B7938603B71214B03F1100C1746186835
:101A80005968083303C763453A46F7D120464FF0FB
:101A9000100904240DAFFFF727FF4246234601211A
:101AA0003046CDE900940297FFF79CFF17A8FFF797
:101AB000EFFB0923294617A88DF85C3012AD27F0FB
:101AC0005BFA17A8FFF710FF234642460121304674
:101AD000CDE90145CDF80090FFF784FF1422294697
:101AE00038462EF07AFEB0FA80F040091DB0BDE80D
:101AF000F0830020FAE700BF5D2304086B2304088D
:101B00002DE9F04186B0064603A80C461AF020FBEA
:101B1000054600284AD1BDF80C30980646D510225B
:101B2000294620462EF083FE01A819F0CBFAC0B159
:101B3000777B06F1040817F0020F06D00822404612
:101B400001A92EF04AFE00282ED101AB47F0020772
:101B500003CB7060C8F804107773238843F0080340
:101B60002380238843F00203238018F051FE606035
:101B70002BF008FE30B10E4B1B68A360238843F0A6
:101B8000040323800B4B1A68D1035EBF238843F004
:101B900010032380130203D5238843F400632380BA
:101BA000284606B0BDE8F0812D25F9E72425F7E7A2
:101BB000842C0020882C002030B5234B05461B7850
:101BC0000C46834289B03DD919230246194601A823
:101BD00026F0DCF9182101A82DF085F910B929208B
:101BE00009B030BD01AB03CB9DF81C30C4F8211007
:101BF00013F0020F14BF08221822590748BF42F001
:101C000020022280C4F81D00180642BF228842F438
:101C100000722280D907E2D50523A3700B4B53F83D
:101C20002530A36118F0FAFD2388606143F00602B5
:101C300022809DF81C200020520644BF43F08603FA
:101C40002380CDE72720CBE7BC510020F0200020E7
:101C50002DE9F04F8FB0064602A80C461746FFF755
:101C600017FB04238DF808309DF8153043F001036D
:101C70008DF81530002C56D06B462C4A10685168F0
:101C800003C39EB10822694630462EF0A6FDB0FA85
:101C900080F56D094FF00009DFF898A09AF8003040
:101CA0005FFA89F4A34203D8FF2435E00125F1E768
:101CB0001922FF2107A82EF0BAFD19232246194642
:101CC00007A826F063F99DF83480B8F1FF0F03D11F
:101CD00088211748FAF724FA3DB1082107A82DF00A
:101CE00002F9C8B109F10109D8E702A88DF8094045
:101CF000FFF76EFE08228346314607A82EF06DFDE1
:101D00005BEA0000EED118F0010FEBD0FF2F03D0FB
:101D100037B918F0800FE5D120460FB0BDE8F08F3D
:101D200037EA0808F7E70224F6E700BFF2230408C1
:101D30007C230408BC510020F0B5324B0D461B78C3
:101D400014468B4293B05AD980B11922002108A8B9
:101D50002EF06DFD00242C4B294643F82540192315
:101D600008AA184626F01BF9204618E002F11D06C5
:101D700030466A4604AB08A927F053FA88B13046CA
:101D800010F000FCC0B1FF27384608A9FFF714FF88
:101D90002288BDF8203053409A050DD4212013B07D
:101DA000F0BD30469DF8217010F0ECFB0028EBD11F
:101DB000FF2F01D0BD42E7D123889B0512D5D4F86F
:101DC0001D00716808AB03C326F012FF002814BF82
:101DD0000122032223889B1023F07F0313438DF8F5
:101DE0003830B7E704A819F06DF90028E7D00822C9
:101DF000304604A92EF0F1FC0028E0D1CEE72720E0
:101E0000CDE700BFBC510020F020002070B5134B7F
:101E100004461B780D468342164688B01CD9192308
:101E20000246194601A826F0B1F8192101A82DF0A3
:101E30005AF810B9292008B070BD9DF81C30214611
:101E400023EA060219231543184601AA8DF81C50EF
:101E500026F0A5F80020EEE72720ECE7BC51002093
:101E600038B50024054D2B78E0B2834201D800201C
:101E700038BD27F0BBFA0134F5E700BFBC510020A4
:101E80002DE9F04398461E4B81461B780E461746B7
:101E900085B0ABB9C6B91B4B18689B880190ADF8EB
:101EA0000830194B1C68A4B1184B1D788DB104EB98
:101EB000450534F8023B9F420ED0A542F9D103E01C
:101EC00027F075FA0028E5D10126304605B0BDE8B7
:101ED000F083032501ACEAE7B8F1000FF5D19DF8D6
:101EE0003430BDF8302047F4004101A82DF028FA25
:101EF0008D234846064A01A91BF0FAFEE5E700BF1C
:101F0000D3510020FA2304089C2C0020BA4700205B
:101F1000DF67040870B505461446F9B1F2B11668DA
:101F2000864204BF0F4B136012684B688A60DAB2B6
:101F300022B923F0FF0343F001034B6022462846F9
:101F400027F082FE60B9AE420AD1304627F063FD29
:101F500031462068BDE8704025F021BA6FF0860058
:101F600070BD00BFF000020010B50A46044619B16A
:101F7000024B00211B68984710BD00BFA84C0020F1
:101F80000E4B0340B3F1607F06D1B1F5885F14BFFB
:101F90006FF0860000207047B3F1707F0BD101F421
:101FA000E043B3F5005F06D111F4E06F0CBF6FF0B2
:101FB0008600002070476FF0860070470000C07FE9
:101FC0009142F8B506460C4600F01D8121F0FF0055
:101FD000B24988420CD122F0FF0383423CD114F075
:101FE000FF0334D0AE4943F000738B422FD10AE196
:101FF000AC4DA84216D0AC4B98420DD024F4FF73E0
:1020000023F00103B3F1062F06D0A84FB84203D046
:10201000A7F5A067BB4267D122F0FF038B422DD109
:102020000022F0E022F0FF038B42F9D0834227D157
:1020300084EA0203FF2BF3D89A4B984200F0FE800B
:102040009949884240F04C8114F0FF010FD112F001
:10205000FF0340F0E1801EE192498B4210D184EAF7
:102060000201FF29DCD814F0FF0100F0DC808C486D
:1020700041F00071814240F0EA80C4E0AB42D6E713
:10208000894DAB4200F09B8022F4FF7121F00101E9
:10209000B1F1062F06D0854FBB424AD005F5007539
:1020A000A94221D184EA0201FF29B9D87B4D24F449
:1020B000875121F01F01A94240F00E8114F0FF0169
:1020C000D5D179498B4200F0DD8022F4FF7121F0F7
:1020D0000101B1F1062F00F0D5807448834200F071
:1020E000D180734B9942B2D004F0FE45B5F1A06F98
:1020F0002AD102F0FE43B3F1A06F91D184EA02032A
:1021000033F47E138CD12504C4F30543C2F3054098
:1021100002F4004140F1F280002900F0EB8083429C
:1021200038BF034624F47E1242EA034242F40042DE
:1021300069E084EA0201FF2940F2998004F0FE453B
:10214000B5F1A06F3FF46CAFB5F1407F7FF468AF9D
:1021500002F0FE43B3F1407F7FF462AF84EA0203F2
:1021600033F47E157FF45CAF31462046FFF708FF5D
:1021700000287FF455AF14F47C1300F0C780C4F33B
:10218000054312F47C1504F4004C02F4004700F0FF
:10219000E280C2F30540BCF1000F00F01481054657
:1021A000002F00F00C819D4238BF1D462D0405F420
:1021B0007C1524F47E142C4344F4004223E084EA8A
:1021C0000201FF29BAD8354988421ED001F5805155
:1021D00088420FD0984240F0838014F0FF017FF4D2
:1021E00046AF31498B424DD112F0FF0314D104F0B8
:1021F000FE45A9E714F0FF033FF429AF284943F057
:1022000000738B4204D11046F8BD14F0FF03F5D1E2
:1022100012F0FF033FF404AF214943F000738B42F7
:102220007FF462AF08E012F0FF02ECD01C4B42F0EA
:1022300000729A427FF4F4AE2246E4E714F0FF0302
:102240000AD0174943F000738B42DCD0034615498E
:102250008B427FF436AF15E012F0FF02D3D0104B63
:1022600042F0007199420CBF22460022CBE70B4995
:1022700088421FD114F0FF0304D0094943F00073D2
:102280008B42C0D012F0FF03C6D104F0FE45B5F179
:10229000A06F7FF459AF1A46B5E700BF00030006F0
:1022A000FF000002001300060002000600090006FD
:1022B0000004000645498842DCD0A8428DD0444D38
:1022C00024F47F7121F00301A94201D09842BED1CC
:1022D00014F0FF01BBD0CAE63E4988423FF4EEAE9F
:1022E0003B4D24F47F7121F00301A942F0D03A491B
:1022F0008842ECE7834288BF002284E700293FF44C
:102300008FAE83422CBF224600227CE73349214016
:10231000B1F1607F0ED13248E1B241F000718142EB
:1023200017D001F17E4104390F293FF62AAF2D4B1A
:102330005B5C26E7B1F1707F7FF423AF06F4E041E8
:10234000B1F5005F7FF41DAF0123C6F302218B407E
:1023500017E7102315E721491140B1F1607F1FD124
:102360001F48D1B241F00071814226D001F17E4177
:1023700004390F2911D93846BCF1000F7FF410AF92
:10238000002F7FF459AF83427FF44AAE1B0403F45D
:102390007C1324F47E121A4335E71348405CFAE6B6
:1023A000B1F1707FE7D106F4E041B1F5005FE2D111
:1023B0000120C6F30226B040EDE61020EBE6AB426A
:1023C00088BF00221FE7002FDDD09AE70013000628
:1023D0000004000600020006000900060000C07F9D
:1023E0000300000200240408002404088A42F8B50F
:1023F00006460C4600F0DB806F4922F4FF7323F0A1
:1024000001038B420ED06D4B22F0FF01994209D09F
:102410006B4822F47F7323F00303834202D0694B9D
:10242000994228D1684B24F0FF0199420FD114F052
:10243000FF000BD0654B40F00070984240F0B9802F
:1024400082EA0400FF288CBF00200120F8BD5B4B0E
:102450009942ECD0A3F588539942E8D024F4FF7355
:1024600023F00103B3F1062FE1D056488142DED0BC
:1024700053498B42DBD004F0FE43B3F1A06F14D17B
:1024800002F0FE43B3F1A06F40F0938082EA0403B0
:1024900033F47E1340F08D8014F40040D6D0C4F3A2
:1024A0000540C2F305429042CDE7B3F1407F6AD1C7
:1024B00002F0FE43B3F1407F7BD182EA040535F49C
:1024C0007E1576D131462046FFF75AFD002870D19F
:1024D0003F4B12F47C1703EA02031BD0B3F1607F79
:1024E000C2F305473FD13B49D3B243F000738B425F
:1024F0003DD003F17E43043B0F2B01D83649CD5C20
:1025000014F47C1FC4F3054333D1BD4214BF002033
:1025100001209BE7B3F1607F0DD12E49D3B243F088
:1025200000738B421DD003F17E43043B0F2BDAD89E
:102530002A49CF5CD7E7B3F1707FE1D106F4E043DD
:10254000B3F5005F03D10127C6F302239F4006F4D1
:10255000E043B3F5005FD3D10125C6F302218D40DE
:10256000CEE71027BFE7B3F1707FC9D1EFE71025A1
:10257000C6E712F47C1F01D1AB4218D022047FF5CC
:1025800065AFBB425FE7B3F1106F12D124F01F605B
:1025900020F4702068B902F0FE43B3F1106F7FF4AD
:1025A00055AF0F48104040F01060A042AEE7012048
:1025B0004CE700204AE700BF0002000600130006B7
:1025C000000400060009000600030006FF000002E8
:1025D0000000C07F03000002002404080024040857
:1025E0000000FFF6074B20F47E10984206D1073911
:1025F000072934BF00206FF0860070476FF0850018
:10260000704700BF0001400500F0FE43B3F1A06F2A
:102610003FD1214B20F0FF029A4203D110F0FF007E
:1026200027D170471D4B9A4220D0A3F588539A4278
:1026300018D020F4FF7323F00103B3F1062F0DD05F
:1026400017498A4206D0174A93421BD110F0FF0067
:102650000FD1704710F0FF000BD1704710F0FF0052
:1026600007D1704710F0FF0003D1704710F0FF0052
:1026700011D00D4B40F00070984214BF00206FF055
:102680008600704710F4004F0CBF00206FF08600EA
:1026900070476FF0860070470003000600130006C5
:1026A0000009000600040006FF0000022DE9F843BF
:1026B0001746002288461C4600F0BCFA054688BB37
:1026C000D8F80060B6F8009009F4E043B3F5804F05
:1026D000F36808BF27F0010737EA03031AD10CB3E8
:1026E000254B24F0FF029A421FD114F0FF0304D0BF
:1026F000224A43F00073934232D022464846316961
:10270000FFF774FE074668B9224648467169FFF72D
:102710006DFE70BB6FF0840500233046C8F80030B2
:1027200027F0DEFD2846BDE8F883154B9A42DCD041
:10273000A3F588539A42D8D024F4FF7323F0010301
:10274000B3F1062FD1D00F498A42CED00E4A934220
:10275000CBD004F0FE43B3F1407F04D12304CCD5A9
:102760006FF08605D8E7B3F1A06FF7D0034B9C421A
:10277000C2E73D46D6E700BF00030006FF000002A7
:102780000013000600090006000400062DE9F047CA
:102790001D460023164601F0FE4290B0B2F1806F54
:1027A0000C46DDE918891A9F069305D0184627F0D4
:1027B00097FD6FF0860A0AE00B464FF4007206A9F7
:1027C000FFF774FF824628B1069827F089FD0023A1
:1027D0003B6074E0DDF818C00DF11C0EE246CDE957
:1027E0000E00BAE80F00AEE80F009AE807008EE886
:1027F00007003E49BCF800308C4203F4E0420AD1A5
:10280000B2F5005F2AD10120C3F302229040A84212
:102810000CD96046CBE7B2F5005F21D042F204024A
:10282000934234D1324B9C4231D125E07AB1314AC6
:1028300030498C4229D030498C4226D0A1F53F4105
:102840008A4222D042F20402934204D111E042F2C1
:102850000402934202D1254B9C4218D10D2014E072
:1028600013F4E06FC3F3022208D142F20402934250
:102870000DD11F4B9C42EED10C2006E001201F49D8
:10288000904024F480728A42D2D1A842C1D8DCE9B7
:102890000912089B1B0A16D0012BBAD12346CDE999
:1028A0000397CDE90158009607A825F01EF80446C5
:1028B000069827F015FD8246ACB9002887D150460E
:1028C00010B0BDE8F0872346CDE90397CDE9015864
:1028D000009607A825F011F810F1860F0446E7D1FD
:1028E000069827F0FDFCA24671E700BF0013C00464
:1028F000000180040012C00400FF40040010C00466
:1029000037B50B4D0C462B787BB100230A4601935B
:10291000014601AB281D24F08EFD20B9019BA34286
:1029200018BF6FF0930003B030BD6FF08800FAE776
:10293000A02C00202DE9F04F9B460023924601F089
:10294000FE4297B0B2F1806F0E46DDE92089229FEA
:10295000089305D0184627F0C3FC6FF086043CE0CE
:102960000B464FF4807208A9FFF7A0FE044618B189
:10297000089827F0B5FC30E0DDF820C00DAC6546C6
:10298000CDE914000FCD0FC495E80700BCF8003066
:1029900084E8070003F4E042B2F5005F1FD113F4AE
:1029A000E06FC3F302211AD0414826F480728242BC
:1029B0000AD000F50070864206D03E48864203D019
:1029C000A0F53F4082420AD101258D40102D11D93A
:1029D000604627F085FC6FF08304002563E042F237
:1029E0000402934202D1344B9E420BD0334B9E42A1
:1029F00023D10D25A94507D2604627F071FC6FF061
:102A00008904EAE70C25F5E7294609A8FFF778FFCE
:102A100004460028ACD1DDF820C0DCE90912B8F189
:102A2000000F0CD008EB05000E9CA9EB0503240A4F
:102A300007D0012C1AD060468DE70025EBE7404611
:102A4000F2E7CDE9053709ABCDE903B00093CDE955
:102A5000015A33460DA824F04EFF10F1860F0646AA
:102A600011D1089827F03CFC3446B6E7CDE905378C
:102A700009ABCDE903B00093CDE9015A33460DA867
:102A800024F031FF0646089827F02AFC0446002E61
:102A9000EAD10028A1D125B12A46404609A92DF046
:102AA000D8FE3B681D4420463D6017B0BDE8F08F5E
:102AB0000010C00400FF4004000180040013C004A3
:102AC00008B500F065F8064B5A7812B10022C3E948
:102AD0000122BDE808400C210148FFF745BA00BFBC
:102AE000A02C002070B50E4D2B7893B924F098FCE3
:102AF000044688B924F09DFC044668B902230126E7
:102B0000C5E90100AE706B7000F03AF8044618B9E0
:102B10002E700024204670BDFFF7D2FFFAE700BFF9
:102B2000A02C002000F100422532242A38B50446AA
:102B30000D4609D82C21114B01FB02339A688242C1
:102B400015D06FF08B0038BD012127F07BFB88B1D9
:102B50000A48002203468168A14205D00132252A95
:102B600000F12C00F7D1ECE72C2101FB023300200F
:102B70002B60E8E76FF08700E5E700BFAC2C002092
:102B80000122024B002083F85C267047AC2C002009
:102B900070B5094C002526460421204627F063FB2A
:102BA0000135204626F0F1FE252D04F12C04F3D149
:102BB000002386F85C3670BDAC2C0020F8B51B4CA9
:102BC000064694F85C360F464BB30025234629464B
:102BD00093F820001A46B8B125B91A7912B1022823
:102BE00008BF1D460131252903F12C03F0D115B989
:102BF0006FF08C0015E00421284627F034FB68B9FB
:102C0000284626F0C2FE2A460020094B141BA410B9
:102C10005C4304F10044253C34603A60F8BD6FF039
:102C2000880000233B603360F8E700BFAC2C002035
:102C3000A38B2EBA2DE9FF4100230B60394B804650
:102C400093F85C360D461646002B68D0FFF76AFFF6
:102C50000446A0B92EB9286804B0BDE8F04127F0B9
:102C60002CBB012E04D00024204604B0BDE8F08126
:102C70000521286804B0BDE8F04127F0F4BA10F14E
:102C80008C0FF1D1294601A8FFF798FF04460028D0
:102C9000EAD101232F68CDE90200C7F80880384641
:102CA0007B6003AA02A927F0C6FB044688B1DDE9D0
:102CB000020127F0BEFB2D680421284627F0D3FA35
:102CC000284626F062FE14F18C0F08BF6FF08704CF
:102CD000CAE7DDE90212384626F0DAFD0446DDE9EE
:102CE000020127F0A6FB002CE5D10221384627F08F
:102CF000BAFA04460028DED12868C368D90444BF64
:102D000043F48063C360C3689A0444BF43F4006320
:102D1000C360002EA0D0012EA5D10521AAE76FF037
:102D20008804A1E7AC2C002030B40D4D2C681C6049
:102D30006C685C6000249C605468DC6014881C82B1
:102D400054885C82D4685C6114699C61526930BCAF
:102D5000DA6119620A46014603F124002DF079BDBB
:102D6000102404082DE9F843232904460F46914610
:102D70009846089E04D86FF098052846BDE8F88369
:102D8000082219492DF029FD05460028F3D1A36832
:102D9000002BF0D1216A243F8F42C8F80010EAD3FB
:102DA000B1F5005FE7D271B9C9F80000E36873605C
:102DB000238A3380638A73806369F360A369336114
:102DC000E3697361D9E7012025F0A2F9C9F8000091
:102DD00030B1D8F8002004F124012DF03AFDE5E7E8
:102DE0006FF08C05C9E700BF102404082DE9F04FEF
:102DF0009B4691B00B1E0A93AD4B904614BF814683
:102E0000994600241A9E9BF8000070B9444538BFCB
:102E1000224643464FF000000A9928BF08F1FF32CE
:102E2000C847204611B0BDE8F08F25280BF1010BF3
:102E300006D0224643460A99651CC8472C46E2E75D
:102E400000230DE02D2A2AD0302A06D0303A092A54
:102E50004FF0000711D80A2532E043F001038B46FA
:102E6000594611F8012B2B2A1CD0EBD8202A1CD054
:102E7000232A1DD02A2A2BD000279BF800202E2A97
:102E800064D19BF801100BF10102A1F13000092877
:102E900043F4806351D800254FF00A0C26E043F03C
:102EA0000203DCE743F00403D9E743F00803D6E765
:102EB00043F01003D3E78B4605FB0722A2F130074E
:102EC000594611F8012BA2F130000928F3D9D4E7B3
:102ED00056F8047B8B46002FBCBF43F002037F42B1
:102EE000CBE702460CFB0511A1F13005104610F8A6
:102EF000011BA1F1300EBEF1090FF2D9114611F8F4
:102F0000010B6C282CD024D8682830D06A2837D000
:102F100011468B461BF8010B672875D857284BD8EC
:102F2000452807D085D9462800F03181472880D12F
:102F300043F4006343F020033FE12A2907D156F808
:102F4000045B0BF1020225EAE575D7E75A46002536
:102F5000D4E7742801D07A28DAD143F48073D8E713
:102F600050786C28F9D143F44073911CD1E7507824
:102F7000682802D043F08003CBE743F0C003F4E7B6
:102F800043F40073C5E70A2A00F06281072A7FF440
:102F900050AF43F0210305930823CDE903531023D9
:102FA000CDE9011356F8043B2246009348464346B8
:102FB0000A9927F073FBFAE0A0F158020F2A3FF6B6
:102FC00038AF01A151F822F039300108332E010841
:102FD000332E0108332E0108332E0108332E010849
:102FE000332E0108332E0108332E0108332E010839
:102FF00039300108D931010839300108B3310108ED
:1030000093310108B3310108A0F16902D2B20F2A4D
:103010003FF60FAF012149F2410C914011EA0C013A
:10302000B1D0782803F4806122D1002900F090808B
:1030300023F00D02102307E0622803F4806220D100
:1030400042BB23F00C02022312F4007100F08380D3
:10305000CDE907720022CDE9043206F1070A2AF011
:10306000070A06950292FAE80223CDE900233DE023
:103070006F2812D123F00C0209B123F00D020823AE
:10308000E2E7582816D1002A39D123F00C0242F089
:103090002002CFE723F00D02D5E7692823F01002C4
:1030A00030D023F01C0209B123F01D020A23CBE724
:1030B000DBA4030842BB23F01002930527D5073693
:1030C00026F00706B24671685AF8083B0A26CDE991
:1030D00007720027CA0F0029CDE9046706950292FE
:1030E00002DA5B4261EB4101CDE900314346224601
:1030F00048460A9927F015FB0446564683E623F016
:103100000D02C4E70029D8D023F01102D5E7D0057D
:1031100006F1040A01D5336802E0510613D533786D
:10312000CDE904720A22002B02924FEAD372039572
:103130000192B8BF5B4200934346224648460A9933
:1031400027F0ACFAD8E71306E5D5B6F90030E7E783
:1031500023F00C026EE7D00506F1040A06D5CDE98E
:103160000472CDE9023501913368E4E7510608D5D0
:103170003178CDE902350023CDE90472CDE90013A1
:10318000DAE7316812F0800F18BF89B2F1E743F037
:103190002003CDE90173073626F007060095B6EC4B
:1031A000020B4346224648460A99F3F779FA044649
:1031B00029E6672801D143F40063CDE9017307369E
:1031C00026F007060095B6EC020B43462246484619
:1031D0000A99F3F7A9F8EAE713F0020523D04FF0B4
:1031E000010A631C0B93224643460A9916F8040B06
:1031F000C8475DB354460B9A1EE0434620200A9907
:10320000C8470AEB04020AF1010A5745F5D8002F16
:1032100007F1FF3308BF002307F1010A1C4408BF70
:103220004FF0020ADDE7AA46EBE7551C4346202093
:103230000A99C8472A460134BC42F6D3A7EB0A03D1
:10324000574538BF00230B9A1A440B920B9CDAE5C2
:103250003246002D52F8046B14BF29464FF0FF315F
:103260000B9232463144107808B18A4211D1A2EB58
:10327000060A13F480620C9202D0AA4528BFAA461F
:1032800013F002030D931BD1AAEB040322460F9304
:1032900008E00132E7E7531C0E93202043460A99C9
:1032A000C8470E9A0F9BD3189F42F4D8A7EB0A0386
:1032B000574538BF00230AF101021C4403EB020A00
:1032C000A31B0E9304E01D46434622460A99C847B5
:1032D0000E9BF41816F8010B28B10C9B002BF3D0B1
:1032E0006B1E002DEFD10D9B93B12246AAEB040576
:1032F00005E0561C434620200A99C8473246531918
:103300009F42F6D8A7EB0A03574538BF00231C4459
:103310000B9E78E50FB41FB506AA52F8043B02A92C
:103320000392009204484FF0FF32FFF75FFD05B0B3
:103330005DF804EB04B07047C1A703081FB503464E
:1033400000914FF0FF3203A90248FFF74FFD05B08F
:103350005DF804FBC1A703081FB5CDE90201009386
:1033600002A9134603484FF0FF32FFF73FFD05B0B7
:103370005DF804FBC9A7030808B5154B4FF4E472C8
:10338000002118462DF053FA0922034602614261DA
:103390001048114A98614FF48061DA610022196285
:1033A0009A625A62DA62C3F8F0000C48C3F8F4007B
:1033B000C3F8F8100A49C3F80021C3F8FC20C3F889
:1033C000042111F8010D98540132102AF9D108BDD9
:1033D000005C0020802404080058002000540020D5
:1033E000992404082DE9F84FDFF88880824698F880
:1033F00000308946532B164601D0FFF7BDFF182732
:1034000007FB0A87D7F80051D7F8FCB05D452FD9E4
:10341000D7F8F840D7F8F410641BB44228BF3446FC
:103420004846294422462DF014FAD7F8F8302544AE
:10343000AB4208BF0025A144361BABEB050B5E4534
:1034400028BF5E465EB1182303FB0A83D3F8F4104D
:103450003246294448462DF0FCF93444354424B121
:10346000182303FB0A88C8F800512046BDE8F88FEE
:103470000024E2E7005C00202DE9F843174E1F46C8
:1034800033780546532B8946904601D0FFF774FFE9
:10349000082D1FD8EFF311824FF0200181F311881E
:1034A0006DB11824002304FB0564C4F8F090C4F83F
:1034B000F480C4F8F870C4F80031C4F8FC30182364
:1034C00003FB0566089BC6F8043182F311880020CF
:1034D000BDE8F8834FF0FF30FAE700BF005C002042
:1034E0002DE9F04F144687B09B46C36B06460D4648
:1034F0005B69012202A960689847F36B012203A966
:103500005B692846984702A827F03CFD074648B16A
:103510000023A37563754FF0FF33A360002007B04D
:10352000BDE8F08F03A827F03AFD0123A375237EA1
:1035300004EBC303DD611F846368AB420ED12060DE
:1035400003A827F04EFD4FF0FF332075A360237DC5
:10355000043B022B25D80023A375DFE723681A1A42
:1035600003A853425341A37527F03BFD237D8342BB
:1035700003A818BFA77527F016FD074602A827F075
:1035800012FD874203A81CBF0023A37527F013FD7B
:10359000074602A827F00FFD87421CBF0023A37532
:1035A000D5E703A827F0FFFC80B1F36B022204A942
:1035B00028465B69984704A827F004FD0346207D50
:1035C000032839D8DFE800F03838040903A8F3E706
:1035D000237ECC2204EBC3031A8401F07FFC109BF2
:1035E000187003A8277E27F0D2FC04EBC70787F8E2
:1035F000220003A8237E04EBC303B3F8209093F8C2
:10360000227027F0D0FC804603A827F0D4FC824625
:10361000B8F1000F15D0F36B022204A928465B69AC
:10362000984704A827F093FC6075637D6BB900236D
:10363000A3754FF0000838E0227E04EBC202138429
:10364000CBE703A827F06EFCEEE794F81680B8F1FC
:10365000000FEED0B9F1000F09D1DFB10123627E76
:10366000E375002A44D19F4218D1677614E0736C49
:1036700005EB0A02594285EA020008421CBF0021FC
:10368000A175591E0A409B1A9945D0D8A37D002BDD
:10369000E3D1CEE7E37D43B94FF000084B465246F5
:1036A0002946304627F0EAF9A060A27D12B12369CD
:1036B0004B4423611349237E097899421ED9013373
:1036C0002376BBF1000F1BD0D2B1E37DC3B1B8F1BB
:1036D000000F15D1032F13D0A1684B1C10D0109BE5
:1036E0002246304600930123FFF7FAFEA07507E05B
:1036F000012FDAD0032F08BFA376CDE70023A375EF
:10370000A07D0CE7600904082DE9F04F0E468BB050
:103710009846002304464FF0FF31104617468DF8B7
:10372000133001F0C5FBB6F5801F3BD3B21C53D15B
:10373000E56A6B1C57D1616A204627F0E5F805461B
:10374000B31CDFF8189118BF01230193636A05A920
:10375000626C4FF0000B0293236802FB053AE36BA7
:1037600005225B695046984705A827F0C4FC27F05E
:10377000E7FC504627F0EFFC824601464B1C05D083
:10378000636C81EA0A025B42134232D0294620462A
:1037900027F0BAF8029BAB424DD0BBF1000F4DD1E0
:1037A0000546D3E7314605AA04F1080027F0A0FB3F
:1037B0000146481C10D0384601F07AFB0DF1130386
:1037C00001223946204627F0D5F928B19DF813305B
:1037D00088F80030002003E0237C002BA8D11D488E
:1037E0000BB0BDE8F08F2368ED1A636CB5FBF3F501
:1037F000A6E7484601F05CFB0DF11303019A494628
:10380000204627F0B7F9034690B1B21C03D0D9F88F
:103810000020B2420CD19DF813204946039338464C
:103820000D4B88F800201A682DF013F8039B9B4677
:10383000D9F80810A2E7BBF1000FD0D0B6F5801F71
:10384000C8D298F8003031467A6804F1080001F0D7
:1038500073FABFE70BE000F05C090408001F0020CA
:103860002DE9F3410E46044617469846816A194DE4
:10387000E36A8B422AD04B1C18E0284601F018FB63
:103880000DF1070301222946204627F073F930B1D4
:1038900043469DF8072029462046B847B0B1A9689D
:1038A0004A1C05D0012E0AD0E36A9942E5D10DE009
:1038B0006968204627F0B5F8012E0146D8D16B681B
:1038C00081EA0302636C5B421A42D1D002B0BDE8C8
:1038D000F08100BFD41E00202DE9F041036B90461B
:1038E000826B90B007680E469A42426C01A904466A
:1038F00088BF8363436A02FB0377C36B05225B695E
:103900003846984701A827F0F6FB01280146307099
:1039100056D0656C06A9E26B2368606AD2F814C0C1
:10392000052205FB00300025E04706A827F0E3FB51
:10393000012823D001218DF834800E958DF83C109C
:10394000D4E90A32CDE90B4593422AD119462046E3
:1039500027F067F8236B626C1433E0629B1A2363D1
:103960000C9B53B99DF83C303BB1626A616C236893
:10397000E06B01FB023127F076FB0C9DE36B052227
:1039800001A938465B69984701A827F0B4FB30705D
:10399000236B2846A26B9A4288BFA36310B0BDE890
:1039A000F081237C33B90BAA1C4904F1080001F013
:1039B00013FAD5E70BAB1A4A2046FFF751FFCFE7C2
:1039C000237C23BB2246174904F1080001F004FAC6
:1039D000616A204626F0B9FF616A421C204626F043
:1039E00082FF054620B9236B626C1344143B2363AA
:1039F000A16A204627F015F82368A062C01A636CFC
:103A0000B0FBF3F06062204627F04FF8B6E70023E2
:103A1000054A2046FFF724FFDAE700BFD943010833
:103A200055430108FDAB030899AB030873B50D4678
:103A3000D11E1C461B7E4A424A419A4226D1296821
:103A40002368994222D3636899421FD8114E0DF121
:103A500007033246FFF758FEC0B972686B689A4296
:103A600014D19DF80730DA1E53425341227E93420F
:103A70000CD1636901336361D4E90323934205D216
:103A80002968A26842F8231001332361012002B0A3
:103A900070BD00BF2C1F00202DE9F04F8BB09A465F
:103AA000DFF854B180469DF850300D46164602931B
:103AB000DBF810305345C0F09880DBF80430D14675
:103AC0000193B9F1000F00F08C80D8F83C3001224E
:103AD00007A901985B69984707A827F060FADBF807
:103AE0000030984240F0848007A827F064FA042848
:103AF000074614D107A827F065FA019B029A0446ED
:103B00003B44002A3ED1864212D9361A1446019906
:103B1000404626F086FFA9EB04090190D1E7D8F8CA
:103B20003C30022208A901985B69984708A8E2E79F
:103B3000841B9F19544528BF5446032CAAEB040A42
:103B40004FEA94021CD9D8F83C302946384604F094
:103B500003065B69984724F003031F441D44002EAD
:103B6000D5D0D8F83C30012208A938465B6998477F
:103B70003246284608A935442CF06BFE0026C6E7DD
:103B80002646ECE700F003020344074603922A1896
:103B900005930492049BDD1B059BD81B039B9F424E
:103BA0000FD1002FB3D0D8F83C30012208A95B69AF
:103BB00098473A4608A928462CF00FFE78B93D44AC
:103BC000A5E7D8F83C30012208A95B699847042290
:103BD00008A928462CF001FE08B9043FDAE7DFF80F
:103BE0001C9048460BB0BDE8F08FDFF81490F8E762
:103BF000DFF81090F5E700BF581F002012E000F03A
:103C000011E000F022E000F02DE9F0410F4688B00D
:103C100016469846044660B390F83450FDB1012131
:103C200026F037FE0E9B0021CDF804800496CDE9E6
:103C300002379DF83C308DF81C30237CCDE905110E
:103C40008BB901AA0C4904F1080001F0C5F8E06B3A
:103C5000DDE90553002E08BF1D4626F0DDFF28468E
:103C600008B0BDE8F08101AB044A2046FFF7F8FD3B
:103C7000EDE70546F3E700BFC7AB03082D3A01089F
:103C80007FB590F8426004460DF10B030192304677
:103C90000A46124926F0C8FF012E0546E36B19D1EA
:103CA0005B69324603A998479DF80B10039B019A64
:103CB00059B19BB243EA024303930122E36B03A988
:103CC00028469B69984704B070BD1B0C92B21B0438
:103CD0001343F1E79B69012201A9F3E7581F002074
:103CE0002DE9F04F99B00F46044609920A69416CDC
:103CF0000E93D31D1439B3FBF1F3013302EBC3026E
:103D0000036B9342C0F00F820023DFF824940D93DD
:103D1000E36A48461946079301F0CAF8D7E9033623
:103D200004930E9B022B4ED1CC2E40F08C81099B2C
:103D3000002B42D03946204626F0CCFF656C079A0E
:103D40006B1E14901340ED1AE36B012216A97868DC
:103D50005B69984716A827F026F900280CBF0423B2
:103D60000823782E06933FD9012300254FF0080A37
:103D700005933B6805990E98C9F80030C9F81060A2
:103D800027F033F94FEA9A03DDF81CB089F81400E4
:103D9000109300230B930F9308930C93616C4A1EAE
:103DA0000BEA02028B1A002E3AD05544AB4242D89D
:103DB000236B5B1A13442363ADE0049B1B681493CD
:103DC00008230693D0E7656C782E079A05F1FF3338
:103DD00003EA0203A5EB030516D8FB7D7BB9099B1B
:103DE000002BB1D104230693331DAB4210D9A6B1E9
:103DF000082DB9D804250023AA460593B9E7099BE5
:103E0000002BA1D10823EEE7099B002B9CD1D7E71B
:103E1000002505954FF0040AABE704250596F9E760
:103E20005345C5D30BEB0A03B0460393089B002B05
:103E300018BF032313E0A3EB0A03B0460BEB0A02FF
:103E40009E42039228BF98469E42EFD9D9F810208F
:103E50000123964289F8173071D1C9F804B008934C
:103E600099F81730002B6CD099F818200899D31CBA
:103E7000013209EBC30389F81820C3F804B0A3F892
:103E800008809972B8F1000F14D00E9B022B5BD101
:103E90000B9B7BB90F9B4344032B0BD9E36B012294
:103EA00014A903989B6998470546002840F03D8176
:103EB00001230B93089B16A80193059B009343468F
:103EC00099F81420396800F0A9FFE36B109A16A93D
:103ED0009B6958469847051E0D9B18BF5B46524686
:103EE0000D9359464346204626F0C8FD236B08F142
:103EF0000302C9F80800A3EB0A0322F003029B1A8D
:103F00002363002D40F011810F9BA6EB0806DDF81E
:103F10000CB043440F935946204626F082FD0025FD
:103F20008346002E7FF43AAF814A04F108003968D5
:103F300093685268E3620E9B00F0FEFEDEE002230F
:103F40008DE7C9F804B09DE7099B002B30D1049B95
:103F5000B8F1030F43440A9327D9E36B4FEA980261
:103F60009B69DDE9030198470546002865D118F0F3
:103F700003025FD028F00305049B2B440493039BAA
:103F80001D444FF0FF33049915A815932CF061FCE4
:103F9000E36B2846012215A99B6998470A9B0546B1
:103FA0000493002D86D0039B99E7039D4246E8E7E2
:103FB000039B0A9307F120031193FB7D78689BB163
:103FC0003D7E00230C9AD9B28D4211D9119903F18B
:103FD000010C31F83310914226D907EBC30306993F
:103FE000D8690A44104403E00C9B069A1344184411
:103FF000E36B012215A95B699847159B012213A960
:1040000013930C9B0A9804330C93E36B9B699847BA
:10401000039B0A9A054643449B1A042B07D978B997
:10402000134604330A93C8E7521A6346CBE70A9B48
:104030000393B6E70A9B04933CE70A9B0493B2E719
:104040000A9B0393AFE73B4E04F1080303932368F5
:10405000079A606CA2EB030ABAFBF0FA00FB0A3085
:1040600027F079F8E16A8046204626F0DAFCA26A59
:1040700082424AD0626CD9F80830511E2568E0624D
:104080000B40216B891A0B4423630D9B5D1BB5FB11
:10409000F2F5AA4536D1079BB3EB080A12D0E36BC1
:1040A0004FEA9A0241469B699847E36A079A83461A
:1040B00053440398DA46E362236B9B1A4344236319
:1040C00026F0E7FE2368616CE06B01FB053126F00A
:1040D000B7FF204626F0E8FB204626F0E6FC2063EA
:1040E000BAF1000F11D03A69616CD31D1439B3FBDA
:1040F000F1F3013302EBC3029042A8D2304619B06B
:10410000BDE8F08F4FF0000ADCE73A69616CD31D1F
:104110001439B3FBF1F3013302EBC302236B934277
:10412000BFF4F6ADEAE7044EE8E72E468CE700BFA1
:10413000001F002023E000F006E000F02DE9F34727
:104140001E46436904468846B34217469DF82890A8
:104150003DD300258DF80750D4F830A0204626F036
:104160006FFB82450AD2236AB5EB430F06D20022C9
:104170000DF107012046FFF7AFFB30B39DF8073084
:10418000012B05D100220DF107012046FFF7A4FB0A
:10419000B9F1030F06D0256B3146204626F03BFBD4
:1041A000854218D30D4D4FF0FF31284600F080FEB8
:1041B0004B46002229462046C5F80080C5E9037613
:1041C00002B0BDE8F047FFF78BBD0135C4E70448F6
:1041D00002B0BDE8F0870348FAE700BF2C1F0020BB
:1041E0000FE000F006E000F02DE9F04790F84260A3
:1041F00086B005468F1A012E039115D1B7F5807F41
:104200004FF0640828BF03260024DFF844A14FF6CE
:10421000FF7995F84230012B14BF322364239C426E
:104220000AD35FFA88F415E0B7F5803F4FF0320803
:1042300034BF01260226E7E705AB22465146284651
:1042400026F026FD95F84230012B059B34D14B45D5
:104250002DD1E4B295F84230012B0CBF64223222FA
:10426000121BB24217D3012E39D10022012B059720
:104270008DF8132027D1082205A90DF1130026F08F
:10428000C1FE9DF81330059A42EA032221462846D2
:10429000FFF7F6FC40B102232D4903AA28460093FC
:1042A000CC230968FFF74AFF06B0BDE8F087DBB210
:1042B00003B902340134ACE7591CCAD09BB2002BBD
:1042C000F8D10134F6E7102205A90DF1130026F00C
:1042D00099FE9DF81330059A42EA0342D6E7039A05
:1042E000012B059223D10823202205A90DF11300EB
:1042F0008DF8133026F086FE9DF813201202214619
:104300002846FFF7BDFC95F84230611C012BC9B26D
:104310001AD10028BFD1BDF814202846FFF7B0FC01
:104320000028B8D10234BDF81620E1B2AFE710235F
:10433000202205A90DF113008DF8133026F062FE3E
:104340009DF813201204DAE70028A4D1059A9EE70D
:10435000581F0020032A2DE9F34106460D46174653
:104360001C4606D1237A012B23D0012002B0BDE8E0
:10437000F081DFF860800DF1070309684246FFF71E
:10438000C3F960600028EDD19DF80720237A032A45
:10439000E8D0D8F804106A689142E3D1012B29696A
:1043A000D4F80CC007D10CEB01037269934202D917
:1043B0002074207CDAE708313B4601223046614414
:1043C000E1602946FFF78CFC60600028CAD000201D
:1043D000CCE700BF2C1F00202DE9F341089C032AE5
:1043E0001746266806D1237A012B24D0012002B07B
:1043F000BDE8F081DFF890800DF1070330464246BA
:10440000FFF782F960600028EDD12568D8F8040034
:10441000A96AD5F844C04840227ACCF1000318407C
:10442000E1D1012A09D1E268D8F810301344726949
:10443000934202D92074207CD9E72868EB6A1B1AC2
:10444000081AB3FBFCF3B0FBFCF083420BD1706C99
:10445000F36A421E1340326B121A28461344336328
:1044600026F0DFFAE862D8F81020E368083206493F
:10447000206813440122E3603B46FFF731FC606093
:104480000028B0D00020B2E72C1F00202DE9F04F0B
:104490004FF0FF334FF6FF72002500F10806044687
:1044A00087B0C3620F4605620563C0E90923304641
:1044B00026F0EFFC204626F0F7F928BB20463946C7
:1044C00026F072FA204626F0EFF928BB8A4D2046E6
:1044D00026F01EFBECE0E26B01A92368606CD2F8C9
:1044E00014C0052200FB0530E04701A826F003FEBA
:1044F000012828D12946204626F027FA421C2946C1
:10450000204626F0F0F90135E3699D42E3D32046C9
:1045100026F0CAF90028D1D000254FF0FF394FF618
:10452000FF73CA46A846C4E90853E369984514D303
:10453000A5EB0905012D37D8636A4FF6FF72934248
:1045400047D16E4DC3E726F000FE0028DBD0294698
:10455000204626F0FAF90246D1E7236801A9E26B6A
:10456000606C5769052200FB0830B84701A826F0A7
:10457000C2FD834601A826F095FD0746584626F061
:10458000DFFD70B15745236ABA4638BFC4F82480AE
:10459000B94503F1010328BFB946BD42236238BFC4
:1045A0003D4608F10108C0E74FF6FF73002563623E
:1045B000E3699D42C0D2676C0522206801A9E36BC4
:1045C00007FB050001355B69984701A826F06AFDE5
:1045D000EEE7E26B01A9676C20685569052207FBCD
:1045E0000300A84701A826F05DFD626A2368606C9D
:1045F000434D00FB023026F0AEFD4FF0FF33A062CA
:104600002A46E3626FF001010DF103032046FFF734
:104610007BF8002850D1AD6829462046E56226F097
:104620001FF9206320B9E16A204626F0FAF9E0621A
:104630002946204626F0F5F90546A36A9D423DD15C
:1046400065692046626CE91C143AB1FBF2F105EB96
:10465000C1050335B5FBF2F5023526F059FA80465F
:10466000A8423DD2616A204626F04EF90027064650
:1046700004F1400A474512D3626C01A9236802FB8A
:104680000639E36B05225B694846984701A826F086
:1046900009FD534602464946E06B26F05EFD0137B0
:1046A0003146204626F030F9AF420646E2D3154D9A
:1046B000284607B0BDE8F08FA56AADE72946204639
:1046C00026F0CEF8236B0746294603442046236391
:1046D00026F0A7F90546002FAFD1C4E90B07ACE7D8
:1046E0003046002526F0D5FB0023074A2046194610
:1046F000FFF7B6F8EBE600BF03E000F016E000F0CD
:104700002C1F002013E000F063AB0308634A002372
:104710002DE9F04117680E460446136018B9604D44
:104720002846BDE8F08190F834500DB3096802685E
:10473000914240F0AA8071684268914240F0A580A1
:10474000B1688268914240F0A080F168C2689142ED
:1047500040F09B8031694269914240F09680B16996
:10476000C26B914240F0918072691D468261D7E729
:1047700050222946D0F838802CF059F8336804F1DB
:104780000800C4F83880236073686360336963612C
:104790007369D6E90212A36126F08DFBB36904F1B7
:1047A0004000E3639B68984794F8432020B1E5619B
:1047B000002AB4D03B4DB3E7656C002DF7D0666896
:1047C000B6FBF5F3E361002AA9D0B542F2D822681E
:1047D000B2FBF5F105FB1122002A58D105FB13634A
:1047E000002B54D1204626F02BF8A3690433034450
:1047F0009E424ED3636940F63472CC3B93424AD812
:10480000B5F5007FD6D30321204626F042F8E36BAE
:10481000D4E900011B689847E36B05460220DB687A
:1048200098471DB1002384F834301EE039462046F5
:10483000FFF72CFE1C4B0546984204D13946204612
:10484000FFF724FE0546636C143B002DEAD1226A73
:10485000204602FB03F625F0F3FFA369043303446B
:104860009E4206D284F83450104DE06B26F0D4F905
:1048700056E70F4A012384F8343013680133D4E932
:104880000001136022F035F9EFE70A4D48E70A4DC1
:1048900046E7064D44E7094D42E700BF10330020CC
:1048A00009E000F004E000F013E000F002E000F0A6
:1048B0000C33002008E000F001E000F005E000F01B
:1048C0002DE9FF410F4690461E46054698B390F8E5
:1048D000343093B3B1F5801F31D21A4C022125F048
:1048E000D8FF0DF10F03224639462846FEF70CFF8C
:1048F000024678B1012342463946284600933346A2
:10490000FFF71CFC0446E86B26F086F9204604B04D
:10491000BDE8F0819DF80F30012BEBD12169B14248
:10492000E8D10093414633462846FFF7B5F80446E0
:104930000028DFD1E7E7044CE8E7044CE6E7044C45
:10494000E4E700BF581F002009E000F007E000F096
:104950000AE000F02DE9FF410C4616461F460546C9
:1049600088B390F8343083B3B1F5801F2FD2DFF8CD
:104970007C80012125F08DFF21460DF10F03424679
:104980002846FEF7C1FE044670B99DF80F30012B92
:1049900011D1D8F81030BB4213D1024600903146F5
:1049A0002846FFF779F80446E86B26F035F92046EB
:1049B00004B0BDE8F081074C074A022B08BF14463B
:1049C000F2E7064CF0E7064CF1E7064CEFE7064C41
:1049D000EDE700BF0BE000F00CE000F011E000F0AC
:1049E00009E000F007E000F00AE000F0581F0020A6
:1049F0002DE9F04385B00C4617461E46DDF83080A1
:104A00000546A0B390F834309BB3B1F5801F32D285
:104A1000DFF88090012125F03CFF21460DF10F03C6
:104A20004A462846FEF770FE044688B99DF80F30C6
:104A3000012B14D106EB0803D9F810209A4214D3A5
:104A400000904346324639462846FFF725F804468B
:104A5000E86B26F0E1F8204605B0BDE8F083074C8E
:104A6000074A022B08BF1446F2E7064CF0E7064C53
:104A7000F1E7064CEFE7064CEDE700BF0BE000F076
:104A80000CE000F011E000F009E000F007E000F0B9
:104A90000AE000F0581F002070B586B00E460546AB
:104AA0000392A0B390F834309BB3B1F5801F32D29B
:104AB000022125F0EEFE0DF11703184A3146284673
:104AC000FEF722FE044618B99DF81730032B0ED1CD
:104AD000022303AA314628460093CC23FFF72EFB7E
:104AE0000446E86B26F098F8204606B070BD022B0D
:104AF0000BD10A49284626F0EDF803990246814277
:104B0000EFD02846FFF770FBEAE7054CE9E7054CD4
:104B1000EAE7054CE8E7054CE6E700BF581F002030
:104B20000DE000F009E000F007E000F00AE000F01E
:104B300073B50C461646054630B390F834302BB3A7
:104B4000B1F5801F24D2012125F0A3FE21460DF1ED
:104B50000703104A2846FEF7D7FD044680B99DF8A2
:104B60000730032B0CD0022B0CD10A49284626F023
:104B7000B1F83060E86B26F04FF8204602B070BD07
:104B8000054CF7E7054CF5E7054CF6E7054CF4E76F
:104B9000054CF2E7581F00200BE000F00DE000F09C
:104BA00009E000F007E000F00AE000F0F7B50C467D
:104BB0001646054668B390F8343063B3B1F5801FEC
:104BC0002BD2022125F065FE0DF10703144A214680
:104BD0002846FEF799FDC0B99DF80730032B14D085
:104BE000022B14D10E49284626F074F8471C0246C1
:104BF00028463946FFF7F8FA044606B13760E86BF5
:104C000026F00AF8204603B0F0BD064CF7E7064C44
:104C1000F5E7064CF6E7064CF4E7064CF2E700BF72
:104C2000581F00200BE000F00DE000F009E000F05C
:104C300007E000F00AE000F02DE9F3411F460023F1
:104C40000C46164605463B6050B390F834304BB3E3
:104C5000B1F5801F28D2DFF86480012125F019FE0C
:104C600021460DF1070342462846FEF74DFD044656
:104C7000A0B99DF80730032B10D0022B0AD10123D5
:104C8000336004233B60E86B25F0C6FF204602B08A
:104C9000BDE8F081D8F810303060F3E7034CF2E75C
:104CA000034CF3E7034CF1E7034CEFE70BE000F0B4
:104CB00009E000F007E000F00AE000F0581F0020D3
:104CC00030B50C4685B0054628B390F8343023B390
:104CD000B1F5801F23D2022125F0DBFD0DF10F037A
:104CE000104A21462846FEF70FFD034688B99DF875
:104CF0000F20032A0DD003222146009202462846A7
:104D0000FFF71CFA0446E86B25F086FF204605B045
:104D100030BD054CF7E7054CF8E7054CF6E7054CC8
:104D2000F4E700BF581F00200BE000F009E000F09E
:104D300007E000F00AE000F02DE9F0414668002E9F
:104D400046D005684FF0000CA846AE4655F83C40EA
:104D50000CF1010CC4F31307013401D0B94218D08F
:104D6000B4450EF1080EF1D12F46002403E0B44201
:104D700007F1080713D055F834C00134BCF1FF3FE8
:104D8000F5D1C1F313017A6041EA03513960BDE8FE
:104D9000F08141EA0353CEE90032BDE8F081032BF4
:104DA00016D0002403E0B44208F1080810D055F8EA
:104DB00034700134C7F30757032FF4D1C1F3130143
:104DC000C8F8042041EA0353C8F80030BDE8F08178
:104DD00001230372BDE8F0812DE9F043476883B0F9
:104DE000C7B106468846914600243368304653F8DA
:104DF000345003EBC4030134C5F30752C5F3130168
:104E0000013505D05B68CDF80090C04710B17768D8
:104E1000BC42EAD303B0BDE8F08300BF73B5012AFA
:104E2000044622489DF8185000EAC11123F07C4046
:104E300007D9961E012E28D9073303F07F031943A3
:104E400008E09DF81C300A43DB0603F0C05313430F
:104E500043F060410023C4E900108DF80730B5B17C
:104E6000202221460DF1070026F0CCF81A220DF180
:104E70000700211D26F0C6F863689DF8072008206A
:104E800043EA8263636002B070BD1143E2E71B2214
:104E90000DF10700214626F0B5F823689DF807209C
:104EA000042043EAC2632360EDE700BF80FFFF07F1
:104EB00038B5094B0D46002104461A682BF0B7FCA3
:104EC00000234FF0FF322361A260E3822383A376A5
:104ED000C4E9002538BD00BF5C0904080138C0B230
:104EE00005289ABF014B185C012070479A240408DA
:104EF0002DE9F0410E46596888B007461546490A23
:104F00000024012922464FEA510104F10104F8D896
:104F1000DC78520399784FF0000824031B88C902FB
:104F20000DF1070004F48054C3F30A0301F4006197
:104F300092B28DF807800C4302A923449C18254B9C
:104F40001B22039325F07843ED436FEA0444029358
:104F500026F058F89DF8072025F07845029B02A915
:104F60000DF10700029543EAC2631B228DF807800A
:104F70006FEA1444049326F045F89DF8072007A92A
:104F8000029B06F11000079443EAC26301220593D5
:104F90004FF0FF330693BB6998470446BB6905A9E8
:104FA000012206F108009847404518BF0446BB6936
:104FB00004A90122301D9847404518BF0446BB692B
:104FC000012203A930469847404508BF204608B053
:104FD000BDE8F08101009AB213B50446694626F097
:104FE0000EF9204626F024FAFF28024606D0204675
:104FF0009DF80010F4F7BAFB02B010BD0048FBE7C3
:105000000080FFFF2DE9F0418AB001AC05460B4658
:105010002746194A02F1200C2646106851680832CA
:1050200003C662453446F7D1002B08BF3B46002734
:1050300010681C463060384603F10C0690B95FFAE0
:1050400087F842462846218826F0BCFA50B94246E5
:105050002846E18826F0C7FA20B94246314628465C
:1050600026F0D3FA0137032F06F1080604F10204F3
:10507000E4D10AB0BDE8F081A8240408F0B589B0F5
:1050800005460E4601F0F6FF044600BB01AC06F1F2
:105090000C070FCF0FC497E8070084E8070001A9A9
:1050A000284606F0A9F82846311D26F0DBFC044608
:1050B00048B92846074901F0D9FB044618B92846E3
:1050C00001F0A2FF044628463168FFF79BFF204607
:1050D00009B0F0BDA0240408014926F0FAB800BFC9
:1050E000F96F010870B5164E032804460D46337853
:1050F0001ED023FA04F202F00102AA421DD053B1DD
:105100000122A240A54023EA02032B43DBB2337005
:105110004BB1012070BD2DB10A4B01201B6898478F
:105120003378EDE73570074B00201B689847F0E7B0
:105130009A07DED003F0FC03E9E7002070BD00BF52
:10514000BC47002050330020F8B505460C4621F03E
:1051500053FC104F06463B7833B1012D04D01CB9E7
:105160000D48F9F7BDF83C7021462846FFF7BAFF15
:105170000A4B04461B783BB93B782BB926F0FCF967
:1051800010B1074B1B689847304621F039FC204688
:10519000F8BD00BFBD47002024330020BC470020DD
:1051A000AC4C0020054A0B46117831B1002111703A
:1051B000034A01215268187810477047BD47002004
:1051C000AC4C002038B5074D04462B78834207D0FD
:1051D00001F076FE20462C70BDE83840F8F7CCBBD5
:1051E00038BD00BFBB4700201B4B022910B518700B
:1051F00002D0032904D010BD184B1B78002BFAD124
:1052000005F076FF0028F6D04FF00052144BC3F89B
:105210008020BFF34F8FBFF36F8F01F0D9FD0028BF
:10522000E9D001F0D7FB0028E5D10E4B1C6834B162
:1052300023689847BDE81040002001F035BE26F0F5
:1052400044F8094B186022F0D6FF084B186020463E
:1052500001F0C6FDEEE700BFD5510020BB4700209E
:1052600000E100E0703300204C3300204833002080
:1052700038B504460D4605F03BFF80B14FF00052B3
:10528000124B1A6001F0A4FD48B9012D07D8012086
:1052900001F00AFE0E4B1B6823B15B6898470D4B6B
:1052A0001C7038BD22F0A7FF0B4B1A68801A1860DB
:1052B000F9F7F0F84FF47A72084B1B6802FB0030E4
:1052C00026F005F8012001F08BFDE8E700E100E0A1
:1052D00070330020D5510020483300204C3300208B
:1052E000F0B585B021F088FB324D04462B7823B110
:1052F0003148F8F7F5FF00284FD1F9F7A1F802AAD5
:1053000003A926F023F9034600283FD026F032F9FE
:10531000029B984223D10020284B03991B68284EFA
:105320009942307027D90027C91A012322482B70CF
:10533000244A3346CDE9007722F039FF002834D1E2
:10534000214A1378D90708D5317831B903F0FE0323
:10535000137013B91D4B1B689847204611E026F0C7
:1053600007F9029B98421ED0002318461349144A9D
:105370000968137003910121FFF7B4FE0023204652
:105380002B7021F03DFB002005B0F0BD20462B70B6
:1053900021F036FB012005B0F0BD204621F030FBA6
:1053A000032005B0F0BD0220B6E7032320462F708E
:1053B0003370F3E7BD47002024330020443300203E
:1053C000D4510020A5510108BC47002050330020D3
:1053D00038B521F011FB144D04462B78EBB9134A74
:1053E00013491370134B144A14481A60144A5A6034
:1053F000F8F7F6FA13491448F8F7F2FA134A144B7F
:105400001A60144B5B6F03F44073B3F5007F02BF67
:105410000222114B1A6001232B70F8F735FE20464B
:1054200021F0EEFA002038BDBE470020BD47002025
:10543000CC240408AC4C0020E152010814330020B5
:1054400049510108D42404081C330020C551010827
:1054500050330020004000504433002010B5044673
:10546000D0F8F8200A4B4FF40061C3F8C020027C4A
:10547000120202F4006205F075FD237C13F0080FA0
:105480004FF4007314BF034A034A536410BD00BFB6
:10549000003E00B0001002B8002002B837B50C463C
:1054A000264D69B90A46012105F05CFD244BAC6428
:1054B0005C6005F0B1FD2022224B5A6603B030BD7E
:1054C0000122114605F04EFD07221E4B0121DA6034
:1054D000237901A885F848306379019326F0F1F922
:1054E000019BC2B2D34000F00F0040EA031085F8E0
:1054F0004900A27985F84A20E27985F84B20206896
:10550000E8640193BBB1012102888B420CD8217958
:105510004B1E13440C4A1362C2F8CC1020220B4BD2
:105520005A6605F079FDC9E730F811500131AA42F9
:1055300028BF2A46E9E71A46E9E700BF003F00B066
:10554000483F00B0006000B8004000B8005000B80C
:10555000431C07D06FF0FF02034B10405A62A3F5C3
:1055600080535862704700BF00E000B8D0F8C830E0
:1055700013B11A68032A10D8094BDB6BC3F3C202BC
:1055800013F0380F03F0070018BF504313F4E07F07
:10559000C3F3821203D050437047986A400E70479D
:1055A000008001B82DE9F0438D7880460F2D0E461E
:1055B00085B003D9012005B0BDE8F08325B90122EB
:1055C0003A4B1A700020F6E791F800904C78B9F148
:1055D000000F50D1002CEDD196F90310F08803F0A4
:1055E000EBF80128E6D059EA0403B088304F48D1DF
:1055F00003F046F94FF6050184B24FF604002D4A38
:105600004FF00809136E9BB2834208BF0B463B80E4
:10561000802301271766C2F880304B460022002CF9
:1056200041D0611E02920122013DEDB2009201952E
:105630004A4608F1D80002F0C3FF1FB14FF48012B0
:105640001D4B5A6502211D4BB2681A60174B197029
:1056500098F81A30013B8B42B4D803230120184A32
:10566000C2F85032174BC3F85002C2F86412042239
:10567000C3F86422A6E7B9F1080F9BD8082C99D883
:10568000AAE703F0FDF84FF604033A889A421EBFDA
:1056900008490A663B804C4523464FF0000738BF57
:1056A0004B4684B2BAE71146BCE700BFBF470020B3
:1056B0007E51002000C001B800D001B8583300204E
:1056C000006001B8005001B800F01803182B0AD090
:1056D00003070AD440F2011310F0100018BF184657
:1056E000034BD86770470020FAE70120F8E700BFB6
:1056F000003F00B03B4B2DE9F7431E6801F40079F1
:1057000000F00103174653EA090205460C463DD056
:105710004FF000087BB30023002201200021CDE9D7
:10572000008804F041FB4146304603F0C9FB0122EA
:105730004146F083104626F037F9B16B06F1D800E8
:1057400003F062FC28490868FFF702FF4FF0FF33BF
:105750000B60264B1A68511C06D06FF07E4024491E
:10576000C863A1F58051CA634FF0FF321A60337CE1
:1057700043F004033374B9F1000F07D00121304620
:1057800025F062FD24F4007405430C43D6E94E2352
:105790002A40234052EA030103D0164930460968E3
:1057A0008847FB070FD51449144A0868002113687D
:1057B00011600121124A117003B19847114B002169
:1057C00002205B68984717F00E0F08D040F20B22BA
:1057D0003B21002003B0BDE8F04305F0F3BE03B069
:1057E000BDE8F08344340020B84C0020B44C0020C5
:1057F00000E000B8BC4C0020683300206C3300206F
:10580000C2470020AC4C0020044B1868830654BFEC
:10581000C0F30F204FF6FF70704700BF38340020F0
:10582000F7B504461046D4E94EC7DDE908268CEAF0
:10583000020587EA06010540194085EA0C05794012
:10584000C4E94E51002523F4004106EA010320F08B
:10585000010043F40073024043F00203CDE9005518
:1058600004F0A2FA237C9A0717D5D4F83C319B05A3
:1058700013D54FF48811204625F0E6FC237C65F310
:1058800041032374D4E94E2302400B4052EA030142
:1058900003D00349204609688847002003B0F0BDC3
:1058A000BC4C002038B10368044A002B08BF1346E3
:1058B000034A13607047014BFAE700BF23B30308A4
:1058C000BC4C0020024B986E00F00F00704700BFE8
:1058D000003F00B00F2938B505460C460ED801F040
:1058E00005FB01280CD1074A2846936E23F00F03CD
:1058F0002343936625F098FE002038BD0120FCE785
:105900000220FAE7003F00B0014BD86E704700BF9D
:10591000003F00B0014B0020D9667047003F00B047
:1059200003282DE9F347884664D8344B13F80090D8
:10593000334B1E5C334B13F800A021F05DF8074693
:1059400004F0FEFB054640B100230022CDE9003300
:1059500001200023002104F027FA04F0F9FB48B1EC
:1059600000230022CDE90033002000234FF4004142
:1059700004F01AFA002E3BD0234BDC6C04F0080430
:10598000224B31464846DC6404F0ECFC01235246CD
:105990003146484604F072FD1D4BDC64D5B11D4B09
:1059A0001868816BD83003F02FFB1B490868FFF79C
:1059B000CFFD4FF0FF330B60184B1A68511C06D017
:1059C0006FF07E401649C863A1F58051CA634FF05D
:1059D000FF321A60B8F1000F04D0124B00210320EF
:1059E0005B689847384602B0BDE8F04721F008B838
:1059F0003446C5E702B0BDE8F08700BFE4240408E0
:105A0000E0240408DC240408004000B8006000B86A
:105A1000005000B844340020B84C0020B44C0020A2
:105A200000E000B8AC4C00200F4A536C13F0A00FFC
:105A300015D1906C10F0040013D10C4BD3F8EC3E50
:105A400023F07F4323F0FF035BB1D368C3F303620A
:105A5000092A07D0B2F10C0018BF012070470020BE
:105A600070470120704700BF000002B8003000B04E
:105A7000074A084B30B10221C2F864120422C3F86D
:105A8000642270470421C2F864120222F7E700BFC3
:105A9000006001B8005001B870B50D46064620B947
:105AA0001B4B1B68D3B1032017E001F01FFA01283C
:105AB0002CD1184B93F90040D6F8C830C4F11C041F
:105AC0000BB193F92630E41A641BC4F12B03002BAD
:105AD000B8BF5B42232B0CDD012070BD01F10F0329
:105AE000002BB8BF5B42232BF6DC0A4B1970002059
:105AF000F3E7F57420F080FF074A136A23F4FF23CD
:105B000043EAC423136220F07BFFF0E70220E4E7BE
:105B100044340020C047002000C000B818B9034B2F
:105B200093F90000704790F913007047C0470020B8
:105B300010B5FFF793FC03F0E3FD20F05DFF0A4A88
:105B40000121D2F8BC3E044623F02003C2F8BC3E3B
:105B50000222064B08469A60054B5B689847204630
:105B600020F04EFF002010BD003000B0001002B841
:105B7000AC4C0020094B08461A6D91020BD4D3F8A7
:105B80004021D20708D4D3F8803013F4706F14BFCB
:105B90000120002070470120704700BF004001B87D
:105BA000F8B50D46836B02EA010423EA010323439F
:105BB00083634C4A01F00B0323EA0401D1642340C0
:105BC000A2F580526F070646D36410D50121FFF776
:105BD000D1FF60B104F068FB4FF4007314F0040FC0
:105BE00014BF414A414A13650422414B5A64E906F5
:105BF00006D514F0100F14BF00221B223D4B5A652E
:105C00002A0618D5230611D54FF40012364BDA6454
:105C100020F0F2FE0E210746032003F009F940F2BE
:105C20000122344B3846DA6220F0EAFE214606F1C2
:105C3000D80003F0E9F9EF0503D5E0053CD503F002
:105C4000C7F8A90503D5A20539D503F0CDF815F499
:105C50008C6F1CD014F4806236D0737CDB070CD5BB
:105C6000B28BB6F80A3193422CD0B6F80C319F1A99
:105C70007B427B41204A82F8D830D6F8C8103046A3
:105C800025F050FB80221D4B98671D4B1A612B0598
:105C900010D504F009FB1B4A14F4006FD2F8EC3E57
:105CA00014BF43F0006323F00063C2F8EC3E04220B
:105CB0000F4B5A640020F8BD03F084F8C1E703F0ED
:105CC0008DF8C4E70123D5E76805D6D5737CD907DD
:105CD000D3D5094B114683F8D8200B4B30461B68AF
:105CE0009847CAE7006000B8005001B8006001B8EA
:105CF000002002B8004000B8003E00B0003F00B0F5
:105D0000000002B8003000B078330020014B186862
:105D1000704700BF6433002037B520F06DFE0024CB
:105D200001230022CDE90034002305461946104620
:105D300004F03AF8022002F00BFB064B21461C60EF
:105D4000054B02205B689847284620F059FE204604
:105D500003B030BD6C330020AC4C00202DE9FF4176
:105D600002290D4616469846039004D1FFF7D4FF4A
:105D700004B0BDE8F08120F03FFE1D4F04463B68B3
:105D80003BB1B34205D020F03BFE002301203B6035
:105D9000EEE7184B0022C3F8008001233E60CDE9F6
:105DA0000033002300261046194603F0FDFF124B76
:105DB00002201E7002F0CCFA33462A46022003A9C4
:105DC00002F0E4FA0D4B039A1A6008B92046DAE7AC
:105DD0000B4D2B6898470128014604D0204620F03F
:105DE0000FFE0020C4E76B6802209847F6E700BF6B
:105DF0006C33002068330020C24700206433002049
:105E0000AC4C0020044B5B6E5B054EBF0120034B86
:105E1000187800F00100704700C001B8C2470020A8
:105E2000014BD86C03F024B8004001B8014BD86C8A
:105E300025F0EFBC004001B8837C5A1F012A01D92C
:105E4000082B05D14B7C2BB1012B05D0022B05D0A3
:105E500025F0CEBA024870470248704702487047A2
:105E600020A1070048E8010040420F0070B50E462F
:105E700020F0C2FD054601F05DF8044620B1284639
:105E800020F0BEFD204670BD04F00EFA104B3278B3
:105E9000D3F8EC3E022A23F0F00315D0101F424243
:105EA0004241520043EA02137278022A0ED0111FB7
:105EB0004A424A41520043EA8213054AC2F8EC3E84
:105EC0000422044B5A64DAE70122EBE70122F2E7ED
:105ED000003000B0002002B870B50E4620F08CFDF6
:105EE000054601F03DF8044620B1284620F088FD23
:105EF000204670BD04F0D8F9104B3278D3F8EC3E50
:105F0000022A23F00F0314D0101F424242415200D4
:105F100013437278022A0ED0111F4A424A4152009E
:105F200043EA8203054AC2F8EC3E0422044B5A6459
:105F3000DBE70122ECE70122F2E700BF003000B00E
:105F4000002002B82DE9F8430E780446042E0D46D1
:105F500090F810810BD100275FFA87F9484601F0CD
:105F60001BFE08B14E4602E00137042FF4D1304643
:105F700001F012FE002845D094F81031B34208D148
:105F8000AA88A36C9A4204D16A88B4F812319A4262
:105F900035D084F81061AB883046A4F814316B8892
:105FA000A4F81231AB8804F58875A364FF23237627
:105FB00025F0A1FBE075284601F07EFD18BB2846C0
:105FC00001F0E0FDF8B9D4F8C43053B194F81011E1
:105FD000414506D02046B3F91220F3F749FB84F877
:105FE0001901204601F054FE0949A4F814010123C7
:105FF000084AD1F8FC1004F1D80003F0EBFC0020B3
:10600000BDE8F88301200C2384F81031F8E700BFC5
:10601000004F00B0A43F00B070B5054690F81001E5
:106020000C460C281DD0FF291DD01AB14FF0FF32AD
:106030000E4B1A6025F05FFB064695F8100101F043
:1060400019FE844228BF0446E4B2B44238BF344645
:10605000E0B2287601F032FFA0F1FF035842584128
:1060600070BD0220FCE70120FAE700BFC84C002009
:1060700010B590F8103104460C2B3ED0D0F8C43047
:10608000C175BBB3D0F8D420DAB990F819318B427E
:106090001DD300222046FFF7BFFF88B9184B1B789D
:1060A00013F0FD0F0BD1204601F0F2FD154901233D
:1060B000154AD1F8FC1004F1D80003F08BFC002045
:1060C00010BDB0F92820B3F912309A42E1DD002268
:1060D000204694F81911FFF79FFF0028F0D1C4F86B
:1060E000C400204625F08EFC01462046BDE8104045
:1060F00005F0DAB9FF230376E1E70220E0E700BF0D
:1061000082510020004F00B0A43F00B0F0B504461B
:106110008FB001F075F8236C0546012B00D010B14B
:1061200028460FB0F0BD7249204625F033FBD4F865
:10613000C4600146A58BC4F8C8003EB133682BB1DA
:106140005B681BB11A68032A00F2A08020F054FC9F
:1061500001462046FFF70AFA0746084620F050FCA1
:10616000D4F8C810B3898DF80E70EB1A9BB2D6E93B
:10617000012000FB03225F48ADF80C300368029257
:106180008B4207D0204625F0CDF880225A495B4B40
:1061900088671A615A4D594E00F0A8FE0128FBD1BC
:1061A0002B6CDB07F8D4736CDF01F5D4D4F8C8107E
:1061B00020460D919DF80E20029908AB03F0C2F81D
:1061C000002843D100F092FE0128FBD14B4A4C49F4
:1061D000536CD801FCD40B6CDB07F9D408A901A8D7
:1061E00003F036FA0546002830D1A28B454B5A649D
:1061F000237C60F34103237401F0CCF8D4F8C4305D
:106200005969431E0E68DBB2FD2B049622D84B68F9
:10621000012805932ED10126DF1C06D901333A4B04
:106220005B6853D0DA1C4ED80593024604A9204679
:1062300001F02AF8002E7FF473AFD4F83C319905B1
:1062400027D4237C43F00203237469E70225284600
:106250000FB0F0BDF71C13D92B4B01361B6818BFCC
:106260000126DA1C2AD804934B68FF280593D3D063
:106270000020DAE70246204604A901F005F84FE7BE
:106280004B68FF280593C6D02A46F4E79F6A7F0E25
:1062900068E74FF48031204624F0D6FFD4F8383137
:1062A00000EA0302D4F83C310B4052EA03013FF408
:1062B00037AF164920460968884731E7FF284B6801
:1062C00013D00593B6E7FF28B4D1D1E7DE1C06D87A
:1062D0000246204604A9059300F0D6FFADE7FF284B
:1062E000ABD10022204604A9F6E70120059393E7ED
:1062F000FC4F00B054330020003F00B0000002B853
:1063000000C002B8008001B8D04C0020BC4C002076
:1063100010B50C4619B125F052F900B104342046ED
:1063200002F0AEFA024B4042C3F8DC0E002010BD72
:10633000003000B070B58030814214BF0C4600249C
:10634000164620F059FB4FF49C530C490546CA6889
:10635000C2F30362D340DA0702D54B6C9B030AD425
:1063600020460122314601F039F90446284620F042
:1063700047FB204670BD0324F8E700BF000002B8C9
:106380002DE9F74F07461646084619B9012003B014
:10639000BDE8F08F002AF9D0032904D8002101F0CC
:1063A000A3FA0028F2D004888378B4F5804F03F074
:1063B000070280F0DD80A2F1070EDEF1000141EB63
:1063C0000E01052A90F804C04579C088317394BF46
:1063D0000021C3F30011C3F3801E7173990986F87D
:1063E00010E001F00201C3F3C00E41EA0E01C3F355
:1063F00040137174B37486F813C0BB6BB082DB06B4
:1064000000F1A280063A012A00F29E80594B4FF01B
:1064100001095B6D4FF03A431A6DDB6C083C03F0E9
:106420000703063309FA03F9002309F1FF3942F0A3
:10643000005A04EA09041AF80480013404EA090441
:10644000B360631D03EA0903B8F1800F1AF8032053
:10645000B97C03F1010318BFA8F1320803EA09036C
:1064600008BF6FF07F081AF8033018BF4FFA88F89A
:1064700061B30020D7F8D0300BB141469847631C78
:10648000F07386F80E8003EA09031AF8031001334B
:1064900003EA09031AF80320013303EA090341EA76
:1064A00002211AF80320013303EA09031AF8030052
:1064B00041EA0241002341EA0061727C384603F060
:1064C000F9FA06233060B371002060E72A49D1F859
:1064D0003812C80709D51AF804305B0103F47E634B
:1064E000FF2BC6D8D843C0B2C4E742EA0323D9047D
:1064F0000FFA83FB24D5D7F8C830A3B11A68022A53
:1065000011D993F82400CBF30B03DB0008B1B3FBE4
:10651000F0F39D42ADD8002BABD0C5EB0520B0FB0E
:10652000F3F0C043DFE731463846FFF785FC0190C2
:10653000384624F04DFF019BB3FBF0F0C0B2E2E718
:106540001AF804004000CEE700230020F3730B4B41
:10655000DA69C2F30723120448BF63F0FF035AB29B
:1065600012F1800F1CBF323B5AB2B2730346A9E747
:1065700002200CE7004000B8004001B800C000B89D
:1065800070B506460C468D88FFF756FCB27C617CE0
:10659000082A4FEAC5031DD1012998BF0333E0B192
:1065A000B3F5803F19D84FF22441420901FB032281
:1065B0000009B2FBF0F2236800209B1A084A23600E
:1065C000D2F8A82002F01F02A3EBC2032360052328
:1065D000A37170BD053A012ADFE70220F9E700BF89
:1065E000003E00B011F5004F1FBF01F30E01044B38
:1065F000C1F30E01002014BF99640120704700BF51
:10660000008001B82DE9F04104460E4611B9037C23
:106610005A064AD44FF6FF73218CD4F8C8709942B9
:1066200004D0334B1B680BB120469847314D2B6883
:10663000BB4255D0304B1B6833B1002F53D0396863
:1066400001B1B968204698474FF00708204601F08D
:106650001FFB002E39D0294B93F90030C3F11C03E6
:1066600017B197F926209B1A062094F91360244944
:106670009B1B0A6ADB0222F4FF2203F4FF2313436D
:106680000B62D4F8C8201F4B2A60986701F0C2FC47
:10669000002501211C4A1D4B1170204683F88450AF
:1066A00024F0C2FF2846BDE8F0814FF6FF71114D7E
:1066B000D0F8C8702A6866F3861397420184037481
:1066C000B8D101F0E5FA4FF00108114A4346D2F87B
:1066D000FC1004F1D800A2F65C7203F07BF9BAE773
:1066E0004FF00108B2E7394620469847ACE700BFB3
:1066F00060330020543300205C330020C04700206A
:1067000000C000B8006000B8C1470020003F00B0E2
:10671000004F00B02DE9F8430D4600F0E7FB0128DB
:10672000044630D1194F3B7883B92846F2F702F876
:10673000054610B9F2F768F82C463B781BB10121E9
:10674000022002F0F3FF2046BDE8F883002102207A
:1067500002F0ECFF24F0D7FF0646DFF83490DFF8B4
:106760003480D9F8F4331B07DFD424F0CCFF801B2E
:10677000404541F6FE324FF045018CBF002001201C
:1067800004F020FFEDE70224DDE700BFC34700204F
:10679000000002B83F420F0008B558220021064809
:1067A0002AF045F81022FF2104482AF040F804F0AE
:1067B00033FC002008BD00BFF03E00B0343F00B005
:1067C0000C2337B580F810310023C3746F23C0F851
:1067D000E0308623A0F8F43064234FF0FF35C0E9A1
:1067E0003933C0E93B33FF2304464375C0E90855FC
:1067F0008564C575058303F0B3FC2046FFF7CCFF25
:106800000122164B2046C3F8382294F91310FFF7E3
:1068100043F96023124A41F6FF71D3644FF03A42C4
:10682000116311670F4A2946D36440220E4B20465C
:106830005A64A26BFFF7B4F90E230022CDE90033AE
:1068400040F202231046194603F0AEFA01F0BEF9F9
:10685000204603B0BDE8304004F09ABE005001B8B5
:10686000004000B8005000B8002002B810B50C4637
:10687000FFF792FFCCB1A378082B18D8E278082A4A
:1068800015D843EA021313F0FF030CBF19466168E1
:10689000084AC2F8F010217882F84411617882F831
:1068A000473182F8451104F0B7FB002010BD0120EC
:1068B000FCE700BF003E00B0012A10B512D8032B40
:1068C00010D803EB82020123074C934094F8460151
:1068D000DBB221B10343002084F8463110BD20EA29
:1068E0000303F8E70120F9E7003E00B0044BD3F8BA
:1068F000EC3E13F0806F14BF23200020704700BFD0
:10690000003000B00246F8B5B0F8144100F1D805E7
:10691000FFF7ECFF0B688E68013304BFD2F8E0305C
:106920000B604B68013304BFD2F8EC304B60771C2E
:1069300037D1D2F8E830CF688B607E1C38D1D2F8DE
:10694000E4600F69CE60013704BFD2F8D8700F61E0
:106950004F69013704BFD2F8DC704F618F6901378E
:1069600004BFD2F8F0708F618F6947BBC0F1640437
:1069700008688C61C2F8E8304B68C2E93806C2E9A1
:106980003B340B692846C2F8D8304B690F49C2F82E
:10699000DC30D1F8FC1007230D4A03F01BF800206F
:1069A000F8BD04F16F031B1AB34238BF3346C2E788
:1069B00004F18606361ABE4238BF3E46C1E76F3440
:1069C000241ABC4238BF3C46D2E700BF004F00B09B
:1069D000A43F00B070B520F00FF805460B4E00F054
:1069E00085FA012804D0284620F00AF8022070BD5C
:1069F000F36813F0706FF2D1F46814F08054EED1A4
:106A000028461FF0FDFF2046F1E700BF000002B856
:106A100038B51FF0F1FF4FF6FF710A4A13888B4219
:106A200003D11FF0EDFF032038BD074C074D1B04B9
:106A30006567A4F58054636711801FF0E1FF0020B3
:106A4000F2E700BF80510020006001B80000FFFFA6
:106A50002DE9F743044688461546FEF7E5FF80B169
:106A6000704F02F04DFE7B69DA0740F1D8801FF0CD
:106A7000C3FF0646032001F069FD30B130461FF028
:106A8000BFFF022003B0BDE8F0837F6917F006075F
:106A9000F4D130461FF0B4FF634B4FF40061204641
:106AA000D3F8EC9ED3F8C46E04F070FA40B14FF402
:106AB000007201215D4B08465A643A4624F074FF87
:106AC000637CDB0706D5A36B5F0542BF4FF4002252
:106AD000574B5A644146204604F0E6FC524BC3F83B
:106AE000EC9EC3F8C46E0028CCD1237CD80601D418
:106AF000002D55D0C5F3400003F09CFB022315F494
:106B0000807F1FBF4A4A002153644FF03A420BBFB7
:106B1000464A91615364536303F0C6FB4FF48063AC
:106B200015F0040F14BF434A434A15F0400F136594
:106B30004FF004023D4B28465A644FF0400314BF07
:106B40003E4A3F4AC2F8B830FEF7BEFD204624F068
:106B500093FC38B14FF4807315F0010F14BF344A21
:106B6000324A5364A90644D54FF6FF72E38C934230
:106B70000FD0344A3449526F100CC2F30112013263
:106B8000B3FBF2F308802B4A2B4930481B044867BB
:106B90005367003D18BF0125237C65F3041323745C
:106BA000204624F00CFDF0B1204624F065FCD0B165
:106BB0004FF40031204604F0E9F9431C03229BB254
:106BC000234801A924F084FD9DF8042002F0070366
:106BD000052B9DF8053015D112070DD443F48073B1
:106BE0001C4AC2F8CC30002003B0BDE8F04324F0CA
:106BF0007CBDFFF70DFFCCE713F0040F09D19DF822
:106C00000630EBE703F03002202A05D113F0010F24
:106C1000F4E74FF48073E3E79DF80630E0E70320E4
:106C200030E700BF00C001B8003000B0002002B85B
:106C3000001002B8005001B8006001B800D000B8E0
:106C400000E000B8004001B8805100200000FFFFC4
:106C50000C0000BA003E00B02DE9F341064688461C
:106C600015461F461FF0C8FE0446032001F06EFCC7
:106C700038B120461FF0C4FE0324204602B0BDE810
:106C8000F081042001F062FC0028F2D120461FF0C0
:106C9000B7FE2A4641463046FFF7DAFE0446002892
:106CA000EBD1DFF8C880002F3CD088F800003946CF
:106CB0003046FEF777FC002849D198F80030012BC8
:106CC0002DD02022234B5A64234B9B6FB3F5817F39
:106CD00030D2012024F01EFD1FF08EFE1F4B064611
:106CE0001B6801934BB1042001F032FB0023012209
:106CF000042001A901F04AFB28B301F0B3FC2B06E4
:106D00001CD50022164B9A6701F0F0FC154B0121AF
:106D100000205B68984730461FF072FEADE703F035
:106D200073FAAAE798F80030012BF8D0002BC8D1ED
:106D30000124A2E780220C4B1A61CAE701F0D6FCBD
:106D400003F04EFAE2E703F0C7FA0124E3E7044652
:106D500093E700BF001002B8003F00B05833002096
:106D600000C001B8AC4C0020000002B8BF470020B2
:106D700008B50A4BD3F84C114B1C0DD011F08041D3
:106D80000AD10320FEF7CCFD4FF08062044B1A6558
:106D900001225A6102229A6208BD00BF0080E00F02
:106DA000001002B84FF40022034B586C03F5005357
:106DB0005A64C0F3C0407047000002B8024B034A57
:106DC00000201A60704700BF5C3300209D5401080A
:106DD000024B586900F00100704700BF00C001B8C5
:106DE00008B50D4B5A69D10710D518B9BDE8084050
:106DF00001F08ABA5B69DA070DD401F077FA032350
:106E0000064A1364A2F58052536404E05B69DB0711
:106E100001D40028F1D108BD00C001B800A009507C
:106E200030B56FF04044114D2040C5F85042104C31
:106E3000C4F850024FF0FF30C5F85402C4F85412A1
:106E400038210A40C5F86412C4F8642209490A4A84
:106E50000020C2F8C810A2F58052C2F8C83004233E
:106E6000C5F864320223C4F8643230BD006001B852
:106E7000005001B80000FFFF00E000B890F91030AA
:106E8000002B0CDA4FF08053064A29B19360A2F52B
:106E90008052D36000207047D3609360FAE70320EC
:106EA000704700BF006001B84FF0806310B1024A24
:106EB00053617047014AFBE7001002B8002002B896
:106EC000202350B1064AC2F8F433064B196C11F076
:106ED000020104D1032002F029BC034AF3E7704702
:106EE000001002B800C002B8002002B80F4BDB68E7
:106EF000C3F30363013B0B2B0FD8DFE803F0060657
:106F00000C06060606080A08080802207047042036
:106F100070470520704703207047054B5B6913F0ED
:106F2000060F0CBF01200420704700BF000002B80C
:106F300000C001B8094AD368C3F303630B2B08D020
:106F40006FF49050184100F0010080F00100400003
:106F50007047506C10F48030EDD17047000002B8DB
:106F60000E4AD368C3F30363062B07D8042BD8B2A9
:106F70000FD8C31E5842584140007047072B0AD112
:106F8000D2F8680120F4C02020F0A0000028E8D149
:106F90007047022070470020704700BF000002B811
:106FA000094BDB68C3F303639A1E012A8CBF0022DE
:106FB0000122012B02701EBF4FF4026222FA03F37A
:106FC00003F001030B707047000002B8094AD36850
:106FD000C3F30363032B01D0072B08D1936CDB06AB
:106FE00005D4D06C80F00800C0F3C00070470020CA
:106FF000704700BF000002B8024B0022196824F05D
:10700000C6BA00BF0810040810B5FF224FF6FF7182
:10701000044624F0D7FA68B9FF224FF6FF712046E4
:1070200024F0E1FA30B92046BDE81040FF220249C1
:1070300024F0EBBA10BD00BFF024040810B55B07C4
:1070400043EA02439DF8082043EAC163520502F077
:10705000BC621A43064942F4C872044603F082FF38
:10706000002220461146FFF765F9002010BD00BF41
:107070009007E12D37B50C4605460B4B1A680B4BB4
:1070800019680B4B186801F0F7FC94F82830284673
:10709000009394F82B3094F8292094F82A10FFF7E5
:1070A000CDFF03B030BD00BF083400200434002001
:1070B0000C34002008B5FFF789FF90B10A4BDA695C
:1070C00011030ED55A6C92030BD4DB6C13F0100F26
:1070D0004FF0100303D1054A0020D36408BD044AD1
:1070E000FAE70220FAE700BF000002B8001002B879
:1070F000002002B8034610B500B3124AD169090353
:107100001ED5946CC4F38114032C15D0022C17D116
:1071100022460D49B1F8C80001F10061801A01F55D
:1071200036710144184629F094FB064A0472D26C69
:10713000120A4272002010BD0822EAE70120FAE795
:107140000220F8E7000002B8003E00B070B50C461F
:107150000546094E09480022012C08BF3046084B5D
:107160000849FFF75DFE631E5C425C412B7C0020FA
:1071700064F3C7132B7470BD91D1061990D1061911
:107180000000F6289E0C4B5404292DE9F0410446DA
:107190000F462CD84E1EF6B2032E8BBF0025154B82
:1071A000A84613F806809CBF134B9D5D24F007FA98
:1071B00078B94FF000084FF4603200200F4B6D0497
:1071C0005A6245EAC835A3F580535D62A776BDE8EB
:1071D000F0812046FEF798FB80B28428E9D8022E81
:1071E000E9D8217C2046C909FFF7B0FFE3E7012079
:1071F000EDE700BFEC240408E824040800E000B830
:1072000038B5837C022B08D11A4BD3F8985035B986
:10721000848B272C0ED9032002E0042B01D0002000
:1072200038BD144BD3F89830002BF8D1848B272C21
:10723000F1D8012501F032FD0F4B0E49984216BFDF
:1072400031226FF003020023A1F8B22008BF01230E
:1072500050225343282202FB0533084A1A44125D88
:10726000FA32A1F8B820064A13441A5D054B1A7089
:10727000D5E700BF003E00B000F04902E825040851
:10728000F8240408C447002010B5124B0C68C3F85A
:107290007842C3F87C42C8B1D0F8C430B3B15B695E
:1072A000A3B1501EC0B2FD2812D9013404BF6FF043
:1072B000010008600868FF2A186007D14A68013297
:1072C00002D16FF001024A604A685A60002010BD86
:1072D000012AF2E7004001B8F0B585B06D460E46D0
:1072E0000F4B074614460FCB85E80F000D4BD3F824
:1072F00048020090D3F84C2201923EB1631EDBB2EB
:10730000FD2B0AD93060FF2C00D17260224629463D
:107310003846FFF7B9FF05B0F0BD012CF4E700BF18
:10732000D82604080080E00FF0B585B06E460D4BFE
:1073300007460D460FCB86E80F0000F02BF83146CC
:1073400004460246384624F003FB4DB140B9FF2CF9
:107350001BBF04AB03EB8404009B54F8103C2B6070
:1073600005B0F0BDD8260408FF2818BFC3434FF06E
:10737000180108BF1023064A18BFDB00C2F8FC132F
:1073800018BF03F00803A2F58052C2F8FC3370471F
:10739000002002B8024BD3F8F807C0F3C040704792
:1073A000000002B84FF03A43D3F81421D2031ED59F
:1073B0004FF480320E49C1F81421A1F58051C1F873
:1073C00018215A6DD1B2C2F30722C3F8A410C3F832
:1073D000A4200422C3F8A4200022C3F8A420C3F8E8
:1073E000A420C3F8A420C3F8A420C3F8A4207047A5
:1073F000002000BAF8B54FF03A440D46174606464D
:107400001FF0FAFA012304226363084BE760266148
:107410006561C3F814214FF00042054BC3F8802189
:107420001FF0EEFA0DB102236363F8BD002000BA2D
:1074300000E100E0054B012218604FF03A435A6723
:1074400040F6FF72D96418651A67704784330020CC
:107450002DE9F04105460124006800F007000630E0
:1074600004FA00F3A868EC685E1EA04262D000EA4D
:10747000060E6C6810441E430640A3EB0E000EEB94
:10748000040C8242644618D9D31A0EEB030298B159
:10749000431E052B04D94B1CACEB0303022B59D81C
:1074A0000B460844ACEB010E03EB0E0113F8014B45
:1074B00083420C70F8D101466C688AB1531E052BCB
:1074C00001F1010302D9E01A022812D80A44611E10
:1074D00000E0013313F8010C934201F8010FF8D1D9
:1074E0001FF08AFA0223AE60AB62BDE8F0411FF0E4
:1074F00087BA0B46204622F0030E8E4453F804CB85
:10750000734540F804CBF9D122F00303D01A920757
:1075100001EB030C04EB0307E2D0CA5C0128E25440
:10752000DED09CF8013002287B70D9D09CF8023064
:10753000BB70D5E7042A35D90878043AA8614878A1
:107540000431A86111F8020CA86111F8010CA861BE
:10755000A8688CE70B4620F003070F44ACEB010E44
:107560001C684EF803400433BB42F9D120F00303FA
:1075700010F0030F01EB030EA0EB03040CEB030769
:1075800028D011F80380012C0CF8038022D09EF83B
:107590000130022C7B7018BF9EF80230084418BFDF
:1075A000BB7088E7013A032A12D8DFE802F00F1512
:1075B00007020B4613F8012B1946AA610A4612F876
:1075C000013BAB61114611F8013BAB610B78AB613C
:1075D000BDE8F08108446EE70A46F3E738B50B468C
:1075E000154601464FF03A4470B101221048C4F8E4
:1075F000F4201A46FFF72CFF25B14FF03A4304223E
:10760000C3F8F420002038BD73B1D4F8D8209A42D2
:1076100084BF0122C4F8F4204FF03A42C2F8D430BB
:107620000223C2F8F430E7E70123C4F8F430E3E7BB
:10763000CC0000BA10B51FF0DFF94FF03A43012239
:107640005A67C3F8B420C3F88C20154A1549C3F80B
:1076500090200722C3F8B020134B04461A80002361
:10766000124A13804FF4A022C1F81421A1F58051D1
:10767000C1F818210E4A13600E4B5B6C5B020AD5F1
:107680004FF480020C4B18680C4BD8305A6450F8F9
:10769000A01C01F0B9FC2046BDE810401FF0B0B9B5
:1076A00008140020002000BAE0440020DE4400203E
:1076B00080330020000002B844340020002002B8CB
:1076C00007220D4B01211A8000220C4B1A804FF02B
:1076D0003A43C3F8F410C3F8CC204FF40052C3F877
:1076E000D000C3F8F020F022054B9A64A022A3F545
:1076F00080539A64FFF79EBFE0440020DE440020E0
:10770000006000B82DE9F041044688B11FF074F91B
:107710003E4E3F4A3388032C03F0780105463D4F27
:1077200003F07F0C11445ED13C6824B91FF068F966
:107730000320BDE8F08124F00104386820F0010046
:10774000A04255D100223A6022888C426FEA424220
:107750006FEA5242228041D12F4CDFF8D4C02788F3
:10776000ACF180083A46083A92B201F1080060454F
:1077700028BF4046082A04D9B0F800E0BEF5804F83
:1077800041D2228088780C884FF03A413B449B1AC2
:10779000DBB2C4F30C048C653380C1F89830C1F8B7
:1077A000B0204FF480221D4B00F00700C3F81421D5
:1077B0004FF000421A4BC3F88021FFF7F3FD042875
:1077C0000CD14FF48002174B5B6C174B1868174BAA
:1077D000D8305A6450F8A01C01F016FC28461FF05F
:1077E0000FF90020A5E7601E012898BF0C46A4E70A
:1077F000094862440088A21A48BF80320838904283
:10780000A2DC284692E70146ADE700BFDE44002037
:107810000814002080330020E0440020002000BA3B
:1078200000E100E0000002B844340020002002B86B
:10783000881400201349144B0A881B8813481344EA
:10784000083292B20A804FF03A41C1F8B0204FF4AA
:1078500080210F4A073BC2F814114FF0004103F09A
:107860007803034498780B4A00F007000428C2F814
:10787000801103D10849CA681203FCD4074A136077
:10788000704700BFE0440020DE44002008140020C0
:10789000002000BA00E100E0000002B880330020C0
:1078A00010B5054C206828B1C30701D4FFF72AFFA3
:1078B0000023236010BD00BF803300204FF48033CD
:1078C000084AC2F81831A2F58052C2F814314FF0BC
:1078D0003A43D3F8AC30C3F30C03782B01D8FFF74D
:1078E00061BD7047002000BA2DE9F84304460E46FA
:1078F0001FF082F8504B81461A885048504D02F0D4
:107900007801032C2D8802F07F03014417D14D4CE0
:1079100024688CB92A44073A02F078028418034498
:10792000E31A48BF8033AB4210DB48461FF068F8CB
:1079300000242046BDE8F88324F00104EFE7012C81
:1079400002D0022CEBD1083D0C46E8E7002E43D0D4
:107950008C4245D14FF03A42D2F858804FF03A412C
:107960000127CA6C02F0070206329740D1F8AC201A
:10797000C2F30C029A4246DD2588B5F5804FD4D279
:10798000A378C5F30C0503F007037A1EA5EB0805E1
:107990003A43052B337005EA02052CD82DB2E84393
:1079A00040F23A420421C00F03F00CFE7580E378E8
:1079B000254A337412687B1E03EA0803D118B160AC
:1079C000A9B213FA85F5BD4291BF0023FF1AB78013
:1079D000F2609CBFB180F36048461FF011F8A8E741
:1079E000A4F10802824238BF04F17802B2F80080A4
:1079F000C8F30C08B2E7154B5B6D003B18BF0123C1
:107A0000A5EBC305CAE74B6D7A1EA3EB08033A4307
:107A10001A400F4B15B2DB6862B9C3F30363D91E7A
:107A20004B424B41DB003370094B7280DB6CC3F37C
:107A30000723BDE70823F6E7DE44002008140020F2
:107A4000E04400208033002084330020004000B850
:107A5000000002B8054BA822D3F84C013121431C89
:107A60000CBF0120C0F3807003F0ACBD0080E00FBC
:107A700010B50F4B1C78ACB90E4BD3F8F8375B033D
:107A800009D490B10F23441EB4FBF3F41030044426
:107A9000E4B2204610BD40F62A023F21204603F002
:107AA00091FDF6E70001C4B2F3E71024F1E700BF4F
:107AB00082510020000002B838B5294D04462978CB
:107AC00019B92022274828F0B2FE2378264A618877
:107AD000137051804FF2F0022449C1F8C821244AA2
:107AE0004BBBA1F50051D1F8F81711F4002F4FF05E
:107AF000FF011CBF1F48C0F8DC3011704FF040730D
:107B00001A4AC2F834311C4BD3F8F83713F48023E7
:107B10000BD14FF47F01C2F830111849C1F8303150
:107B200048F2C801164BC3F8F4100723C2F8FC331F
:107B30000122124B0DE000240E48022BC0F8DC405D
:107B40004FF0FF001070D9D107230422C1F8FC3395
:107B50000A4BC3F8FC23012300202B7038BD00BF63
:107B6000C5470020E03F00B082510020002002B84D
:107B7000D9510020004001B8000002B8001002B83E
:107B8000003F00B0034B1A6802609B88838000208E
:107B9000704700BF8251002010B5044601F024F860
:107BA000094BD3F8F80734B900F44020B0F5402071
:107BB00018BF012010BD022C0ABF80F40030002045
:107BC000C0F34040F6E700BF000002B8204908B506
:107BD000D1F8FC37FF2B31D01E48C3F303120270DB
:107BE000D1F8F81703F00F0309035BBFC2EB0212D1
:107BF0000F3B02F1FF32D2184ABF03EB0213D3B29C
:107C0000DBB2154A154913700978154B1A68E9B1AA
:107C1000B2F1A06F1AD3D3F85012124A124BB1F13D
:107C2000FF3F18BF1346114A136001F037F841F6C1
:107C30006A03B0FBF3F00E4B186008BDD1F8F837BB
:107C400013F4002F0CBFB4235A23DAE7064BEAE7FC
:107C5000000002B8DA510020C7470020D8510020A8
:107C60000080E00F5082E00FE826040888330020EF
:107C70008C33002020B1022804D1034B18787047C0
:107C8000024BFBE700207047DA510020C747002075
:107C90002DE9F74F846C4C22022C38BF022479491D
:107CA000013CCB6CD1F8DC507749C3F38213DA4046
:107CB0000B680646A34290F81071744BDFF8F0A1F0
:107CC000DFF8F091DFF8F08102F0010214D11878AA
:107CD000904211D19AF80000B8420DD1F06C58B121
:107CE000A84209D1357E99F80000854204D1B8F840
:107CF000040003B0BDE8F08F98F800001A700C6023
:107D0000FFF7B8FF0346002A00F08E8004234FF0EF
:107D10007F415F4AC2F8BC305E4BC3F8BC10337E73
:107D20001B06C2F8BC30002500F0B8FF40F27123FA
:107D3000B0FBF3F0192160431828B0FBF1F14FEAD2
:107D4000054400F29180002C00F09980B4FA84F28E
:107D5000C2F12002C2F10F03012B38BF0123D4402E
:107D6000A14201D2013B64086A1C03F01F015200CA
:107D70008A40121BDFF830B19208CBF8B0201A020B
:107D800042EA03121343019305EB052305EB032598
:107D9000414B40F6A40218682B21003818BF01207F
:107DA00003F010FCFA223C4B02FB04F01B6840F687
:107DB000FF72B0FBF3F00A235843384B00F57A7496
:107DC000C3F8D820019AA3F58053C3F8D820344AC9
:107DD000A3F58053C3F8DC50D2F8F827520308D437
:107DE000D3F8DC3003F47F02C3F303531343CBF81F
:107DF000FC30F5642B4D00F6B8302C6001F05AFDD4
:107E00004FF47A72284BC3F8A400C3F8F8002B682B
:107E1000B4FBF2F0B3FBF2F3A8F80430337E8AF837
:107E2000007089F8003064E7307E984228BF184619
:107E3000C0B237B1022F7FF476AFFFF719FE0546C7
:107E400072E7174BD3F8F8371903F6D450B10F2364
:107E50000138B0FBF3F00130144B1B68034413F8F6
:107E6000015C61E70120F7E7B1FA81F23CB1B4FAB5
:107E700084F3D21A002A3FF76DAF0F2370E70F2368
:107E800072E700BF004001B8C84C0020C647002080
:107E9000001002B8002002B88C330020006001B846
:107EA000000002B890330020003F00B0883300206B
:107EB000D7510020D65100208251002038B5254BE3
:107EC00005461A78244C0C2A02D1FF20207038BDB8
:107ED000104623F010FC01461046FFF7CBFEA842E7
:107EE00028BF2846C0B2884238BF08462378C0B2AF
:107EF0008342ECD020703ABB184BD3F8F83713F418
:107F0000002321D14FF2F001154AC2F8C811C8B1BF
:107F10000F230138C0B2B0FBF3F3591CC3EB0313BA
:107F2000C01A431C0D4A1B01D2F8C80143EA0133B1
:107F30000343C2F8C831D2F8C8210A4BC3F8FC2069
:107F40002078C4E70121EDE7074B1868FFF7A0FE92
:107F5000F6E700BF82510020D9510020000002B88E
:107F6000002002B8003F00B044340020014B1870DC
:107F7000704700BFD851002010B5044603F0B8F890
:107F800078B1154B1B786BB964B1144B1B784BB1AE
:107F9000134B1B78013B012B04D84FF40042114BCB
:107FA0001A6510BD104B1B6D1B04FAD41EF024FD86
:107FB000044602F079F94FF400420C4B2046BDE82C
:107FC00010401A6502220A4BC3F8D4240422054B40
:107FD0005A641EF015BD00BFC8470020C9470020E5
:107FE00094330020002002B8000002B8001002B84C
:107FF00000D003500122024B00201A70FFF7BCBFD3
:10800000C84700200022024B01201A70FFF7B4BFBE
:10801000C8470020054BD3F8843013F0030F4FF40A
:10802000802314BF024A034A93647047004000B89B
:10803000005000B8006000B870B5054600F0D4FDEF
:1080400001213A20F0F75CF83C4C3D4B00201D70BC
:10805000FFF792FF2378013B012B07D80122237CF5
:10806000E17B9A4030235943364B5A500022364B1D
:10807000C3F8D4249DB94FF6FF71344AC2F8841076
:10808000F821A2F58052C2F88410C3F8D454304BC2
:108090004FF080421A65FFF7BDFF002070BD636896
:1080A0005BB300F0FBFD626800EB5203B3FBF2F33D
:1080B000013B1B0243F0F80326782449022E254A8F
:1080C0001DD0032E4FF6FF751F4825D0012E2ED14F
:1080D00043F00203C1F88450C2F884300723C0F88B
:1080E000D43430230120E17B227C59431A4B00FA1F
:1080F00002F25A50FFF740FF17E0F823DCE74FF693
:10810000FF7043F00103C1F88400C2F884300622F6
:108110000D4BC3F8D424E4E743F00503C1F88450C1
:10812000C2F884300423C0F8D4340C4BB0E7C1F853
:108130008450C2F884300023F5E700BF9433002058
:10814000C947002040E0035000C00350006000B861
:10815000002002B8005000B840D00350001002B810
:10816000F8B5214F06463D4604460FCE0FC533688D
:108170002B6000F039FD01213A20EFF7C1FF00220A
:108180001A4BC3F8D424A17A627A42EA0142C3F8B6
:10819000E024217CE27B42EA0142C3F8DC24207B1C
:1081A000617B40EA0142C3F8D8243B78032B19D8FD
:1081B000DFE803F01202060C00230422F0F70EFFA2
:1081C00000230422217CE07BF0F708FF0123042236
:1081D000A17A607AF0F702FF054B1878BDE8F84005
:1081E000FFF72ABF0120F8BD9433002000C00350E0
:1081F000C9470020034B1B6D002BBCBF024BC3F8CB
:1082000088007047000002B8004000B82DE9F04730
:1082100000F044FD4FF47A764FF4FA73B0FBF6F6B3
:10822000734307462948190E1B021818284A4FF0B5
:10823000000341F100011DF0D7FF264BA0F580722D
:1082400005461A6320B943222B2103F0BBF901250F
:108250004FF47A724FF0000A6A43534650083102D5
:108260001DF0C2FF1B4B1C4AB7F57A7F9A601B4B6F
:108270004FEA056819601A4B8946044618604FEAB0
:10828000152505D295222B21504603F09BF9012696
:108290004FF47A73A8FB030103FB05117308C018A0
:1082A00041F10001002332461DF09EFF0D4B0234C8
:1082B00019600D4B49F10009A408186044EA89745B
:1082C000044B013C9C63BDE8F08700BF20A1070080
:1082D00040420F0000C001B802110100B433002079
:1082E000B0330020AC330020A83300200822044B18
:1082F000C3F884215A600122024BDA60704700BF44
:1083000000E100E000C001B80822064BC3F8842158
:10831000C3F88420BFF34F8FBFF36F8F0422024B4B
:10832000DA60704700E100E000C001B810B5044613
:10833000A242A2EB0000A3EB010104D2034B0139DE
:108340009B6B0133184401F0030110BD00C001B85C
:1083500038B501250A4B02019D504FF48073044645
:10836000084A834053661EF047FB074AA54013782E
:1083700023EA05031370BDE838401EF041BB00BF7F
:1083800000E101B800E001B8D24700202DE9F84F24
:10839000164605468A461F461EF02EFB022E00F0AA
:1083A000918080461EF033FB5A4B5B4AD3F82090F5
:1083B00092F865405A6EE4B2520744BFD3F8209059
:1083C000013404F003041EF028FB4846214600F067
:1083D00045FA8446DAF80000012E04BF01306044FB
:1083E000ACEB000C08BFCAF80000BCF1804F7DD395
:1083F00000F046FA8145A1EB040188BF454BDFF848
:1084000038C188BF01F1FF3101F0030188BF9B6BC8
:10841000A0EB090E0CF80510A1B1F90742BF41F617
:108420001F723E4B5A67BA0742BF3C4B3C4A5A67E1
:108430007B0742BF0022374B9A673C0742BF0022AE
:10844000344B9A6511244FF0010A324B05F11002AA
:10845000120103EB051BCBF80C0132499C501A6A40
:108460000AFA05F4586E0B78A2EB0902E4B2234332
:1084700072450B7025D34FF48073AB40034220D17B
:108480001CF80520002A40D10EB3274AF80753668E
:1084900007D541F61F7140F20110204B5967506714
:1084A0005967B90706D51D4B1D4A1F491F485A6712
:1084B00048675A677A0742BF01221D4B1A613B0782
:1084C0001AD440461EF09CFA0120BDE8F88F194AE4
:1084D0002D0142F805A042F89C3C1EF08DFA11498E
:1084E0000B7823EA04030B701EF08AFA40461EF054
:1084F00087FA0020BDE8F88F2120FFF77BFE4FF4BC
:108500008032044B4046DA60DCE7074A4046536657
:10851000D8E700BF00C001B8003E00B000E001B8DD
:1085200000001F1FD247002000D001B80000010149
:10853000000002B800E101B8CA470020024B1878D9
:10854000003818BF01207047D2470020034B10307D
:108550000001185800F00100704700BF00C001B8CA
:10856000044B01F0F071103041F00301000119508B
:10857000704700BF00C001B870B50646FEF728FC82
:10858000044608B1FFF7C0FE00230A4D3046AB6138
:10859000EB612B6200F074F9074BC9B283F86510E8
:1085A00028622CB1FFF7A2FE4FF08062034B5A64A1
:1085B000002070BD00C001B8003E00B0002002B82D
:1085C0002DE9F0419DF818800D46B8F1000F08BF65
:1085D0000022214EB5F5803FB168074621F47001B5
:1085E00041F4A001B1609DF820409DF81C104FEAB5
:1085F000042444EA016444EA031444EA084444EAD3
:1086000002044FF0180140F2D3222CBF00200120B9
:10861000746502F0D7FF3564B8F1000F1AD00F4B24
:10862000BC68D3F8B8306F2C38BF6F245B0606D512
:1086300000F010FC18B10A4BB3FBF0F31C442046C9
:1086400000F01EF90130854238BF0022024B34BFD2
:108650005A645864BDE8F08100C001B800C000B899
:1086600000093D0038B51A4B5D6C2DBB102420204D
:10867000FFF7C0FD174B9C6002F0EAFB164BC3F8F6
:10868000844101F055FD48B12A4600200821FDF73C
:1086900031F8124B5C66A3F580531C67104AD3680F
:1086A00003F07063B3F1807FF9D9094B0D4A5A6723
:1086B00041F201429A6738BD01F03AFD0028F4D03A
:1086C000094B064A5366A2F580521367EDE700BFD7
:1086D00000C001B8001002B800E100E000E001B8FD
:1086E000000002B8011B01181000002008B521206D
:1086F000FFF780FD4FF48032014BDA6008BD00BF08
:1087000000C001B808B52220FFF774FD4FF48022A5
:10871000014BDA6008BD00BF00C001B8F8B5174DC5
:108720000446EB6BDB0124D500F046FCA0FB0446BD
:10873000E86B070A050C10F0FF0005D140F2534228
:108740002B2102F03FFF0120EDB2AD01B5FBF0F0AF
:10875000FBB210EB831005D14FF48B622B2102F09A
:1087600031FF012002460023204631461DF03CFD2A
:10877000F8BD00F06FFBA0FB0401F9E700C000B8F2
:108780000246012030B50B4CA0F12003C0F12005BA
:1087900024FA05F504FA03F32B4304FA00F5954295
:1087A0008B4100D330BD0F2801D00130ECE7FF2012
:1087B000F8E700BF40420F0010B50C46FFF7AEFFD0
:1087C000C30943EA4163C01A61EBD111FFF7D8FF37
:1087D000FF2814D00F220C4B40F01000C3F8B82033
:1087E000A3F58053C3F8B800A3F580535B6ADBB2EE
:1087F000802B06D02046BDE8104000F0C9BB012008
:1088000010BD0220FCE700BF00E000B838B51EF044
:10881000FEF8084B084A1D6A92F865405A6EE4B2A9
:10882000520744BF1D6A01341EF0F7F8284604F0D1
:10883000030138BD00C001B8003E00B00346064A3F
:10884000103302EB00111B01D1F80C01D158C1F318
:10885000400122F06ABF00BF00C001B8064B1B6890
:10886000434303EB8171054B1B68A3FB003013F1FD
:10887000004341EB00007047AC330020A8330020D8
:108880000C4A20F04043014610B5002014684FF018
:108890000042E4FB0320084A890F126802FB030030
:1088A000064B9B6B984204D901330131C01A01F089
:1088B000030110BDB0330020B433002000C001B864
:1088C00040B1836833B10649C268096803F1304397
:1088D000032A00D8704743F8041B043AF8E700BFA6
:1088E000E833002070B51646054600B3F9B1F2B181
:1088F0004268104B006803321B68920800F1304058
:108900009847044688B9EA68A86803323146920855
:1089100000F1304022F022FF044630B9D5E90402CC
:10892000214600F1304027F082FF204670BD01242F
:10893000FBE700BFCC4C002070B50C68651C15D05F
:10894000C4F302669E42C4F3074530D1A4B29442F8
:108950002DD804EB8506B24229D2141BA50824F0B9
:1089600003040E59340F04D0012C09D00022012336
:1089700003E06B1C51F8232000230260037170BDDB
:108980000D4C34F8133042EA03431A686B1C51F85B
:10899000234001EB83014B6822405E4036F0704477
:1089A000EAD11B0F032B04BF8B681A43E4E70135A0
:1089B00001EB8501C1E700BFFC26040807B501A84B
:1089C000F0F76EFC254B2649D3F86022D2B2FF2A7D
:1089D0001DBFD1F87801130243EA0213D1F87831B0
:1089E0001CBF20F47F621343C1F8F8331C4BD3F84B
:1089F000F837190354BF09200C20F0F7C3FAC82236
:108A0000184B42F201015A654FF4C02203F510439E
:108A1000C3F868214FF48032C3F86C21124AC2F8BF
:108A2000701202F52042D2F8F827120308D44FF44E
:108A300070610E4AC2F8A0104FF42062C3F8A02063
:108A400001220B4BC3F8002403F53043D3F868210F
:108A5000084B1A6003B05DF804FB00BF0080E00F14
:108A6000000002B8008001B8006001B8002002B820
:108A7000005001B87C330020836810B4074C03F128
:108A8000304324681B689C4203D15DF8044BFFF718
:108A900029BF00205DF8044B704700BFE833002079
:108AA000134B1B78002B20D0124B134A00201A6066
:108AB000124B134A1A60134B134A1A60134B1A686D
:108AC000134B1A60134B144A1A60144B144A1A6061
:108AD000144B154A1A60154B154A1A60154B164A65
:108AE0001A60164B164A1A6070470220704700BF82
:108AF000D3470020F433002010300408EC3300206A
:108B000058270408F03300208C270408E04C00208C
:108B1000E83300200C3400204027040804340020EF
:108B2000182B04080834002088270408003400208B
:108B300028270408F833002090270408FC3300207D
:108B40007027040838B500231F4C012163643A20C4
:108B5000A364E364EFF7D4FA01221C4B5A610222AA
:108B60009A62E368C3F303630D2B01D0002BF8D1A5
:108B70001123E3630124164D2C701EF0EFF800233F
:108B80002B70144D40F25B7228685421C01A18BF34
:108B9000012002F017FD104B28681A680F4B196866
:108BA000FFF7A0FE00F0A4FF0D4B1868FFF788FE4A
:108BB0000C4B1868FFF784FE4FF08062034B5A613C
:108BC00003F580535C6138BD000002B8001002B8A4
:108BD000D3470020EC330020F0330020F433002092
:108BE0000C3400200034002001230D4A0D49C2F846
:108BF000803291660C4A53600C4A53600C4A5360B1
:108C0000A2F580425360A2F54042536002F5C032A3
:108C1000536002F580425360A2F5004253607047F2
:108C200000900050FF0B001600D000B8001000BAF2
:108C3000005001B838B50324FFF7D6FF114A124B94
:108C4000124D1A65FFF7BAFE114BC3F8104101230C
:108C50002B6500F055FD4FF460736B614FF40073AA
:108C60002B65FEF797FB0021FEF77EFB4022094BA8
:108C70001C64A3F580535C64074BC3F884215A60DD
:108C800038BD00BF0048F000000002B8001002B874
:108C9000005001B800A0095000E100E008B5EEF76F
:108CA000BFF9044B1B6FC3F300430133B0FBF3F078
:108CB00008BD00BF0080005070B5044698B1B1B146
:108CC0003A4A52F8043B834213D10023384A116CCC
:108CD000C907FCD4374800EB830022F048FD364B2F
:108CE000106001221A6470BD01330C2B02D1334D88
:108CF0002CE0012352F8041BA142F5D1304A32F88E
:108D00001330E3E7C2F3016335F81300110C93B29B
:108D100011F0FE0F43EA0043606820D00434CAB269
:108D2000022A216808D9D4E90160033AC3E9001690
:108D300098600C340C33F3E704D16268C3E9001285
:108D4000083403E0012A01D1043419602268531C5D
:108D5000D8D10022164B1A6003F58053C1E7120FD9
:108D6000072AEDD8DFE802F00704090D1013181DDB
:108D7000C04303F500531860E2E71A6842401A60E6
:108D8000DEE703F58053F6E722F0C4FCD8E70122C2
:108D900003F580538240F2E7012203F5005382403D
:108DA000EDE71A6830EA0202FBD1C9E7B8330020C8
:108DB00000C002B8404000B000D002B8FC26040851
:108DC000E04400200122014B1A657047001002B8F0
:108DD0000122014B1A657047002002B84022014B66
:108DE0001A657047002002B84022014B1A6570478F
:108DF000001002B808B50C4B1B68D3F8C83023B17B
:108E00001A68022A01D9186A08BDFFF747FF074B05
:108E100002469B6E98B20028F6D0C3F30743D208EF
:108E20005343B3FBF0F0EFE744340020004001B8B7
:108E3000064BDB68C3F30363984206D1044A936E82
:108E400023F0F00343EA011191667047000002B875
:108E5000003F00B0054B1B68D3F8C83013B11A6847
:108E60000A2A01D8FFF7C6BF186C704744340020A7
:108E700010B50446FFF7BEFF0F4AD2F868311B0455
:108E80000E4B48BF40089B6C03F4C053B3F5805FA2
:108E90000ABF536EC4F30113C3F34163012B02D025
:108EA000022B02D010BD4008FCE7C4F3C4240134F7
:108EB000B0FBF4F0F6E700BF004001B8004000B896
:108EC0002DE9F3470F4622F01EFC00258046DFF80F
:108ED000B890DFF8B8A01DF08FFD0DF10701064630
:108EE0000DF10600FEF75CF89DF806308BB9791C91
:108EF0002CD022F008FCA0EB080530461DF080FDC8
:108F00009DF8063013B99DF8073053B3AF42E2D84D
:108F100027E0D9F80C3013F4603FE8D0D9F81830C6
:108F20001A04C3F389141ED4013701D022F0EBFBDD
:108F300030461DF065FD24B26FF4FF73A4F1C80044
:108F40009842B8BF184602B0BDE8F08730461DF021
:108F500057FD9DF80630002BBDD19DF80730002B42
:108F6000B9D10848EFE77B1C44EA0A0403D022F099
:108F7000CAFBA0EB080530461DF042FD14F5007F4A
:108F8000BED0D9E700FEFFFF00C000B800FCFFFF25
:108F900010F1800F04D04D28CEBF7F20323040B278
:108FA000FF22044BC0B25A62A3F5805358620020DE
:108FB000704700BF00E000B80B4B0C491A6F70B54A
:108FC00002F007021E6F8C5C1D6FFFF767FEC6F391
:108FD000CD0606FB0444C5F3454505FB044480016A
:108FE000B0FBF4F070BD00BF004001B8F4260408E7
:108FF000044BD3F8B03010B1C3F30332027003F066
:109000000F007047000002B8064B01F080015B6C56
:1090100003F480030B4302BF4FF40012024BDA64E7
:10902000704700BF000002B8006001B80F4B1B780A
:109030008BB1012B11D10E4A012102F580528B42D6
:1090400091600FD80A4A0B49002B08BF0A46936863
:109050009B07FCD47047074AEEE700224FF4805389
:109060009A60FFDE00239B68FBE700BFD447002027
:10907000004003B8000003B838B50B4B0B4C002878
:1090800018BF1C46A569E3691D4007D0084B1B6843
:109090002BB12846984704F50054A56138BD6B05EF
:1090A000F9D5FFF7C3FFF6E7004003B8000003B8A7
:1090B000103400202DE9F04F0A460C4685B00021FF
:1090C000814627F0B4FB304B5D6915F0010504D0F3
:1090D0000024204605B0BDE8F08F02F087F8002894
:1090E000F6D04FF06051294E294B2A4AD3F84C80D4
:1090F000D6F88C30D1644FF00061A2F58052D16473
:1091000024220421C6F88C20234A4FF4804B91601E
:109110004FF480522F46DFF88CA0CAF868B0F26294
:10912000A74213D304211D4A9160A2F5F032C2F880
:109130008C304FF06052174BDA6408EA0203184A89
:10914000D3644FF48042174B9A66C2E7B26E510463
:10915000FCD5B268D205F9D5CAF868B0D6F8902027
:109160000135012D0392DBD9E21B042AA8BF04229A
:1091700009EB070003A90193009227F06AFB009A0C
:10918000019B3A4497B2CBE7000002B8004000B818
:10919000004001B8006001B8001002B8002002B819
:1091A000005001B8006000B84FF604014FF6050208
:1091B000044B01201B6C9BB28B4208BF1346024A32
:1091C000136670470080E00F00C001B82DE9F74F2B
:1091D00081460F464FF0FF35FFF718FB0026019040
:1091E0008A462C463046DFF8D8B006F110031B0142
:1091F0005BF8033003F00308B8F1010F15D13046D6
:10920000FFF71CFB02460B4601985146FFF78EF80C
:10921000DBF8643006F10802D340DB0739D5002FB4
:1092200040D000252C463E6040460136082EDCD159
:1092300060B3234A0027D2F808C0916B0CF4403386
:109240000131A4FB0141641941F10001B3F5003F74
:1092500030D1536B0CF4405C013347F10006BCF590
:10926000805F22D1156B15F5807505FB06F647F179
:10927000000203FB0266A5FB03323244594304FBA0
:109280000212A3FB04341444C9E9003403B0BDE85E
:10929000F08FA84271EB0403C6D207B13E600546C9
:1092A0000C46C1E73D463C46BEE7320242EA136245
:1092B0001B02E3E7136B13F5807347F10002DDE750
:1092C00000C001B8034B1A6E596E03F500530A40F3
:1092D0001A66704700800A50F8B50B46002213F852
:1092E000044B944225D91D68854224D106245A791D
:1092F0001D79124B88181E6804FB0503104F33F8C4
:10930000063C7B43B3420ED900238A5A7A439642E5
:1093100002D804FB0300F8BD9D42FAD9013304FBD7
:1093200003F2825AF2E740F243423D21002002F06C
:1093300049F90020EFE708330132D2E71434002066
:1093400040420F002DE9F04F4FF0000EA2FB016BE1
:10935000DFF8F4C2DFF8F48216EB0C0C1F466BF159
:109360000003E0457EEB030383B009D240F23D22C7
:109370000E21704602F026F9022003B0BDE8F08FFE
:10938000D7F814A00C4615468146BAF1000F04D058
:10939000DAF80030032B00F29A809E4B9E4A9B6BBA
:1093A000D2F8FCA0C3F314089C4B1B6F5A074EBFA6
:1093B0004FF440039B0503F0E07348EA0308984B21
:1093C000D3F8EC305B0048BF48F0807848EA456845
:1093D000EDF756FE012D0246CED10028CCD0914BA0
:1093E000984200F0858003F5122303F5F863984254
:1093F00000F090808C4B984200F0EB8000250190AB
:109400002B4600204FF000711CF0EEFE2B46019A17
:10941000013006FB03F300FB0B33A6FB00600344A3
:10942000C8F31300A0FB0221203300FB05119B09A8
:109430003B607E4BD20C1C6042EA41317C4B18F4FD
:10944000801F08BF494219607A4B0C441C60BAF176
:10945000000F5BD000237B60BB60DAF81C5018F073
:10946000807F18BF6408002D46D099F81220093A71
:10947000012A41D9694ED6F83C21D0027FD4DAF8CE
:109480000000002C00F0A980B4FA84F1072900F351
:10949000A480C1F1080325FA03F304FA01F10133B2
:1094A000B1FBF3F14B004FEA442C0133E40D01E032
:1094B00002330131A5FB0362B44574EB0202F7D21B
:1094C000C1F30E031B0343F00063BB6016E0042BE3
:1094D000DAF828807FF47CAF18F0807F14BF4FF457
:1094E000400308F0E07328F0E07848EA03086FE7EB
:1094F000002351481D468CE7DAF8000000230628B7
:10950000FB603B6102D9DAF830303BB9002003B090
:10951000BDE8F08F002349481D467AE7EDF7B0FD1E
:10952000DAF83010FFF7D8FE044610B18378002B2C
:1095300056D1EDF769FDDAF83010FFF7CDFE04469D
:109540000028E3D08378002BE0D0407940F26F52BE
:10955000003818BF01203D2102F034F820794FF483
:10956000AE6200384FF03D0118BF012002F02AF82A
:10957000237962791B0243EA02133B61C6E781EA61
:10958000E172A2EBE1722E49C8F3815811F808C0CC
:1095900019464FEA8C6C6008CCFB020122461CF095
:1095A00023FE0346DAF800000E280ED9194A916B03
:1095B000B26CD6F83C61D20607D501F4801106F4EE
:1095C0000016314308BFC3F58013C3F313037B6058
:1095D00057E700231B481D461BE72B4621025FE788
:1095E000407940F25452003818BF01203D2101F06B
:1095F000E9FF207940F25552003818BF01203D2183
:1096000001F0E0FF237962791B0243EA0213FB6059
:109610008FE700BF008001B8004F00B0004001B8E4
:10962000000002B800F04902005A62021C34002017
:1096300018340020143400200A3BB2DF313641DCFC
:1096400004270408D694BFD6006CCA88807C814A5F
:1096500010B5044686B059B9214B4168D3F8FC30A7
:10966000827A2048059300686B46FFF76BFE6946D7
:109670001D4B0A685A631A4BD3F8FC3033B34B685E
:1096800043B11A4B1A4AC3F83C214A68A3F58053E8
:10969000C3F83C218B6843B1144B164AC3F81C2114
:1096A0008A68A3F58053C3F81C21134AC868D2F80E
:1096B000983123F4EE630343C2F89831D2F8903125
:1096C000096923F4EE630B43C2F89031002022892C
:1096D0000A4B9A6203F5A033186406B010BD00BFB0
:1096E000004F00B044340020008001B8006001B891
:1096F000FFFF0F0000F0FF0F000002B8004000B8AD
:10970000074BD3F88022D20707D55B6E002B4FF4AE
:109710008043B4BF034A044A13650020704700BF6A
:1097200000800050002002B8001002B8064B1A6CEE
:109730009207FCD4022240EA01205860034B1A64CD
:109740000122034B1A70704700C002B800D002B863
:10975000D54700202DE9F041184F0546FB68C3F3BB
:109760000363022B19D121F0CEFF0646DFF85880A3
:10977000BC6A14F4802413D1284621F020FF28B1BC
:109780000F4B93F8D8200AB183F8D94000220D4B33
:1097900083F884208022094B1A610020BDE8F08103
:1097A00021F0B1FF801B40454FF07E024FF0470192
:1097B0008CBF0020012001F005FFD9E7000002B8AE
:1097C000003E00B0003F00B03F420F0040B10368D0
:1097D000012B05D90069034B002808BF18467047C4
:1097E000004870470C27040810B590B10468012C9C
:1097F0000FD902696AB11168094B102C19605168C0
:109800005960916888BFD268996094BFD960DA6066
:1098100010BD10220021024827F009F8F8E700BF28
:10982000243400201E4B2DE9F0410D4616461C68DD
:1098300088B34FF47A7343438A68A3F6AC539B1AF8
:109840004A689B1A174A92F86820D20701D5A3F6F6
:10985000B833154AD8171168144FA1FB033201FB26
:10986000002213F1807342F100025B0E43EAC2133F
:10987000803B33620E4BD3F8C43073623B686BB1EC
:10988000204621F09CFE48B1324629463B68E06FF5
:10989000BDE8F04118474AF6C873DAE7BDE8F08141
:1098A00044340020003E00B0343400202034002036
:1098B000003F00B0084BC1171A68A2FB000302FB6F
:1098C000013310F1807043F10003400E40EAC310F1
:1098D000803820EAE0707047343400200722194BAA
:1098E00070B51A64FFF7DAF9174BC408010B054687
:1098F000E005C018154A41F1000100231CF074FC7A
:10990000134B144E18601448FFF7D4FF4042C6F8BA
:10991000DC0049F65800FFF7CDFFC6F8A8000F4855
:10992000FEF7AEFF024660B1E301500818184FEA97
:1099300015714FF0000341F100011CF055FCC6F811
:10994000B40070BD000002B8B2E60E0065CD1D0087
:1099500034340020003F00B07011010040420F007D
:1099600098B14FF47A735843094BA0F6B830DB68CE
:109970001844084B93F86830DB075ABFA0F59C5099
:109980000838A0F6AC50FFF795BF47F23050FAE721
:1099900024340020003E00B010B5044698B10B4BB3
:1099A000D3F8FC00FFF720FF4FF47A7303FB04F0B9
:1099B000074BA0F6AC50DA689B681044C01ABDE8AB
:1099C0001040FFF777BF4AF6C870F8E7004F00B0C5
:1099D00024340020F8B50446084615461E46FFF715
:1099E00003FF9CB106F0020716F004060FD16FB119
:1099F0004FF47A7063685843002B4BD1FFF75AFF3E
:109A000028636069FFF7ACFFE8623EBBF8BD2069E0
:109A1000002839D04FF47A735843254BA0F6AC5048
:109A20009B68C01AFFF746FFA862A08B78B34FF47B
:109A30007A7358431E4BA0F6AC509B68C01AFFF7D0
:109A400039FFE8612A461A49E068FFF7EBFE00217A
:109A5000A069FFF7A1FF6863002FC9D1A06800BB10
:109A600047F23050FFF726FF68614FF47A702368A1
:109A700058432BB10E4B1B6803F51C53103318448D
:109A8000FFF718FFA861C1E74AF6C870CAE74AF6AF
:109A9000C870D4E7064B1B6803F51C5310331844F9
:109AA000ACE74FF47A735843A0F5FA50DAE700BFF9
:109AB0002434002010B508461C4621F047FE094B0F
:109AC0000246D3F8FC00FFF781FE4368A018002B84
:109AD000054AA8BF4FF4FA721A44044B92FBF3F202
:109AE000104410BD004F00B00CFEFFFF18FCFFFF3C
:109AF00070B588B06D46194C0FCC0FC594E80F00B7
:109B000085E80F004FF480720021154826F08FFE83
:109B1000B0220021134826F08AFE2022002112489C
:109B200026F085FE21F0C2FE104B1B783BB16D463E
:109B30000A4E0FCD0FC695E80F0084E80F000C4ABF
:109B40000C4B1068516803C3906818600A4BD3F837
:109B500078210A4B5A6608B070BD00BFE03F00B0E4
:109B6000503E00B0503F00B0E04F00B0C54700206D
:109B70001C270408AC3E00B0000002B8003F00B053
:109B80000A4B197801F0FF0229B100211970084928
:109B90009202C1F80821597801F0FF0229B1002191
:109BA00059709302024AC2F80C317047D647002020
:109BB000005000B8064BD3F8EC0E064B9B6C1A0114
:109BC00003D4054B9B6E1B0401D500F580707047D4
:109BD000003000B0000002B8004000B808B51CF02A
:109BE0000BFF0E4B1A78A2B90D4A126812F4843F8B
:109BF0000FD10C4A102111651B7863B9084B1B6803
:109C0000DB0508D4074B20221A65BDE808401CF08C
:109C1000F7BE054AEEE7044BF5E700BFDA47002040
:109C200088140020002002B8001002B810B51CF003
:109C3000E3FE0E2104460320FFF7FAF840F201226A
:109C4000034B2046BDE81040DA621CF0D9BE00BFCD
:109C5000004000B8054B00201B681B7CDB0902BFDD
:109C60000322034BC3F85022FBF702BF4434002009
:109C7000006001B80022044B1A70044B197811B12E
:109C80001A70FFF7ABBF7047D9470020DA470020B2
:109C900008B51CF0B1FE4FF08042264BC3F880207F
:109CA000BFF34F8FBFF36F8F4FF00042C3F8802098
:109CB000BFF34F8FBFF36F8F0122C3F88420BFF330
:109CC0004F8FBFF36F8F0222C3F88420BFF34F8FF3
:109CD000BFF36F8F0422C3F88420BFF34F8FBFF30D
:109CE0006F8F4FF00052C3F88020BFF34F8FBFF348
:109CF0006F8F0822C3F88420BFF34F8FBFF36F8F9D
:109D00001022C3F88420BFF34F8FBFF36F8F202240
:109D1000C3F88420BFF34F8FBFF36F8F8022C3F847
:109D20008420BFF34F8FBFF36F8FBDE808401CF056
:109D300067BE00BF00E100E008B51CF05DFE4FF01B
:109D400080420C4B1A604FF000421A6002225A60A7
:109D500004225A604FF000521A6008225A60102202
:109D60005A6020225A6080225A60BDE808401CF0E8
:109D700047BE00BF00E100E0012370B5074C23702F
:109D8000074B1E68074B3240D3E900531940284067
:109D9000FBF7B0FC0023237070BD00BFD847002044
:109DA0003C340020881400202DE9F047DDF820A085
:109DB00003EA0108099B06460D4602EA000703EA8A
:109DC0000A09BAF1000F40F05981031F0B4300F05C
:109DD0001981052871F1000380F0EF8050EA01033A
:109DE00000F06F81431E0B4300F02F81FFF750FFFF
:109DF000B54AD2E9004323EA050324EA06043C43BA
:109E000043EA0807B14BC2E900471E6826EA0A0682
:109E100046EA09061E60FFF7E1FE14F02A4F14BF60
:109E200048F202034FF40043A94AB007D26EA94892
:109E300048BF43F4005383EA020122EA0302C266E8
:109E4000A54A0B408166D366C4F380421203210306
:109E500048BF42F48072E30648BF42F400529F4B71
:109E6000A50648BF42F40072600648BF42F4806213
:109E70002106D96848BF42F4006282EA010323F058
:109E80008053974819401A40C1608360954BDA604F
:109E9000BA0507F4007300F11081934A1D46D2F809
:109EA000A41002F50052C2F8A410C2F8A0104FF09E
:109EB0005022C2F8A4308D4ADFF86C8282F88830D4
:109EC000E30448BF45F48035A00348BF45F480153E
:109ED000A10748BF45F4001514F4001F06D0D8F8B8
:109EE000000021F032FE08B945F40025E20248BF27
:109EF00045F40035FB067E4B48BF45F480051A6AE1
:109F00007C4985EA020323F001031A400A621D40DE
:109F1000CB61794B16F0010F1D62784B784A18BF60
:109F20001A46784B7D071B6F48BF42F000627648A7
:109F300082EA030123EA02030367744B0A40416685
:109F40001A67734A04F00103D16CA0F5803081EAEE
:109F5000030221EA0301C16482641A406D4B2002AE
:109F6000DA64D8F8002048BF6B4B92F8292158BF1B
:109F70006A4B610748BF43F4806322B114F4C06F99
:109F800018BF43F4807332074FF03A42BDE8F04700
:109F9000D2F8181148BF43F0004383EA010222F4CB
:109FA000A0225F481140C0F818111340C0F81421D6
:109FB0005C4AC2F81831FFF7BFBEA0F580630B43BF
:109FC00006D020F48063A3F500730B437FF40EAF3B
:109FD0001CF012FD3C49D1E9003223EA060322EAD3
:109FE000050242EA08023B43C1E900324E4A1268C8
:109FF00092F829114A4A09B313F4C06F1ED04FF4E6
:10A00000807311E01CF0F8FC2F4AD2E9003123F0F4
:10A0100004033B4341EA080157EA0807C2E900315B
:10A020004FF480633E4A0BD0C2F81431A2F580523F
:10A03000C2F81831BDE8F0471CF0E2BC4FF4807361
:10A04000C2F81831C2F81431F4E71CF0D5FC1E4AEE
:10A05000D2E9003123F001033B4341EA0801C2E9A0
:10A0600000310123314A57EA08071BBF9364A2F568
:10A070008052D364D36408BF9364DBE750EA0103E2
:10A080007FF4B4AEBAF1010F7FF4B0AE1CF0B4FCB3
:10A090000E4A136823F0010343EA090313604FF4E7
:10A0A0008063194AB9F1000F04D05366A2F58052BB
:10A0B0001367BFE713675366BCE701234FF480259E
:10A0C000F9E6BDE8F08700BF881400203C3400208A
:10A0D000004000B8006000B8005000B8004001B86F
:10A0E000006001B8005001B800400050003F00B0CF
:10A0F000000002B8002002B8001002B8041C0003DF
:10A100000418000300C001B800E001B800D001B895
:10A1100000C000B800D000B80D0A0A09090A0A09EF
:10A12000002000BA001000BA4434002000E000B85B
:10A13000024B5868C0F3C000704700BF881400206D
:10A14000024B186800F00100704700BF881400201F
:10A15000024B5868C0F3C030704700BF881400201D
:10A1600010B50446FEF766FDFFF792FD04F180008E
:10A17000FDF7A6FAFEF7E6FCFEF748F8FEF7B6F89C
:10A18000FFF7ACFB13490723134AD1F8FC1004F185
:10A19000D800FFF71FFC4FF080710020FEF7E0F9B8
:10A1A0004FF000720D4B4FF400110120C3F8002155
:10A1B000FEF7D6F9FEF7F8FF20B940F2213214215C
:10A1C00001F000FA21F070FBBDE810400120FDF71E
:10A1D00033BF00BF004F00B0A43F00B000D001B8B3
:10A1E0008022074B5A64082203F580535A64054ABB
:10A1F000D2F8BC3E23F02003C2F8BC3E704700BF3B
:10A20000001002B8003000B010B51CF0F5FB0121C1
:10A210000446FFF7E5FF054B00201961044B5B681E
:10A2200098472046BDE810401CF0EABB000002B889
:10A23000AC4C0020F8B5194C0546207840F25E423F
:10A24000B0FA80F03E21400901F0BCF955B96078C0
:10A2500040F25E42BDE8F840B0FA80F03E2140098D
:10A2600001F0B0B94FF440660D4F0E4DD7F80831EC
:10A2700040F25E42C3F381232370C5F80861607821
:10A280003E21B0FA80F0400901F09CF9D7F80C317A
:10A29000C3F381236370C5F80C61F8BDD647002075
:10A2A000004000B8006000B8F8B5084C084D636C79
:10A2B0000423084F6B64636C5B0300D4F8BD042671
:10A2C00002207E6421F026FA6E64F4E7000002B8F2
:10A2D000001002B8002002B8A82238B51A4B5D6CF5
:10A2E00003F500535A6410229A60A3F5804302F1EB
:10A2F00000521A675A66FFF743FC144B1B7813B9D8
:10A300000320FEF725F80024114B9C67FFF7CCFFD4
:10A31000104A114BD2F8EC1E0B40C2F8EC3E04225E
:10A320000E4B5A640E4BAA06C3F8C44008D503F579
:10A3300080739B6FB3F5817F22BF8022024B1A612D
:10A34000BDE83840FCF764BB000002B8DD470020E0
:10A3500000C001B8003000B0DF0000FF002002B8EC
:10A36000003E00B010B528B979B94FF4C062154B62
:10A370009A6510BD49B9144BDB681B0E13F00E0F24
:10A38000F3D1124B1B6CD907EFD4FFF74FFC0E4CE7
:10A390000020FEF72DFE032801D0092805D1A36A6D
:10A3A000DA07F5D4A36CDB03F2D4FFF77DFF0122BB
:10A3B000074B5A6102229A62042203F580535A64C1
:10A3C000D3E700BF006001B8000002B800C002B8C7
:10A3D000001002B808B503210920FEF729FD20224C
:10A3E000014B1A6108BD00BF000002B80D4A10B54C
:10A3F000D2F8A030D2F8A4100B40B3F1804F0CD3A8
:10A400004FF040400849094CC1F8A400D467C1F896
:10A41000A0004FF48021064AD161034AC2F8A0305F
:10A4200010BD00BF00400050006000500000FF0160
:10A43000001002B838B505461CF0DEFA0446FDF7F8
:10A44000F9F835B1FFF716FC2046BDE838401CF09E
:10A45000D7BA084B1B78002BF6D0074B1D78002D80
:10A46000F2D1FFF707FC2A464FF480400021FFF7A6
:10A4700083FCE9E7D9470020D84700202DE9F84FB1
:10A48000594B06460D4614465B6C002A40F0A980E5
:10A4900013F0A00F14BF4FF001094FF00009FCF7B3
:10A4A000B7FAA0234FF0000ADFF858810320C8F85C
:10A4B0004430FDF74DFF0420FDF74AFF4B4FFFF7F7
:10A4C000D9FB4B4B4FF0040B7B67C7F878A0FFF725
:10A4D000EBFE484B4FF48071D3F8BC2E42F02002C3
:10A4E000C3F8BC2EFF22C8F808203F4A1161D3F8F8
:10A4F000EC2E41491140C3F8EC1EC8F844B0C3F833
:10A50000C4AE7B6913F0060F04D0FEF7FBF8584683
:10A51000FDF71EFFB9F1000F08D04FF40062374B72
:10A520005A644FF40042A3F5E0339A6666B1344BA7
:10A53000DB6C180701D4FFF779FBFFF74BFF042012
:10A54000FDF706FFFFF71CFB274B5A69D10746D5DD
:10A55000DA6812F0706FFBD12A4B2B4A5A642B4AEF
:10A56000936E23F0F003936615B12046FFF762FF68
:10A57000274BD3F84C315A1C01D05B0002D5012285
:10A58000204B5A615CB31E4BDA6E03F500539A669A
:10A5900003F5D0331B6A1B4A23F00103D3611D4B23
:10A5A000D96803F50053996003F50053D3F884107C
:10A5B00003F5005399674FF03A43D3F8181103F5A8
:10A5C0000053C3F81411144BD96C03F5005399646C
:10A5D000124903F5803359664FF608435364BDE8CA
:10A5E000F88F4FF000095AE7000002B800C001B828
:10A5F00000000101003000B0DF0000FF001002B8D1
:10A60000004000B8002002B810003000003F00B049
:10A610000080E00F004001B800C000B85000002FDB
:10A620009E4B2DE9F04F9A6EDB6E85B002EA03086F
:10A630009B4BC3F868804FF03A43D3F81461D3F8CA
:10A6400018311E40974BC3F81461974B9A68DB682A
:10A6500002EA030A954BC3F808A003F52043DA6920
:10A660001B6A02EA0309924B09F47702DA61914B03
:10A67000D3F80422110706D4D3F804311A07C3F320
:10A68000C00740F1E9801CF0B7F98B4B5A695F6E47
:10A690001B6F12F0060F07EA0307884A27F00073C2
:10A6A00023F4006314BF4FF0010B4FF0000B53660F
:10A6B0007B0706D5824A92F865300133DBB282F817
:10A6C00065301CF09DF9B8F1000F00F0E38018F43C
:10A6D00000442BD01CF090F90146FFF76BFA0446BA
:10A6E000784D2B6818681A689042FCD01868904220
:10A6F000FCD0FFF75FFAA04240F0B08008461CF0A3
:10A700007FF9714B1C60714B5D6C15F4E05240F0A9
:10A71000A78024F07F4424F0DF040CB9FFF7DCFDB0
:10A720006B4B01201B6898474FF0807418F0020FA4
:10A730004FF0000514D0654B5D495B6C03F460423B
:10A740004A64002A00F0A0801D0400F1A08013F4E8
:10A75000005F0CBF4FF000534FF0006300251C4317
:10A76000C8F340384FEA48085A4B3340002B4BD0CF
:10A7700016F4206F0AD040F6D5020621002000F022
:10A7800021FF0020FFF756FE26F48026F00506D5AF
:10A79000FF22474B44F4C0649A60FFF747FA16F073
:10A7A000090F0BD040F6EA020821002000F00AFF52
:10A7B000FFF710FE4FF03A4301225A6316F0106F74
:10A7C0000CD040F6F3020921002000F0FBFEFFF759
:10A7D00001FE002211461046FCF700FF16F4202F60
:10A7E0000AD040F6FB020721002000F0EBFE00201B
:10A7F000FFF720FE26F48026F10301D5FDF75EF871
:10A80000002EB8BF48F0080872070ED54FF03A4343
:10A810001B6B13F4005F4FF4005317BF214A2E4AFD
:10A82000136344F4000408BF1363730548BF44F086
:10A83000040416F48023019300F0B480FCF7FAFFBF
:10A84000013806284AD8DFE810F038013B0138010A
:10A850003E01410144014401BB4634E7044640E760
:10A860000192FFF739FD124B019A5A6415F4805397
:10A8700007D115F4806F0CBF4FF080544FF0806407
:10A8800054E74FF0804451E74FF0007366E74FF014
:10A89000004363E74446454666E700BF004000B812
:10A8A000006000B8002000BA004001B8006001B8A4
:10A8B000002002B800E100E000C001B800E001B8EB
:10A8C000003E00B0C04C002038340020000002B828
:10A8D000C44C0020090B0B89001000BA40F62C1262
:10A8E0000321002000F06EFE4FF03A420121D2F821
:10A8F0008C30D2F8AC0003F00703063301FA03F3FF
:10A90000C0F30C001B1A9BB2072B12D97D4B5B6C5A
:10A9100058020ED47C48D36CD26E406D58B103F00F
:10A92000070306339940C2F30C03C91A89B20729F9
:10A9300001D844F40074754B1B78002B32D04FF0D3
:10A940003A43D3F8143113F4A02F2BD1704B714A32
:10A950001B7893B9FB0410D4137873B1E3086E49E4
:10A9600043EA457383F00103D1F8EC1E03F00103C1
:10A970005B0021FA03F3980714D10420FDF7E8FCEB
:10A98000664B67495967FFF775F9624A13782BB927
:10A99000644B654A1B682340134201D144F4804450
:10A9A00027F48057BAF1000F27D01AF4805F18BF40
:10A9B00044F480241AF4807F18BF44F400241AF46D
:10A9C000005F18BF44F010041AF4007F18BF44F071
:10A9D00020041AF4806F18BF44F040041AF4006F8A
:10A9E00018BF44F080041AF0805F06D04F4B00215E
:10A9F000186845F48055FCF741FAB9F1000F3ED0D4
:10AA000019F4802F18BF45F4007519F4803F05D064
:10AA1000474B03201B6844F48054984719F4801F67
:10AA200018BF44F4003419F4001F18BF44F00204A6
:10AA300019F4003F18BF44F4801419F4800F18BFB4
:10AA400045F0100519F4002F19D0334BD3F8BC3E54
:10AA500013F0C00F13D02B4AD368C3F30363032B47
:10AA600001D0072B05D1936CD90602D4D36C1A07F9
:10AA700036D54FF400222F4B29F40029DA61002F3C
:10AA800000F022813B0540F18F802B49DFF88CA03C
:10AA9000CB782A4A002B57D04FF40060013BDBB241
:10AAA0005066CB7033B9264B1B78E3B140F60142B8
:10AAB000244B5A670023002274E044F4803413E7E7
:10AAC00044F4006410E744F480640DE744F48074B7
:10AAD0000AE7174B02201B6844F00804984703E775
:10AAE00044F40014CBE7DAF8783013F4A05F15BF14
:10AAF0004FF4807340F60143CAF85830CAF87830F2
:10AB0000D8E700BF000002B8004000B8DA470020D4
:10AB1000D9470020DB470020003000B000C001B85A
:10AB20000000010188140020088D01004434002039
:10AB3000C44C0020002002B8CA47002000E001B841
:10AB4000DD47002000D001B80320FDF701FCDAF852
:10AB50001430A74813F0060F04BF41F61F73A54A2F
:10AB6000A54908BF53674FF40062A24B5A66DAF852
:10AB7000143013F0060308BFCAF87830B0F862301A
:10AB800013F4006266D023F40063A0F862300B78FF
:10AB900003F0FF0A002B61D1FDF7B4FDFFF79CFB2A
:10ABA000534620221C431543B80009D52E20FDF73B
:10ABB00021FB4FF000528F4B45F008051A675A668B
:10ABC000F90606D52B20FDF715FB1022894B1A67D5
:10ABD0005A6617F0306F05D1FA0469D5BBF1000F42
:10ABE00000F0AE803B0111D52920FDF703FBFFF7F4
:10ABF0009FFA48B1814B82497E4A53660B6701F543
:10AC00004051C96848042CD445F0040517F0007B76
:10AC100032D00420FDF79CFB2720FDF7EBFAFFF76D
:10AC20005BFB4FF00072734B5A66764BD3F8EC2EF9
:10AC300052067ED4744B02229A60FFF70BF8734BD6
:10AC40001B6823B17248002201210068984745F033
:10AC500002052AE00B784FF40053A3E74FF40043BA
:10AC600029E7136720205366FDF7C4FA2D2045F02D
:10AC70000C05FDF7BFFAC9E717F0807FDFF894A154
:10AC800042D00420FDF764FB2820FDF7B3FADAF880
:10AC90007830002B35D1FFF71FFB564B574A45F054
:10ACA00001051A675A66FEF7D5FF0022594B9A65CF
:10ACB0007B0509D5584A9378002B00F09480013B1E
:10ACC0009370002348EA0308424620462946FFF7CE
:10ACD00053F8019B0BB1FCF7E3FD4FF000424F4BE3
:10ACE00006F00436C3F814614D4B19F4002FC3F875
:10ACF00080211EBF4FF40022434BDA6105B0BDE84E
:10AD0000F08FCAF878B0C8E7F904CED50420FDF773
:10AD10001FFB444BCAF87430FDF7F4FCDAF86430DA
:10AD200013F0407FC1D12A20FDF764FAFFF7D4FA6F
:10AD30007BE7D3F8BC3E98063FF57FAF3A4B7AE706
:10AD4000354A13794BB1013BDBB2137113B92C4B6C
:10AD5000364A5A6700231C43AAE70420FDF7F8FA95
:10AD60000320FDF7F5FA2B4B2E4A5A671BF044FEE1
:10AD700082460DF10F00FEF73BF92D4B83461B7801
:10AD80000BB1FEF753FFBBF1030F0ED1DFF8ACB0F0
:10AD90000020FEF72DF9032807D1DBF82830D9076A
:10ADA000F6D4DBF84830DA03F2D49DF80F30032BE9
:10ADB00006D101221F4B50461A701BF021FEC9E735
:10ADC0004FF03A43D3F8143113F4A02FF1D1FEF72A
:10ADD00051FF50461BF014FE174B03201B68984789
:10ADE0004FF48043B7E70220FDF7B2FA012369E789
:10ADF000003E00B000E001B8DD4700201000002058
:10AE000000D001B8003000B0002002B87833002034
:10AE10004434002000C001B8CA470020002000BA16
:10AE200000E100E000000101001002B80000010D87
:10AE3000DC470020D9470020C44C0020000002B8A5
:10AE40000122024B1A62DA61704700BF002002B88B
:10AE5000084A08B5D369116A0B40074923F47F00FB
:10AE6000DB07C86104D5D068C0F30360FFF7E8FFD3
:10AE700008BD00BF000002B8002002B80C4A08B5A7
:10AE8000936CD26C13400B4A9364DB070FD50A4BCB
:10AE900040F674321878122100F0010000F092FBA5
:10AEA000BDE80840002201200021FEF765BF08BD73
:10AEB00000C000B800E000B888140020164B10B5A0
:10AEC0001C6C5A6C1440154A24F002011164E2070C
:10AED00005D540F6D3320020196800F073FBA307B4
:10AEE00018D502220D4B1A640D4AA3F500531468BD
:10AEF0005B687CB1DBB2042B07D100220121094B36
:10AF000018682346BDE810401847052B02D10022DF
:10AF10001146F4E710BD00BF0080095000A00950A1
:10AF2000783300204434002038B50B4C0B4DD4F856
:10AF30008430DB0706D4A36FD4F884201340084A7A
:10AF4000936738BDD5F804315A06F0D5FFF7B6FF40
:10AF50004023C5F88431EAE7008001B800E100E051
:10AF600000A001B870B514460D461BF045FD064B18
:10AF7000D3F8BC6E74402C407440C3F8BC4E1BF038
:10AF80003FFD06EA050070BD003000B0034BD3F86A
:10AF9000BC3E99430CBF012000207047003000B038
:10AFA0002DE9F04117460A43012A1D469DF8184035
:10AFB0009DF81C60DDF8208029D8B44227D2082EE5
:10AFC00025D8032B23D8B8F1000F20D00A46002142
:10AFD000FBF772FCFF21EB009940C943DFF834C056
:10AFE00008F1FF38FF00E2B2964202D80020BDE827
:10AFF000F0813D190CEB8505D5F8F42018F8010F08
:10B000000A4098401043C5F8F4000134EBE70120F2
:10B01000EDE700BF003E00B0174BD3F8BC2E12F096
:10B02000010312D0154B93F84830154A43F0807352
:10B03000C2F8D0304FF4801302F50052C2F8B43099
:10B04000A2F58052C2F8B83070471106EDD40D4B0E
:10B0500093F8471121B1D20602D593F84431E4E7C1
:10B060004FF480120020084B0549C3F8B820C1F8FE
:10B07000D000C3F8B4207047003000B0003F00B0EB
:10B08000004000B8003E00B0006000B8034B1868F4
:10B09000034B002808BF1846704700BF403400200B
:10B0A000D8630408F8B50D4610B900242046F8BD51
:10B0B0000E4F3E68002EF8D100F03AF80446002802
:10B0C000F3D0386000F080F8204620F061FC38B101
:10B0D00030463E6000F078F8204620F054FCE4E76B
:10B0E000002DE3D02046A847E0E700BF443400200D
:10B0F000024B1868003818BF012070474434002004
:10B10000002108B5024B08465B689847002008BD3F
:10B11000AC4C0020431E033306D8044B984228BF92
:10B120001846642838BF6420704700BF40420F00B3
:10B13000F8B505461BF060FC07460F4B1E6826B9A4
:10B1400038461BF05DFC344611E0B4688CB194F8CD
:10B1500010C01CF0010F0CD14CF0010C95E80F0051
:10B1600084F810C084E80F0038461BF049FC2046E4
:10B17000F8BD3668E3E700BFE84C002038B5054667
:10B180000C4641B10B6833B11B68013303D0CB6867
:10B190000BB18B684BB920F0A4FABDE838404FF4EE
:10B1A00086724121002000F00DBA0846FCF752FCDF
:10B1B0000023044A85F81C31C5E93043C2E9003355
:10B1C00038BD00BF9014002010B5044618B9054BD7
:10B1D000054A136010BDFAF765FBD4F8CC30002B9C
:10B1E000F6D1F4E76FB90308E44C0020014B18686E
:10B1F000704700BF9014002008B502460868FFF7AA
:10B2000089FF08604868FFF785FF48608868FFF796
:10B2100081FF8860C868FFF77DFF0B69C860581C14
:10B2200003D00B48834228BF03460B614B69581C6F
:10B2300003D00748834228BF034688694B61FFF764
:10B2400069FFBDE8084088611046FBF75BBB00BFA3
:10B2500040420F002DE9F84FD0F8C43006460F46A3
:10B2600013B1838B8B4244D0D6F8C0B0BBF1000F32
:10B2700042D0DBF80830002B3ED0DBF80C10002960
:10B280003AD0D6F8D4A0BAF1000F38D04FF0000968
:10B290004D46C84601E0DBF8083005EBC50203EB7C
:10B2A0008204E3890135BB4214D8238ABB4211D3FF
:10B2B000B4F91220B6F92830934250DD304696F8A2
:10B2C0001011EEF7D5F9F37D81468342A04606D9E9
:10B2D000DBF80C108D42DED3B8F1000F39D000231B
:10B2E000424630461946D047B783C6F8C48086F830
:10B2F00019910020BDE8F88F0320BDE8F88FD146F2
:10B3000047F6FF755446524604EBC40803EB880821
:10B31000B8F80E30BB4216D8B8F81030BB4212D382
:10B32000B8F91220AA4202D14FF0FF09DCE73046FB
:10B3300096F81011EEF79CF9F37D81468342D3D93C
:10B340004246DBF80C100134A14204D9DBF8083086
:10B35000DAE70120CEE7002AFBD09046C4E7A046FA
:10B36000BDE700BF2DE9F04782B004460F46164600
:10B37000FBF718FD002856D1474D2B68D4F8C0A024
:10B38000D4F8C4800BB1534567D04FF00009AF60CB
:10B39000FBF7ACFD0128074656D1204620F00FF9F7
:10B3A000002844D12B68DAF80010D8F8002013B137
:10B3B000186888425CD0204620F0BAF8C5E900A899
:10B3C000D4F8D4508DF80760002D58D000222046C4
:10B3D00011460DF10703A8472046FAF797FE0546E8
:10B3E000B9F1000F0CD05EB9012F05D025B12B4B60
:10B3F000002103205B689847284602B0BDE8F0872B
:10B40000B5FA85F040F2DB323321400900F0DAF87A
:10B4100031462046FBF7F6F8214B054641462046CB
:10B420001B689847E0E700231B4D6B60A5E7637C32
:10B43000DA07B7D5A36B5B05B4D51A4B01220021FF
:10B4400020461B689847ADE700210120FAF768FA0B
:10B45000FBF74CFD0128FBD19FE76B68002B94D0D4
:10B46000434592D1AB689F4214D04FF001098EE75B
:10B47000696811B109689142A0D059689BE7E17DE4
:10B4800094F819313246994228BF19462046FAF7F6
:10B49000C3FDA1E70025AFE790140020AC4C0020CD
:10B4A000E44C002078330020F8B50D4607461BF029
:10B4B000A3FA294606463846FFF7CCFE0446F0B10B
:10B4C000384620F07CF830B17B7C13F0010307D1C3
:10B4D000104A82F8D83030461BF092FA2046F8BD68
:10B4E000BA6B12F4806213D0B7F80A21AA42EFD0E7
:10B4F000B7F80C315B1BB3FA83F35B09E8E7FBF7A2
:10B5000037FC224629463846FFF72CFF0446D7E78A
:10B510001346DDE7003E00B0F8B51C4B05461B683E
:10B520000E4603B1984731462846FFF727FED5F867
:10B53000C03073B15B6963B1FDF7B0FBD5F8C030C3
:10B5400040F253125B6942211B1A5842584100F0E5
:10B5500039F800224FF6FF734FF0240CF768D0B291
:10B56000B84208D31C4621462846FFF79DFF20F02D
:10B57000C0F82046F8BDB1680CFB0011CC899C4294
:10B5800002D2002CEFD023460132E8E774330020CA
:10B590004FF4007307B50A490DF10602ADF8063005
:10B5A00020F0A9FABDF80630B3F5007F05D10228D6
:10B5B00008BF002003B05DF804FB0120FAE700BFDC
:10B5C0004834002008B550B90548064B01601A60A0
:10B5D000054B1A68054B1A60186804F07BFE08BD1D
:10B5E000EC4C00204C36002044340020483600202B
:10B5F00070B506460D461446EFF74AFE0022044B8E
:10B600001E80044B1D60044B1C60044B1A6070BD0F
:10B61000FA440020583600205436002050360020CE
:10B62000054B10B51968054C054B226818681CF0CD
:10B63000D9F900B9206010BD5836002050360020DE
:10B640007C4C00202DE9F84F0E4614460AB34FF00B
:10B65000000BDFF84480DFF84490DFF844A0D8F80E
:10B660000070D9F80050DAF80000ED1BA54228BFA1
:10B67000254638442A46314625F0BFF82F44641B3E
:10B68000C8F8007004D0FFF7CBFF2E448346E6E7EE
:10B690005C462046BDE8F88F503600205436002026
:10B6A000583600200FB400B50B4BA3B01B786BB11C
:10B6B0008022022002A9FFF79BFF25AB0021249ADC
:10B6C00006480193F1F770FCFFF7AAFF23B05DF87D
:10B6D00004EB04B0704700BFDE47002061BC0308E4
:10B6E0000022024B1A605A609A607047FC440020A6
:10B6F0000122024B1A70FFF7F3BF00BFDE470020A4
:10B7000008B5054806F0F6F8BDE808401022FF210C
:10B71000024825F08CB800BF104D00205C36002098
:10B7200070B50D4D2B78A3B9BDE870400B4806F0FD
:10B73000E1B800F031FE01343378E0B28342F8D84A
:10B740004FF47A712B7805485943BDE8704006F0F4
:10B7500035B80024024EEFE7C6510020F04C00201F
:10B76000364700202DE9F3470F4600219846234B2A
:10B7700081461B881646118023B90024204602B05A
:10B78000BDE8F0871E4821F0CDFC0446DFF870A02C
:10B7900009F10405002CF0D0204605F0A9FD011D9B
:10B7A000284620F0BEFC10B3002514232A4621466B
:10B7B0004846009505F084FF204605F0B5FD1428A5
:10B7C0000BD83580002FD9D00023142200932146B6
:10B7D0003846EBB205F074FFD0E7204605F0A4FD33
:10B7E000A0F11405ADB245453580C7D8EAE721463A
:10B7F000504621F0EDFC0446CCE700BF0845002090
:10B800000A4500200023024A1380024A1380704731
:10B810000A450020084500202DE9FF4100238DF84E
:10B820000C304FF0FF33061D304601A9019320F084
:10B8300078FC054618B1FFF7E5FF01250AE0144F33
:10B840003B883BB10146134821F06CFC0446DFF80D
:10B8500044801CB9284604B0BDE8F081204605F0BC
:10B8600047FD011D304620F05CFC50B1002221460E
:10B87000084821F0E8FC3B88002BDED0013B3B80F0
:10B88000DBE72146404621F0A3FC0446E1E700BF88
:10B89000084500200A4500202DE9F7430D461646CD
:10B8A000074620B90024204603B0BDE8F083FFF727
:10B8B000B3FFDFF86C80184BB8F800201B889A4261
:10B8C000F0D23DB306F1140189B20022104621F0F6
:10B8D00012FC04460028E5D04FF00109014614236C
:10B8E00000223846CDF8009005F0EAFE3DB1142262
:10B8F00021462846CDF80090F3B205F0E1FE002283
:10B900002146064821F014FCB8F800300133A8F8AD
:10B910000030C8E71421D8E7885100200A450020EC
:10B920000845002008B500F0BFFE094B1B7853B155
:10B930004FF47A710748594305F040FF064B074A18
:10B9400000201A6008BD034805F0D4FFF6E700BFE9
:10B95000C6510020F04C0020E8370020166404088F
:10B9600008B5044805F0EAFABDE80840024805F0C9
:10B97000E5BA00BF0A4500200C45002037B5124B40
:10B98000124D1B780446F32B2A88114B14D1114910
:10B990000978032910D1002101930123084600935F
:10B9A000022321F055FB08B100232B80204603B071
:10B9B000BDE8304005F09EBF0193012300930023B2
:10B9C00019461846EDE700BFDF4700200C45002070
:10B9D000F1C10108034800202DE9F041214F86B054
:10B9E000B7F80080BDF830608DF80F30B8F1000F67
:10B9F00034D120F0F0FAADF8160005F095FC0123E3
:10BA00000DF10F011A4604460DF1160005F0C6FDB2
:10BA1000BDF8160005F088FC0546304605F084FCAC
:10BA20002918C9B20DF1160021F099FC3046BDF875
:10BA3000165005F079FC611C434632460090C9B2AD
:10BA4000284621F0B4FCBDF816309DF80F203B804D
:10BA5000054B142105481A7005F0B0FE06B0BDE88C
:10BA6000F08100BF0C450020DF470020742B002030
:10BA7000F8B50446002859D10020F8BD928AA242A8
:10BA800052D0482202FB035292F82C20022A11D1F4
:10BA900048224FF6FF7C02FB0352118E614507D10D
:10BAA00092F83800022814D1928F39E00846EFE767
:10BAB0008C4239D0482202FB035292F838100229F6
:10BAC00006D14FF6FF71928F8A4202D094422BD05A
:10BAD00040B1482000FB0350083020F04BFBA0424F
:10BAE00022D0012001363A78F3B29A42C4D94821D3
:10BAF00059436A18695C0129F4D1D2F804C01CF0DA
:10BB0000800FBED01CF4005FB8D192F82C00022840
:10BB1000CCD092F838100229DBD14FF6FF71928F0A
:10BB20008A42D6D09442D4D10120A6E70026024F03
:10BB30003046024DD7E700BFC55100207C210020D0
:10BB400037B505460C4699B1FFF792FF80B1FF2249
:10BB50000821204621F059FD034648B96A460549A7
:10BB60000868496803C26A461946284612F05EFA18
:10BB700003B030BD0C6404082DE9F04F144698461C
:10BB80004FF0FF33B3B00546002289462046062118
:10BB900010939DF8F0A020F002F9002206210C90ED
:10BBA000204620F0FCF800220A2100F480462046BE
:10BBB00020F0F5F8042DC3B20B9300F03681052D6B
:10BBC00000F05481012D5FD119A8F5F761FB09231D
:10BBD00015AA17468DF864300DF5847C3EAB1546EA
:10BBE00018685968083303C563452A46F7D13946B2
:10BBF00019A81DF0C1F919A8F5F776FE98F80830D4
:10BC000011AD022B03BF2B46D8F80000D8F8041062
:10BC1000D8F800300CBF03C3CDE91133429B0A2191
:10BC2000139305230DF13E0220468DF8503020F08D
:10BC3000B6F806210DF13D02204620F0B0F80C21A7
:10BC40000DF13F02204620F0AAF8AAF1030C10AB38
:10BC50001090DCF10000CDE9005340EB0C002146D0
:10BC60009DF83E309DF83D2022F0AFFE002800F008
:10BC7000D980BAF1030F0AD04822914B429902FBB6
:10BC800009339A698A420CD333B0BDE8F08F0022A1
:10BC90000A21204620F083F800F0F000F028EBD1D4
:10BCA000F2E74FF0000B429A9A6100220A212046E7
:10BCB00020F075F8C3B20B9300220A21204620F031
:10BCC0006EF8C0B2E02840F0D8800022062120465D
:10BCD00020F065F8450640F1D9800121204605F0A5
:10BCE00091FB002800F0E3800121204605F08AFB4B
:10BCF00005460121204605F085FB002800F0D9808B
:10BD00000121204605F07EFB07460B2119AA20469B
:10BD100020F045F8384605F007FB002207460621CB
:10BD2000204620F03CF89DF86430C0F30030FF1A44
:10BD30000B21A7EB800715AA204620F030F800233E
:10BD4000FFB2009329463B469DF8542019A805F000
:10BD5000B7FCB9F1FF0F15D0482202FB09F2584B8E
:10BD600099189A5CFF2A0DD04A68BAF1000F03D1E6
:10BD7000500407D4897D29B9482101FB093342F4D5
:10BD8000C0625A604F4B504A93F9003010780D93BF
:10BD900021F0C8FF02280D9B40F28D80042840F25C
:10BDA0008C8006288CBF00250125AD016FF06C0248
:10BDB0009342B8BF1346082BA8BF08236E3343F342
:10BDC00046030022012120461D441FF0E8FF002EFB
:10BDD00014BF01230023EDB2C2B208D03B490E8844
:10BDE0003B4909888E4294BF00260126760019A996
:10BDF0003343CDE90871109903930C9B06910B997D
:10BE0000C3F380130591029342999DF8F430049195
:10BE1000CDE900A3294643465846CDF81C901CF0B6
:10BE2000EDFD31E74FF0070B3FE7BAF1000F14D1FA
:10BE3000B9F1FF0F0ED04823214D03FB09556B6864
:10BE40005F0407D4AB7D2BB95246012120461FF079
:10BE5000A6FFA8614FF0060B2EE700220C2120461A
:10BE60001FF09DFF4FF0030B109025E7002E3FF4CD
:10BE70000BAF404620F000F906E700220A212046D9
:10BE80001FF08DFFC0B2E2283FF41FAF0022062151
:10BE900020461FF084FF00F0030001283FF41DAF8F
:10BEA000002E3FF41AAF404620F0E6F815E725468D
:10BEB0001FE7274629E7C02578E7802576E700BFFA
:10BEC0007C2100201F4800202048002088510020AD
:10BED000084500202DE9F04F8DB080460F461546ED
:10BEE0009946BDF858A000F0E5F90446002F39D175
:10BEF00008AE39461022304624F099FCFF2C02AFE0
:10BF000022D04822374B02FB04335A68500401D434
:10BF10009B7DCBB100220A2150461FF040FFC0B2EA
:10BF2000E02811D0CDF8189096E80F0087E80F00B0
:10BF30000023524600932146434602200195FFF715
:10BF40001BFE0DB0BDE8F08FCDF8189096E80F00FD
:10BF500087E80F000023019500934346524621468F
:10BF60000420ECE7BB1E012BEBD8FF2808AE0DF137
:10BF7000080B29D0314600F0D7FB4822194B02FBB1
:10BF800004339B7DD906C3F3820201D4072A16D15C
:10BF9000BDB103F003039F420ABF4FF0010C4FF005
:10BFA000040C1546CDF8189096E80F008BE80F00AA
:10BFB0004346524621466046CDE90075BFE7002D55
:10BFC000E7D04FF0040CEDE710220021304624F0BA
:10BFD0002EFCCDF8189096E80F008BE80F00CDE905
:10BFE0000075BAE77C2100202DE9F043002287B0DC
:10BFF0000D2104461FF0D3FE002800F09980002296
:10C00000062120461FF0CBFEC0F3072515F00506DC
:10C0100040F08E803246062120461FF0C0FE070405
:10C0200000F186803246062120461FF0B8FE40040B
:10C0300077D40022012120461FF0B1FE05F007054C
:10C0400007468DF81450002D75D12A460721204649
:10C050001FF0A5FE0390644EFFB2337BB146BB4296
:10C060000AD19DF81420337A934205D1002B7CD15C
:10C070003368039A9A425BD00DF10C0898E80700E8
:10C0800089E807004FF4FA615848377305F096FBCA
:10C090000022062120461FF082FE00F00300012846
:10C0A0004FF000026CD10A2120461FF078FE00F00C
:10C0B000F000F0283CD00022062120461FF06FFE41
:10C0C00010F4C05FC0F3C12232D1062120461FF018
:10C0D00066FE02062CD45DBB2A46062120461FF0D0
:10C0E0005EFE430602D440461FF0C6FF0022062132
:10C0F00020461FF054FE00220546062120461FF070
:10C100004EFE00220646092120461FF048FE0094FC
:10C110000346C6F340324046C5F3C121FFF7DAFEBD
:10C1200006E00621324620461FF039FE410680D542
:10C1300007B0BDE8F083022DFAD105210DF10B0205
:10C1400020461FF02CFE204605F0D2F89DF80B107B
:10C150000822014403A824F050FB002208212046B5
:10C160001FF01DFE8DF8150075E7022B84D1082203
:10C17000314603A824F031FB00287FF47DAFD7E7D8
:10C18000062120461FF00BFE10F00305D0D12A46F1
:10C19000062120461FF003FE10F4C05F11D10022DB
:10C1A0000A2120461FF0FBFD00F0F000F028BFD070
:10C1B00000220A2120461FF0F2FDC0B2E32895D1EB
:10C1C000B6E72A46062120461FF0E9FDC0F3C1204C
:10C1D0000228E4D02A46062120461FF0E0FDC0F3E5
:10C1E000C120032882D0A3E75C360020104D002038
:10C1F000002108B5024B084619801CF0C9FB08BD98
:10C200000C45002008B5204A0B461278824239D9E5
:10C210001E4900EBC000482201EBC001184624F083
:10C22000ECFA02780346012A02BF426842F0180283
:10C230004260827D1AB1426842F4804242605A688C
:10C2400003F11800110619465CBF42F480525A608F
:10C2500091F82C20022A0BD0032A0FD01AB95A6861
:10C2600042F480325A600C318842F1D1002008BD7E
:10C270005A6822F4805242F48072F3E75A6842F01E
:10C280004002EFE72720F2E7C55100207C21002083
:10C29000064B1B78834207D948235843044B185C4C
:10C2A000431E58425841704700207047C551002036
:10C2B0007C2100202DE9F843064600254FF0480870
:10C2C0000C4FDFF834903B78ECB2A34201D8FF2446
:10C2D0000DE02046FFF7DCFF08B90135F3E708FB66
:10C2E0000491304608311FF01CFF0028F5D020468D
:10C2F000BDE8F883C55100207C21002030B5084BF3
:10C3000048211A780023074CD8B2824201D8FF2076
:10C3100005E0013301FB03F5655DFF2DF4D130BD70
:10C32000C551002034210020F8B50546FFF7C2FFB3
:10C33000FF28044606462AD1FFF7E0FFFF280446FF
:10C3400025D003B203EBC303124FDB0028686968F2
:10C3500003F108023A4403C2A8681C331060314656
:10C360001022F81824F063FA482200214FF6FF70DB
:10C370006243BB18996183F844609882287A5860B8
:10C380000120B854997583F82C6083F838602046F2
:10C39000F8BD00BF7C21002013B5144B04461B7868
:10C3A000834220D9124B1B7883421CD9FFF770FFC0
:10C3B00060B148220F4B02FB04339B6900930423B6
:10C3C0006A46214620201BF0EAFD0CE004232246A9
:10C3D0000DEB030020211BF0D9FD4FF0FF3300933C
:10C3E000019B0133EBD102B010BD00BF36470020E6
:10C3F000C55100207C21002070B54B4B04461B78B2
:10C4000096B083426ED96E463422FF2109A824F0EB
:10C410000EFA1022FF21304624F009FA2046FFF7D9
:10C4200037FF002849D048226243404DAB18AA5C30
:10C430008DF824205A680A921A7C002A54D19B68ED
:10C440000B93482303FB04539A7D12F01C0F18BF73
:10C450001C338DF835201CBF0FCB86E80F00482316
:10C4600003FB045191F82C20032A8DF8462046D175
:10C4700003FB0453D3F82E00D3F8321012AA03C2E0
:10C48000D3F83A00D3F83E1003C2482101FB04520E
:10C4900092F83830032B8DF8473001D0002B39D17A
:10C4A00001FB0455D5F82E00D5F8321012AB03C3AA
:10C4B000D5F83A00D5F83E1003C33423214609AA23
:10C4C0001F201BF06CFD2046FFF766FF04A8F4F761
:10C4D000DFFE0723314604A88DF810308DF8114097
:10C4E0001CF04AFD16B070BD022AAAD1D96898681E
:10C4F0000BAA82E803005B7C8DF83430A1E7002AA8
:10C50000B6D0022A01BF0B8EADF84830CB8DADF806
:10C510004A30BAE7022B01BF938FADF85030538FEA
:10C52000ADF85230C9E700BFC55100207C21002082
:10C530002DE9F0430027DFF82481474C97B098F8A5
:10C540000030FDB2AB4202D817B0BDE8F0832A46F6
:10C5500034231F2109A81BF019FDE94604A8F4F7AC
:10C5600097FE0723494604A88DF810308DF8115026
:10C570001CF021FD48239DF824206B43FF2A02D1A3
:10C58000E2540137DBE7E254DDF828C0E618C6F8CC
:10C5900004C09DF8353006F11C0EB37599E80F0004
:10C5A0008EE80F001CF0020206F108033BD0DDE923
:10C5B0000B0183E80300022333749DF83430737455
:10C5C00048236B432CF4C062E1184A609DF8462072
:10C5D000032A81F82C202AD112AA03CA482203F187
:10C5E0002E0604EB060CA051CCF804104FF6FD719A
:10C5F00002FB0542D186482202FB05429DF8471006
:10C60000032982F8381000D0E1B93A3314AA03CADA
:10C61000E618E05048234FF6FD7203FB05437160B6
:10C62000A3F84220ADE70B9B3274B360C8E7002A41
:10C63000D2D0022A01BFBDF848200A86BDF84A20A0
:10C64000CA85D8E7022901BFBDF850309387BDF8ED
:10C650005230538795E700BF7C210020C551002050
:10C66000F7B5FFF765FF00240C4E0D4D0D4F3378E5
:10C67000A34202D92B78A34201D803B0F0BD042312
:10C6800022460DEB030020211BF080FC482303FB16
:10C690000473019A01349A61E4B2E8E73647002056
:10C6A000C55100207C21002030B4084B4820197867
:10C6B000FF250023064CDAB2914202D830BCFFF7C6
:10C6C000CFBF00FB03F20133A554F4E7C5510020AE
:10C6D0007C210020F0B40B461149054609788142BF
:10C6E0001CD948241C2114FB00140E4E03F1100C1D
:10C6F0003444274618685968083303C763453C46E5
:10C70000F7D1482303FB0566B37D284623F01C03BD
:10C7100043EA8202B275F0BCFFF76EBEF0BC704710
:10C72000C55100207C210020034630B40E4A084643
:10C7300012789A4204D830BC1022002124F077B835
:10C7400048221C2112FB0312084B1A44034602F133
:10C750001005144603CCAC4218605960224603F120
:10C760000803F6D130BC7047C55100207C21002061
:10C770002DE9F84F04461E464D4B88461B789146DE
:10C78000A342BDF82800BDF82C103FD9B8F1000F26
:10C7900002D0B8F1030F4FD1B9F1000F36D04FF0EE
:10C7A000480B444F04EBC4050BFB047B9BF82CA007
:10C7B000ED00BAF1FF0F05D19BF83830FF2B0DD1FA
:10C7C000002026E005F12E0008224946384424F0D6
:10C7D00004F8A0B19BF83830FF2B19D005F13A00CE
:10C7E00008224946384423F0F8FF38B1BAF1FF0F68
:10C7F000E6D02046BDE8F84FFFF7FEBD01204823F4
:10C800000C22634302FB00303844C686BDE8F88F33
:10C8100001200C234FF0480A58430AFB040A2E3526
:10C82000BA442844082249468AF82C80384423F028
:10C83000E4FFAAF83660DCE7B8F1020FD9D148234B
:10C840001C4A03FB042393F82C60022E0BD1DD8DD0
:10C85000854223D093F83850022D11D15B8F83424B
:10C86000C7D101201BE093F83850022D06D15B8F11
:10C870008342F6D0FF2EBCD1002504E0FF2EFBD072
:10C88000FF2DB6D1012548230C26634306FB053353
:10C8900013440222D88583F82C2006E00020482388
:10C8A0000C25634305FB003313441986A1E700BF41
:10C8B000C55100207C2100202DE9F0471F4B054683
:10C8C0001B7889468342924635D900273E46DFF8D9
:10C8D000708000EBC00408EBC40494F82C30032BE8
:10C8E00007D8013B012B16D8DFE803F00620062706
:10C8F000F3E7FF2B18BF0126062F04F10C04F6D135
:10C9000026B94823FF226B4308F803202846BDE8D8
:10C91000F047FFF771BD0822494604F12E0023F0CD
:10C920005CFF30B9FF2384F82C30E5E7E38D5345F5
:10C93000F8D00126E0E7BDE8F08700BFC551002030
:10C940007C210020064A03461278824206D94822FA
:10C95000FF215343034AD154FFF74EBD704700BF38
:10C96000C55100207C2100202DE9F04F04464FF6F0
:10C97000FF7585B0174614F48032BDF83C60029212
:10C9800008BF2E46E2060846BDF838909DF84C8058
:10C9900007D5FFF78FFCFFF7D5FF002005B0BDE8F6
:10C9A000F08F210771D514F4004BC4F3C22A04D0D0
:10C9B0009F2222FA0AF2D207EFD50393FFF7B4FCC5
:10C9C0003D4A05461278039B8242E6D93946CDE9B5
:10C9D0000096109AFFF7CCFEBBF1000F04D0524630
:10C9E00028461199FFF776FE14F4C06F334BC4F359
:10C9F000412E04F480702DD1482202FB053268B12B
:10CA000012999161917D21F003019175482202FBF9
:10CA10000532516841F02001516004E0917D906140
:10CA200021F003019175482214F4003F08BF4FF034
:10CA3000000802FB0533012F83F8448005D10299D9
:10CA40005A68E9B942F080025A602846FFF7D4FCE0
:10CA50000120A3E7AEF10202012A9FBF482202FB98
:10CA6000053212999161482202FB053292F816C0F4
:10CA70002CF0030C4EEA0C0191750028D3D0C5E7C9
:10CA800042F402525A609E82DFE7FFF713FC0A4B22
:10CA90001B78834281D9012F08D14822074B02FB22
:10CAA00000335A689D8222F402525A6033464A4645
:10CAB0001099FFF701FFCBE7C55100207C21002032
:10CAC00044235843024B185C431E58425841704758
:10CAD000382100202DE9F843064600254FF0440890
:10CAE0000C4FDFF834903B78ECB2A34201D8FF241E
:10CAF0000DE02046FFF7E4FF08B90135F3E708FB36
:10CB00000491304604311FF00CFB0028F5D020467C
:10CB1000BDE8F88334470020382100204422024B2E
:10CB200002FB0033196370473821002030B5002222
:10CB30004424084B084D1978D0B2814201D8FF2017
:10CB400007E004FB02F3EB5C0132013BDBB2FD2B9F
:10CB5000F2D930BD3447002038210020F8B5054611
:10CB6000FFF7B8FFFF280446064628D1FFF7DEFF8F
:10CB7000FF28044623D003B203EB0313114F9B009D
:10CB8000286869681A1D3A4403C2A86834331060E3
:10CB900031461022F81823F04AFE442200214FF6B5
:10CBA000FF706243BB18196383F82C605885287A9C
:10CBB00058800120B85483F82D109E749E7720462B
:10CBC000F8BD00BF3821002010B50D4B02461B7880
:10CBD0000C4683420ED9FFF773FF68B171B1094962
:10CBE00002EB021001EB80014422204623F005FEF7
:10CBF000002010BD2720FCE72D20FAE70120F8E7F0
:10CC0000344700203821002000210A4610B5074B88
:10CC10001C78C8B2844201D8104610BDFFF750FFFF
:10CC200008B10132D2B20131F3E700BF344700202E
:10CC300013B5124B04461B7883421CD9FFF740FF03
:10CC400060B144220E4B02FB04331B6B00930423A0
:10CC50006A46214622201BF0A2F90CE0042322465A
:10CC60000DEB030022211BF091F94FF0FF330093ED
:10CC7000019B0133EBD102B010BD00BF344700204F
:10CC80003821002070B50D4D2B78A3B9BDE8704058
:10CC90000B4804F02FBEFFF7CBFF01343378E0B22E
:10CCA0008342F8D84FF47A712B7805485943BDE890
:10CCB000704004F083BD0024024EEFE7C451002011
:10CCC000304D00203547002070B53A4B04461B78A4
:10CCD00096B0834261D93022FF210AA801AE23F029
:10CCE000A6FD1022FF21304623F0A1FD2046FFF7CC
:10CCF000E7FE00283CD0442262432F4DAB18AA5CCB
:10CD00008DF828205A88ADF82A201A7B002A46D1AF
:10CD10005B680B93442303FB045393F82D208DF899
:10CD20003520D2061EBF34330FCB86E80F004423D4
:10CD300003FB0452917C03FB04538DF84610022937
:10CD400004BF526912929A7F022A08BF1B6A8DF8AB
:10CD5000472008BF1393442303FB04556B8DADF8A4
:10CD600054302B7C8DF8563095F82C308DF8573098
:10CD7000302321460AAA21201BF011F92046FFF793
:10CD800057FF05A8F4F784FA0823314605A88DF863
:10CD900014308DF815401CF0EFF816B070BD022A63
:10CDA000B8D1D3E901010BAA82E803005B7B8DF8BF
:10CDB0003430AFE73447002038210020F8B5002494
:10CDC0004427074D074E2B78E0B2834200D8F8BDC8
:10CDD000FF2207FB00F3F254FFF776FF0134F2E77E
:10CDE0003447002038210020064A03461278824248
:10CDF00006D94422FF215343034AD154FFF764BFAD
:10CE0000704700BF344700203821002038B50D4A54
:10CE100004461278824212D90B4D41B94423FF22B5
:10CE20004343EA542046FFF74FFF002038BD00EB94
:10CE30000010442205EB800023F0DFFCF2E72720FE
:10CE4000F4E700BF34470020382100202DE9F043EB
:10CE50000026324F324D97B03B785FFA86F8434553
:10CE600002D817B0BDE8F0834246302321210AA83A
:10CE70001BF08CF805A8F4F70BFA08230DF1040950
:10CE8000494605A88DF814308DF815801CF093F8EC
:10CE900044239DF8282003FB08F3FF2A02D1EA541B
:10CEA0000136D9E7EA54BDF82AC0EC18A4F802C04C
:10CEB0009DF8353004F1340E84F82D301CF0020C4E
:10CEC00099E80F008EE80F0004F1040320D0DDE99B
:10CED0000B0183E80300022323739DF8343063734E
:10CEE000442202FB08529DF846309374129B536112
:10CEF0009DF847309377139B1362BDF854305385E8
:10CF00009DF8563013749DF8573082F82C30C7E7DF
:10CF10000B9B84F80CC06360E2E700BF344700203D
:10CF200038210020F7B500234420FF261B4D1C4C60
:10CF30002978DAB2914216D8FFF788FF0024194EFB
:10CF4000174F3378A34202D92B78A34210D8164B3F
:10CF50001B78E3B14FF47A715943144803B0BDE82C
:10CF6000F04004F02BBC00FB03F20133A654E0E7D1
:10CF7000042322460DEB030022211BF007F8442373
:10CF800003FB0473019A01341A63E4B2D9E707483A
:10CF900003B0BDE8F04004F0ADBC00BF3447002052
:10CFA0003821002035470020C4510020304D00209A
:10CFB000F8B5204B05461B882D2B28D82A2B28D9BD
:10CFC00001F05CFF1C4B1D4A1B680646053300211F
:10CFD0001B48136020F0A6F80446194FCCB103217A
:10CFE000204620F0F7F9312814D11221204604F010
:10CFF000A3FBB04205D140F60F401FF012FD002305
:10D000002B702146384620F0E3F80446E6E7382B3B
:10D01000D6D0F8BD3228F4D10521204604F08CFB8F
:10D02000B042EED140F60F401FF0FBFC00232B7006
:10D03000EFE700BF10450020B4200020703600202C
:10D040001245002070B500210546114820F06AF80D
:10D0500004460F4E0CB9204670BD0321204620F037
:10D06000B9F93F2805D02146304620F0B1F80446F2
:10D07000F0E70921204604F05FFB0228F3D10A21E2
:10D08000204604F059FBA842EDD10120E4E700BF9F
:10D0900012450020F8B500210546194820F042F855
:10D0A0000446174F04B9F8BD0321204620F092F939
:10D0B00045281ED11B21204604F03EFBA84218D172
:10D0C0000521204604F038FB831EDBB2012B0BD870
:10D0D00021460B4820F07CF80646214600220848ED
:10D0E00020F0B1F83446DDE7FF221B21204604F092
:10D0F00037FB2146384620F06BF80446D2E700BFE4
:10D1000012450020F0B589B00446F3F75FFC334BBD
:10D1100006461B78112B1FD1607801A91FF02DFB4B
:10D1200020BB0027F3F752FCFEB2B0421CD93046B8
:10D1300003A921F0FDFF9DF80C500137002DF1D11E
:10D140002146304610F068F818B340F60445A8426E
:10D1500014BF8C258D251CE0122B05D161886078C9
:10D160001FF098FB0028D7D18C2512E040F209135C
:10D17000BDF804209A42D4D16388B3F5006FD0D1B2
:10D18000601D1BF039FD0E28CBD000280CBF0025F8
:10D190008D2503A831211CF085F92388618804A816
:10D1A000ADF80E301CF07EF9237912218DF8123083
:10D1B000D4F8053003A8CDF81330D4F809308DF831
:10D1C0001C60CDF81730637B8DF81D508DF81B3037
:10D1D0001FF0D5FB284609B0F0BD00BFDB51002091
:10D1E00037B5144B05461B78113B012B0FD98D2405
:10D1F000684632211CF056F9072168468DF8025026
:10D200008DF803401FF0BBFB204603B030BDFFF795
:10D2100019FF0028EBD128460FF0D6FF044618B9B5
:10D220002846FFF737FFE3E740F604439842DED095
:10D230008824DDE7DB51002003787BB94378012B9C
:10D240000CD1074B1B88562B064B15BF027A1B7857
:10D250001A7003720023436001230370704700BFFC
:10D2600010450020DB51002070B50578044665B9F3
:10D270004378042B09D10C4B1B88522B06D1F3F7B2
:10D28000A5FB656020810123237070BD0689F3F73B
:10D290009DFB864202D921236360F4E7207A656012
:10D2A000F3F78EFBEFE700BF10450020037810B5C1
:10D2B00004466BB90121194A436012880170417814
:10D2C00039B9174B562A0BBF1B88027A03721A8092
:10D2D00010BD05290FD1562A05D1F3F78FFB40F079
:10D2E00050002072F4E7007A00F00F002072BDE8D1
:10D2F0001040F3F789BB06290ED1562A04D1F3F763
:10D3000089FB40F06000ECE7007A00F00F0020722B
:10D31000BDE81040F3F784BB0370D9E71045002047
:10D32000D4440020037810B50446CBB901224360F1
:10D3300043780270242B14D006D80D2B09D01E2B55
:10D340000BD0002323700BE0362BFAD1F3F77AFBD6
:10D3500001E004F011FC208102E0034B1B782381E3
:10D3600010BD024BFAE700BFBC510020E34600208D
:10D37000037863B90122436043780270242B19D0EB
:10D3800006D80D2B09D01E2B0AD00023037070473E
:10D39000362BFAD10089F3F75BBB007A04F0F2BBBD
:10D3A000074B02891978914202D2212343607047CA
:10D3B0001A70704703890A2BF7D8024A1370704716
:10D3C000BC510020E34600202DE9F043164693B0FF
:10D3D0000C461D4607461BF057FB1BF053FB02A8EB
:10D3E0000EF0B6FE012EDFF8CC8045D0032E0ED015
:10D3F0004FF0030920F0C6F9A84213D02946384659
:10D4000016F06EFC21463846F3F76EFC0AE018B9B8
:10D41000BDF808309B07EBD4B8F80030980746D425
:10D420004FF00209CDF8049098F8003032462146BA
:10D43000009338462B461BF088F8804624210DA81F
:10D440001CF030F839460DF136001CF02BF820683E
:10D4500061680EAB03C329460DF142008DF84060B0
:10D460008DF841801CF01EF810210DA81FF087FADE
:10D47000404613B0BDE8F083B8F80030D907CFD5E7
:10D48000DA0603D413F0200FB2D10BE009AB20462B
:10D4900005AA0DA91BF0F8FEB8F800309B06A7D42A
:10D4A0000028BDD1B8F80090C9F38009A2E713F0B5
:10D4B000080FE9E7D44400202DE9F04387B0174670
:10D4C000DDE911841A469DF840300E9D7D2BBDF894
:10D4D0003CE030D8DFF86890B9F80090B9F1360F29
:10D4E00013D0B9F1380F1AD0B9F1340F25D1009308
:10D4F0002A467346CDE901840CF0B4FD10B90CB195
:10D50000AB7A237007B0BDE8F083CDE901E300906A
:10D510002B463846CDE903840CF020FDEEE7CDE93B
:10D5200001E300923B460A46CDE9038401462846C2
:10D530000CF054FDE2E73820E4E70120E2E700BF09
:10D540001045002010B4084C2478202C03D1B1F9E8
:10D550000640002C03DA5DF8044B0CF02BBE0220D1
:10D560005DF8044B704700BFDD5100201FB5037804
:10D570000446EBB901224360037A0274142B027053
:10D580000ED8142B0ED8DFE803F02F101B0D0D0D55
:10D590000D0D150D0D0D0D180D0D0D0D0D25280082
:10D5A0003D2B1DD00023237002E005F0FBF86074D2
:10D5B00004B010BD06F06CFEF9E710F0FDFEF6E7D2
:10D5C00005F0FCF8014604F111001BF06BFF02238B
:10D5D0002374EDE706F09AFEE9E715F093F9E6E724
:10D5E000144B1B784374E3E710230722694601209C
:10D5F00004F0FAF9BDF8001004F111001BF052FF1D
:10D600009DF80230BDF80610E3749DF8033004F174
:10D61000170023759DF8043063759DF80530A375D8
:10D620001BF040FF02AB03CB1023C4F81900C4F871
:10D630001D10CDE7F75100202DE9FF470278044681
:10D64000002A40F0118101230370037A292B2DD881
:10D65000292B31D8DFE813F033005C006300300081
:10D6600030006C006C003000A2008500AB00B100FF
:10D67000F70030003000FC00300030003000300097
:10D68000300030003000300030003000300030001A
:10D6900030003000300030003000300030000B012E
:10D6A0000B011C01300030003000F500342B00F07D
:10D6B000F6803D2B00F0FB8000232370D4E0057C36
:10D6C000102D6BD111301BF0EBFEE37CADF80000A8
:10D6D0008DF80230237D04F117008DF80330637D4F
:10D6E0008DF80430A37D8DF805301BF0D9FED4F8F9
:10D6F0001D10ADF80600D4F8190002AA03C22B468B
:10D7000007226946002004F06FF900236360ABE054
:10D71000037C012B42D1407C05F04AF8F5E7037CFD
:10D72000022B3BD111301BF0BBFE05F04DF8ECE7AE
:10D73000037C022B32D111301BF0B2FE237A052B71
:10D740004FF6FF7307BFADF80000ADF80230ADF83B
:10D750000200ADF8003068468DF8043010F06EFE1F
:10D76000D3E7564A037C12785E08B2EB530F15D903
:10D77000534F00F11105B8460FFA86F905EB460A3A
:10D7800055450DD14FF4004531464D4828F8195004
:10D7900004F0D8FF0028B8D0A8F800502123B5E73E
:10D7A00028461BF07DFE023527F8020BE8E7113012
:10D7B0001BF076FE0EF0AAFCA7E711301BF070FEFE
:10D7C000404B05461B7833B94FF6F773984233D870
:10D7D0001FF0E4FF99E74FF6F672431E9BB29342A7
:10D7E0002AD805F065FD38BB6946284604F034FEAA
:10D7F00010B3284621F09DFFF0B9284620F0E5FA45
:10D80000D0B928460BF0C8FBB0B9284621F00EFE6F
:10D8100090B92846FEF72CF970B928461FF0BEFFD4
:10D8200040F607431322032027491EF01BFA40F657
:10D8300007401BF0B8F968E71FF0A4FFA8423FF4C7
:10D8400064AF022362E74FF0FF330093437C82E72B
:10D85000457C12301BF024FE6A46ADF800002946D4
:10D8600001201EF0AFFF606004B0BDE8F087037CCC
:10D87000042B93D100F1110101201BF025FE237A26
:10D88000232B02D120F067FDEDE721F0F3F9EAE761
:10D89000407CC31E012B81D806F0FCFF35E7437C9A
:10D8A0000A49003B18BF012342600B70DCE7407C53
:10D8B00008F0C4F800283FF428AF6FE7AF5100200C
:10D8C000463B0020AB4700200E1B0408ED51002012
:10D8D000144B027810B51B8804466AB9426042783E
:10D8E000032A0AD1562B104B02D11B78237201E078
:10D8F000227A1A700123237010BD022A02D1562BFE
:10D900000A4BF1E7092AF7D1562B03D107F0CEFFD6
:10D910002072EFE7007A003818BF012007F0AEFF51
:10D92000E8E700BF10450020DC510020DD51002059
:10D9300038B50378044673BB012202704278436015
:10D940001F2A25D00DD8122A1FD0182A17D0052A31
:10D950000ED0174DD9B2685CFF281FD10023237069
:10D9600019E0382A18D0402AF3D1F3F75FF811E014
:10D97000104B114A1B7812789B1A23810BE00F4B36
:10D980001B78B3FA83F35B09F7E70D4B1B88F4E7C9
:10D99000F3F710F8208138BD0A4BF7E7824203F114
:10D9A0000103D7D1084B53F821301B78E5E700BFBE
:10D9B00070640408C0510020AF470020CF51002000
:10D9C00074510020905100201C6404080278034622
:10D9D00030B4002A3CD101210170417842601929FC
:10D9E00023D00DD8122935D018292BD0052911D0D4
:10D9F000324DD4B2285DFF2843D100221A7027E0AF
:10DA0000382933D0402935D01F29F1D130BC0089C5
:10DA1000F2F7CABF2A4A007A11782A4C42182478B1
:10DA2000A2420ADD19225A6012E0274A017A1078D0
:10DA3000234A1278801AC0B2EFE7234B1A7030BC29
:10DA4000F3F744B90389214AB3FA83F35B091370EE
:10DA500030BC704747F230520089904201D92122F0
:10DA6000E1E71B4B30BC188011F0B2BC0289194BA6
:10DA70001A80EDE700890228F1D830BCC0B2F2F775
:10DA8000DBBF814202F10102B3D1134A082C18898D
:10DA900052F8242001D934290DD111788142C1D303
:10DAA00010705A68002AD3D15A78112AD0D130BCCC
:10DAB000187AF2F791BF1070CAE700BF70640408CB
:10DAC000AF470020BF510020C0510020CF5100209F
:10DAD00074510020905100201C6404082DE9F0438B
:10DAE0008DB0DDF85080B2F80090CDF80080074688
:10DAF0000C4616461D461AF060FD002845D145210A
:10DB000003A81BF0CFFC21880DF10F008DF80E70DB
:10DB10001BF0C8FC61880DF111001BF0C3FC2379D8
:10DB2000E1888DF8133063790DF115008DF814300C
:10DB30001BF0B8FC21890DF117001BF0B3FCA37A90
:10DB40000DF11A0130468DF819301EF0CFFC484611
:10DB50008DF82C5016F0D2F98DF80B00003818BF54
:10DB600001200DF10B030190009342462B46212129
:10DB700003A801F0E5F818B1054B1B78212B04D15F
:10DB8000044A137843F0040313700DB0BDE8F0832A
:10DB9000DD5100203F4800202DE9F0430D460646A8
:10DBA00091461C4689B0014628469DF84480129F44
:10DBB00015F0F8FE02A83F211BF074FC32460DF16F
:10DBC0000A0101201BF072FC49460DF10F008DF88F
:10DBD0000E501BF067FC21880DF111001BF062FC58
:10DBE00061880DF113001BF05DFC2379E1888DF84D
:10DBF000153063790DF117008DF816301BF052FCCB
:10DC000021890DF119001BF04DFCA37ABDF84010DD
:10DC100007A88DF81B301BF045FC0B4B17211B7818
:10DC200002A8402B08BF00274FF0000308BFB846EA
:10DC3000CDE900333A4643468DF81E8001F080F866
:10DC400009B0BDE8F08300BFDE5100207FB5044677
:10DC50000D4616467D2168461BF024FC21460DF139
:10DC600002001BF01FFC2868696801AB03C30D218B
:10DC700068468DF80C601EF082FE044B196811B1E5
:10DC80002046F3F731F804B070BD00BF30380020F3
:10DC90002DE9F04705460F461948002116469846DB
:10DCA0001FF040FA4FF0000A0446DFF85490BCB170
:10DCB000D5B15FFA8AF080450AF1010A19D12046F0
:10DCC00003F032FB411EC9B2204603F035FD0FB10F
:10DCD000C30705D5FF2E04D0C0F34100864200D013
:10DCE00000242046BDE8F0872946204603F024FDA5
:10DCF000E1E7214648461FF06BFA0446D7E700BF2C
:10DD00000E450020014803F019B900BF0E45002060
:10DD10007FB5ADF8060003F0EBFA05468479C679C5
:10DD20001AF0AEFE0021400040F001008DF80F0017
:10DD3000FF2208462B78FFF7ABFF10B1002004B09C
:10DD400070BDBDF8060003F0EFFA344464000834F7
:10DD500004F0FE048442F1D101230DF10F011A46B3
:10DD60000DF1060003F01AFC02460028E6D1054832
:10DD7000BDF806101FF0DCF9034A012013780133C7
:10DD80001370DCE70E450020E147002010B50D4B75
:10DD900004461B7883420DD91AF076FE0121024613
:10DDA00023460846FFF774FF50B1BDE8104000213C
:10DDB00003F0C2BCC01AC0B2BDE810401AF093BB59
:10DDC000FF2010BDE1470020034B1878034B1B7860
:10DDD0001844C0B2704700BFE1470020E047002070
:10DDE00070B50A4D00EB4004A60005EB84041AF060
:10DDF00049FE09F077FE08B11AF0A3FEA279A188C6
:10DE0000A859BDE870401EF082BD00BF504D0020F3
:10DE100013B504461AF038FE114A00B200EB400078
:10DE200002EB8002D4B13F2C18D0137A0133DBB25D
:10DE3000D179137299420FD8002343211372684697
:10DE40001BF030FB01200DF1020122461BF02EFBDE
:10DE5000062168461EF093FD02B010BD0023E7E7DF
:10DE6000504D002037B50B4B05461B780C46312B27
:10DE70000ED1442168461BF015FB29460DF1020026
:10DE80001BF010FB052168468DF804401EF077FD5D
:10DE900003B030BDDC51002038B5030415D403298C
:10DEA00013D80B4B0B4D1B7803EB430305EB83049B
:10DEB000A171E271A0800A46014655F823001EF0C8
:10DEC00026FDBDE8384009F00DBE022038BD00BF78
:10DED000E4470020504D002010B50C4C237843B18E
:10DEE000EFF708F828B140F202201AF03FF80023BB
:10DEF0002370F2F7F5FA08B100F040FB044B1878F4
:10DF000018B9BDE8104000F00FB910BDE24700207D
:10DF1000E54700202DE9F041234BDFF89C800546C2
:10DF20001868D8F800300E46C01A83B2CA2B1746BC
:10DF300031D9CA20F2F73AFB82241C4B1A7812B16D
:10DF4000002282241A701A4B1A781AB1002244F067
:10DF500001041A7000F07AFF08B144F0040417B10C
:10DF6000F6B144F00804D8F800305C706B1EDBB2E8
:10DF7000012B04D800F06AFF002818BF00250D4BC4
:10DF80001D7000F063FF08B91AF0C1FA3046BDE811
:10DF9000F041F2F7D9BAC0B2F2F708FB8024CCE71F
:10DFA00044F01004DFE700BF6C360020E747002094
:10DFB000EA470020E3470020B4200020144B0278F9
:10DFC00010B51B880446BAB942604278072A14D1BA
:10DFD000562B07D10BF08CFD012814BF632362235D
:10DFE000237207E0007AA0F16203584258410BF017
:10DFF00085FD60600123237010BD042AFCD1562BDF
:10E00000044B01D11B78EBE7027A1A70F2E700BFEC
:10E0100010450020DE510020037810B5044653BBA4
:10E020004360012303704378342B27D00FD8172B7C
:10E0300022D006D8012B17D00C2B11D0002323702F
:10E0400019E02D2BFAD1104B1B78238113E0412BC3
:10E0500016D0422B16D0392BF0D119F06FFF01E00A
:10E0600004F068FA208106E0084B1B68B3F5803F96
:10E07000EBD31D23436010BD054BE5E7054BE3E7FC
:10E08000054BE1E7054BDFE7CA510020D422040825
:10E09000E6470020C8510020C55100203447002029
:10E0A000037810B50446B3B9012243604378027087
:10E0B000342B27D008D8172B1BD02D2B0CD00C2B92
:10E0C00012D00023237006E0392B21D0413B012BD5
:10E0D000F7D80223636010BD0389022B01D92123E5
:10E0E000F8E70E4A1370F6E7007ABDE8104004F036
:10E0F00027BA00891AF05BFD0028F0D12289084B6D
:10E100001A70E8E7074B028919789142E7D3F7E7DD
:10E110000089BDE8104019F00CBF00BFCA510020B3
:10E12000E6470020C851002038B5054600F08EFEB5
:10E1300010B90024204638BDF2F748FA04460028FA
:10E14000F7D0034B012229461878FFF7E3FEF1E7E9
:10E15000E347002038B503780446002B40F09B804D
:10E160004360012303740370037A472B0AD8102BF2
:10E170000BD8042B00F0E380072B00F0C680032BA4
:10E1800000F0B8800023237085E0113B362BF9D8CE
:10E1900001A252F823F000BF75E2010885E10108F1
:10E1A00085E1010885E1010811E3010885E1010825
:10E1B00085E1010885E1010885E1010885E10108A3
:10E1C00085E1010885E1010885E1010885E1010893
:10E1D00085E1010885E1010885E1010885E1010883
:10E1E00085E1010885E1010885E1010885E1010873
:10E1F00085E1010885E1010885E1010885E1010863
:10E2000085E1010885E1010885E1010885E1010852
:10E2100085E1010899E20108ADE20108B3E20108D5
:10E2200085E1010885E10108D1E20108EFE201087A
:10E23000CBE20108A7E2010827E3010885E1010814
:10E2400085E1010817E3010885E1010885E101087E
:10E2500021E3010885E10108A1E2010833E3010897
:10E2600039E3010847E301082DE301084DE3010804
:10E2700053E301080723384D0374298811301BF03C
:10E2800011F9AB78E374EB7823752B7963756B79AF
:10E29000A375AB79E37538BD18F055FD6074FAE7E6
:10E2A000E8F774FDFAE718F045FDF7E718F031FDDF
:10E2B000F4E70423037418F022FD024604F111016F
:10E2C0000120BDE838401BF0F1B818F02FFDE5E75C
:10E2D0000323037418F021FD30B10278437880786D
:10E2E0006274A374E074D6E703460246F8E718F0B8
:10E2F0000CFDD3E70223037402F0C2FD014604F1D2
:10E300001100BDE838401BF0CDB803F0DDFBC5E7D8
:10E3100002F050F8C2E7042303741EF0F5FACCE7CC
:10E3200008F02AF9BAE707F0EBFAB7E707F0DCFAEA
:10E33000B4E705F0D9FFB1E7084B1988DFE7084BD0
:10E340001B784374A7E71AF0DEFFA7E704F0FEF896
:10E35000A4E70EF073FEA1E7106604087A510020CE
:10E36000E547002038B503780446002B3DD1012352
:10E370000370037A043B432B00F2B780DFE803F01D
:10E3800022B5B530B5B5B5B5B5B539B5B58CB5B5FA
:10E39000B578B57D8689B5B5B5B5B5B5B5B5B5B5FD
:10E3A000B5B5B5B5B5B5B5B5B5B5B5B56E4452B538
:10E3B000B5644B5D738E9AB59EB5A1A7B5B5B5ABE7
:10E3C000B592B5B1037C012B1BD1437C484A003B7D
:10E3D00018BF0123002013701AF099F8002311E0F0
:10E3E000437C1BB103F038FB606038BD03F048FB91
:10E3F000FAE7407C003818BF012018F090FC002894
:10E40000ECD021236360F0E7407C003818BF012086
:10E4100018F07DFCF3E7037C012BF2D1407C18F06F
:10E4200072FCECE7037C042BEBD100F1110101201D
:10E430001BF04AF818F065FCE1E7037C012BE0D102
:10E44000407C18F06EFCDAE7037C032BD9D1C37C47
:10E45000827C0021407C18F05EFCD0E790F911002E
:10E4600018F073FCCBE790F9110018F065FCC6E7D3
:10E4700090F9110001F0B8FCB0E7457C12301BF0B8
:10E480000FF801462846F2F767FAA7E7F2F75AFABB
:10E49000A4E7F2F74DFAA1E70223B3E7407C07F0C7
:10E4A00015FAA1E7407CBDE83840003818BF0120CC
:10E4B00007F020BA407C01F049FF95E71EF026FAEC
:10E4C00093E711301AF0ECFF08F042F886E7407C41
:10E4D00008F044F882E711301AF0E2FF054B18808B
:10E4E0007CE7407C0EF0B0FD78E7002303707CE70A
:10E4F000E54700207A51002038B50446F0F7ACFD1E
:10E5000010B10125284638BD2046F1F72FF8002824
:10E51000F7D12046F1F72CFD0028F2D1204619F062
:10E5200082FF0028EDD12046F1F7C2FE0028E8D195
:10E530002046F0F7ADFC0028E3D1204619F0DAFFC1
:10E540000028DED1204619F0FEFE0028D9D1204651
:10E5500019F0D8FF0028D4D1204619F0C6FF0028B2
:10E56000CFD1204619F0C8FF05460028C9D1214661
:10E570000148FDF797F8C5E7876404082DE9F04FD7
:10E58000B5B0F1F7D5FFF2F707F8DFF84483064698
:10E59000D8F80030C84D9A78DFF8389302F00301BC
:10E5A00001290BBF05200320B3F80110597808BFDB
:10E5B000B3F8032001F003042A8005941C78034477
:10E5C000BE48DFF814B303604FF00000C9F8003014
:10E5D000BB4B0CBF4FF0000A4FF0010A09068BF845
:10E5E0000040187005D5582332202B8000F064FCC1
:10E5F0002CE1B44F397821B91AB1582330202B803F
:10E60000F4E719F0D6FF18B9582342202B80EDE724
:10E610004FF001030FA88DF83C3018F0C9F89DF8B1
:10E620003C20002A00F012812C88562C00F2B28087
:10E63000462C31D8272C57D92046FFF75DFF0028FC
:10E6400040F00481582331202B80CFE7A4F18F03C1
:10E650000E2BF1D801A252F823F000BF2BEC0108D9
:10E6600047EC0108C5EC010839E6010839E6010864
:10E6700085EC010839E6010839E6010839E60108A8
:10E6800039E6010839E6010839E6010839E60108EA
:10E6900039E60108E1EB0108A4F147020F2ACBD8C3
:10E6A00001A151F822F000BFFBEB010839E6010897
:10E6B000E5EA010839E6010839E6010839E601080A
:10E6C00039E6010855EB010825EC010839E6010897
:10E6D00039E6010885E80108DDE8010839E60108A6
:10E6E00037E9010855E90108272CA5D801A252F8FD
:10E6F00024F000BF27E80108EBEB010813E901084B
:10E70000BDE9010839E60108ABE70108DBE90108CA
:10E7100039E6010839E60108EDE90108EDE90108EB
:10E72000FBE90108FBE9010839E6010807EB0108EC
:10E7300039E6010839E6010839E6010839E6010839
:10E74000F5EB010839E6010839E6010839E6010868
:10E7500011EC010839E6010839E6010839E601083B
:10E7600039E6010839E6010839E6010839E6010809
:10E7700039E6010839E6010839E6010839E60108F9
:10E7800039E6010839E6010839E6010801EC01081B
:10E790000BEC01089D2C11D88E2C3FF657AF652C41
:10E7A00000F0FB81812C7FF447AF052E4ED9D9F8BC
:10E7B0000030053E3344C9F8003047E0F12C00F04A
:10E7C000EC811ED8AA2C00F0DB80AB2C7FF434AF98
:10E7D000942200210FA822F02AF813AB0DF14D026C
:10E7E000019301203849009211AA00F08BFB0FA879
:10E7F00017F094FF9DF83C30002B40F086802120DC
:10E8000084E0FC2C00F00B8240F205139C427FF464
:10E8100013AF00F033FB044600F030FB0146204606
:10E8200005F08CFA72E000F029FB04460E2000F09F
:10E8300043FB022000F040FB4FF400401EF0DDF8E7
:10E840003A781AB90E2C01D101223A70D8F800306A
:10E850009BF800201A70D8F800209378002B40F025
:10E860003D82BAF1000F00F039822B8893700121AC
:10E870002A880598D31F5A425A4135B0BDE8F04F57
:10E88000FFF748BB0023CDE90F33119300F0F6FAF0
:10E890008DF83D000FA817F061FF9DF83C301BB9C3
:10E8A0002122ADF844301092084911AB10AA002083
:10E8B00000F028FBCAE700BF10450020703600209A
:10E8C000E4470020E8470020B4640408A164040879
:10E8D000B42000206C360020E94700203878012859
:10E8E00001D0022012E00023B449CDE90F33119387
:10E8F0000DF13D0211AB00F005FB0FA817F043FF2F
:10E900009DF83C300BB92123109310981EF089F824
:10E910009CE73B78012BE4D1711F0520C9B2F1F7C8
:10E9200025FE30B1FFF7F4F900280CBF21200020AC
:10E93000ECE71920EAE700230120CDE90F3311931A
:10E940009F4911AB0DF13D0200F0DCFA0FA817F062
:10E9500003FFD5E70023CDE90F33119300F08EFAC2
:10E960008DF83D000FA817F0E5FE9DF83C301BB96F
:10E9700021228DF844301092924911AB10AA96E7EB
:10E98000942200210FA821F052FF00F077FA8DF8B1
:10E9900044000FA817F0B4FE9DF83C301BB92122AB
:10E9A0008DF84C3010920DF14D0213AB0092002007
:10E9B0008549019310AA00F0A5FA47E794220021A7
:10E9C0000FA821F034FF0120804912AB11AA00F0FA
:10E9D00099FA0FA817F0A0FEDEE70120FFF7A4FBCD
:10E9E000002840F0828107232B802FE7A4F1090241
:10E9F0005042504119F07BFD28E700F03FFA06280D
:10EA0000074616D10C2C3FF46CAF0024282000F0F0
:10EA100053FA6F4B1E88E2B2022331460FA819F059
:10EA2000B5FA0134BDF83C001DF0E7FF142CF2D11B
:10EA30000CE7082804D10C2C3FF453AF002065E705
:10EA40000B28F8D00C2C02D109283FF44AAF4FF024
:10EA50000009604E3378BB4225D10C2C02D070786F
:10EA600000F02AFA71680022737809880FA819F05B
:10EA70008DFA0C2C29D100F001FA034670788342FC
:10EA80007FF4BDAE00230FAAD9B2884216D80FA9D1
:10EA900000F0FCF97368727818880FA919F08CFAE5
:10EAA00000201DF0BEFF09F10109B9F10B0F06F1BD
:10EAB0000806CFD10C2CC1D1272027E712F8011B63
:10EAC0000133FF29E0D03B2020E7092F05D1152293
:10EAD00000210DF1820021F0AAFE70780FA900F04C
:10EAE000FBF9B3E601210FA81AF009F830B91DF0BF
:10EAF00098FFBDF83C001DF080FFA7E621201DF027
:10EB000090FF0020F7E700F0B9F904461DF07FFF01
:10EB1000814600F0B3F9074600F0B0F919F4004F50
:10EB200006467FF4DEAE032F3FF6DBAE012C3FF648
:10EB3000D8AE294823B200EBC3043A46494650F800
:10EB400033001DF0E4FE002E18BF3E46A4F80490EA
:10EB5000A67173E700F092F900230128ADF83C306C
:10EB60008DF82C3017D81C4B00B203EBC0040BAA55
:10EB700053F830000FA91DF0E6FEA3791C1E18BF44
:10EB80000124BDF83C001DF038FF9DF82C0000F07A
:10EB900093F920462AE51C46F3E729240F4E36F860
:10EBA000020B013C1DF029FF14F0FF04F7D12B8864
:10EBB000652B7FF44BAEF1F7BBFE47E6A464040877
:10EBC000A7640408AA640408AD640408B1640408D6
:10EBD000DE200408C0640408004E0020F43A00203F
:10EBE0001DF015FFF1F710FD30E600F047F902F0D7
:10EBF00073FFFBE419F0ECFC28E619F0E0FC25E6D5
:10EC000003F0BCFC0146082069E71EF0BBFD72E77B
:10EC10000FA81DF0E2FF0FA806F018FA76E61EF026
:10EC20003BFDE3E419F074FFE0E41DF056FE4FF6FF
:10EC3000FF73984205D000F021F92D4B1870002089
:10EC4000D4E40120D2E408230BAA8DF81B3007ABD3
:10EC5000CDE9013203930DF11B03012025490093F7
:10EC60000DF11A020FAB00F04DF99DF81A000B9B45
:10EC7000003818BF01209DF81C200FA91EF064FE6B
:10EC8000C0B2B3E4102007A900F000F90BA91020CE
:10EC900000F0FCF80FA8F2F7FBFA09230FA88DF893
:10ECA0003C30F2F701FB0BA90FA81AF065F90FA889
:10ECB000F2F71AFE07AA11460120F2F7ABFE102068
:10ECC00007A90CE71DF009FE1DF097FE042000F0D7
:10ECD000F3F8182000F0F0F80F2087E42B88D370A9
:10ECE000D8F800201B0A1371C1E535B0BDE8F08FDC
:10ECF000E2470020B864040813B504460A4B03EB4E
:10ED0000C0018A7953F8300089881DF000FE01A8FF
:10ED10000F211AF0C7FB032101A88DF806401DF052
:10ED20002EFE02B010BD00BF004E002008B5034803
:10ED30001EF0F3F980F00100C0B208BD12450020BA
:10ED40002DE9F04782460F4691461C469DF82480E7
:10ED500019F031FC00283CD008F1030020440021C8
:10ED6000384402F08BFB054620B901221A4B1A7079
:10ED7000BDE8F08702F0BCFA184B06461B783A460D
:10ED8000037080234370012351468370033021F0C8
:10ED900060FD2CB1F81C22464946304421F059FD53
:10EDA000B8F1000F06D003343C44424608993019AC
:10EDB00021F04FFD012019F0AAFB094A29461378DA
:10EDC0000848013B012B9CBF0023137000221EF05A
:10EDD000AFF90120CCE700BFEA470020E947002057
:10EDE000E34700201245002013B504461921684668
:10EDF0001AF058FB22460DF1020101201AF056FBD1
:10EE0000062168461DF0BBFD152C02BF0222024BF5
:10EE10001A7002B010BD00BFE847002013B50A4BBE
:10EE200004461B78022B0DD10D2101A81AF03AFBE4
:10EE300021460DF106001AF035FB04210DEB01000F
:10EE40001DF09DFD02B010BDAB47002008B5034882
:10EE50001EF063F980F00100C0B208BD1245002029
:10EE600008B5054802F06AF8FEF74CFFEDF7F6FB2F
:10EE7000BDE8084019F048BB12450020024A13685B
:10EE8000591C1160187870477036002038B5044658
:10EE9000044D08462246296821F0AFFC2B68234424
:10EEA0002B6038BD703600200346024A10680344C8
:10EEB0001360704770360020054B064A19681268C7
:10EEC0008A1AC92AD8BF08701A6801321A607047B6
:10EED0006C360020B420002038B50446074D084B9E
:10EEE00028681B68C31A2344CA2B02DC224621F07F
:10EEF00084FC2B6823442B6038BD00BF6C36002097
:10EF0000B42000200EB477B5054607AB53F8046B68
:10EF10000193013E16F8013F23B903B0BDE87040EC
:10EF200003B07047019A622B02F104011468019149
:10EF300033D0703BD9B20729ECD8072BEAD801A10E
:10EF400051F823F0B5EF010815EF010815EF01089E
:10EF500065EF010815EF010865EF010877EF01087B
:10EF600089EF01081DB1FFF789FF2070D2E72078F3
:10EF7000FFF7A2FFCEE71DB11DF049FD2080C9E7D4
:10EF800020881DF03AFDC5E71DB11DF054FD20603D
:10EF9000C0E720681DF045FDBCE702F108030193BE
:10EFA00053682146187815B1FFF770FFB2E7FFF7F5
:10EFB00093FFAFE702F108030193002DAAD00448A4
:10EFC000536801681B780B4403602160A2E700BF0F
:10EFD0007036002038B50D46044617F018FD064A75
:10EFE00013889BB22DB123431380BDE8384017F03E
:10EFF00014BD23EA0403F7E7164500200022034B63
:10F0000001214FF480701A70FFF7E4BFF147002030
:10F0100008B5054B18681CF074FC00F00300C31E13
:10F020005842584108BD00BF8C3600200023F0B57F
:10F0300085B0CDE901330393124B134D1B78134E6A
:10F040008DF8043017F0E3FC2A78337804469A42AE
:10F050000F4F0CD03178386801AA29701CF071FC70
:10F0600050B140F6AF110B48EDF75AF804E038689C
:10F070001CF047FC0128EDD0204617F0CEFC05B06F
:10F08000F0BD00BFEA510020E7510020E851002008
:10F090008C3600201865040838B5044617F027FBA5
:10F0A0000C4B05461978987881420FD0631E082BC7
:10F0B0000CD8DFE803F0050D0B0D0B0D0D0D0D0049
:10F0C00000220146044B18681CF019FC284638BD84
:10F0D0000022F7E7EA5100208C360020F8B52D4BCE
:10F0E0001B7823B14FF438612B48EDF719F817F06E
:10F0F0008EFC2A4B07461C8814F0060409D0012117
:10F100004FF48070FFF766FF3846BDE8F84017F00F
:10F1100084BC21464FF48070FFF75CFF204601F06D
:10F1200067FC02280AD180221D4B802118681CF040
:10F130002EF818F0D5FEFFF779FFE5E7204601F03D
:10F1400057FC054638B1012807D040F6C2311248B5
:10F15000ECF7E6FFD8E70246E6E7FF22104E114B38
:10F1600030681A70FBF7CCFF30681CF0CAFB01282E
:10F170000CD02A46294630681CF0C5FB21462C20BD
:10F18000FFF78AFF21460A20FFF786FF18F0A9FE45
:10F19000BAE700BFF14700201865040816450020B3
:10F1A0008C360020E751002038B54FF0FF300C4678
:10F1B00021F05CFB0A4B0546186821F057FB641BE5
:10F1C000241A20B210F1630F06DB10F1240F05DAC8
:10F1D00064308000C0B238BD0020FCE7FF20FAE7B1
:10F1E0008C36002010B50E4C236823B940F631410F
:10F1F0000C48ECF795FF206801301AF051F900F047
:10F20000070003280AD1246809220121204601F0C1
:10F2100023F9205C031F5842584110BD0020FCE731
:10F220007C3600201865040808B5134B1B78062BA4
:10F2300004D040F2DE711148ECF772FF104B1B88CE
:10F240001B0704D440F2DF710C48ECF769FF0D4B4B
:10F250002A201978FFF720FF00210820FFF7BAFEC7
:10F260000222094B1A70094B1868FBF749FFBDE8E9
:10F27000084019F056B900BFF1470020186504088E
:10F2800016450020EE470020E55100208C36002076
:10F290000021014802F092BA8C4E00207F2837B539
:10F2A000044612D14FF6FF7318490246ADF80630F6
:10F2B000098802230DF1060018F075FEBDF806401E
:10F2C000E2054CBF6FF04A0464B217F0A0FB104B8C
:10F2D00005461C700F4B1B88DB0710D50E4B1B78A7
:10F2E000002B0E4B0CBF21466FF07F0118681BF0FE
:10F2F00071FF20B140F607610948ECF711FF28467D
:10F3000003B0BDE8304017F088BB00BFDC20040824
:10F31000DF51002016450020F24700208C360020E7
:10F320001865040808B50A4B1B88DB0604D440F6B0
:10F3300001010848ECF7F4FE00211020FFF74AFE17
:10F34000002001F0AFFABDE8084019F0EAB800BFAC
:10F350001645002018650408F7B5124CD4E900657D
:10F3600086EA020C85EA03070CEA000C0F405CEA0F
:10F37000070E15D086EA0C067D40C4E90065CDE98C
:10F3800000230B460849024608681CF067FB38B1A9
:10F3900040F2F311054803B0BDE8F040ECF7C0BE01
:10F3A00003B0F0BD381600208C3600201865040824
:10F3B00010B517F0AEFC60B117F0BAFC0B4A80B183
:10F3C00041F20D03BDE8104041F20D010748FFF77F
:10F3D000C3BF074B1A789B789A4204D100220023BE
:10F3E000F0E70D23EEE7034AF9E700BF400D030005
:10F3F000EA510020488D010038B5264B04461B8891
:10F400009B0741D50128244B2DD1197859B30139D7
:10F41000C9B2197011B92020FFF7DCFD00210220CC
:10F42000FFF7D8FD04221D4B00211D481A7002F081
:10F43000C5F91C4C206801301AF032F800F4406025
:10F44000B0F5006F23D1246801210422204601F089
:10F4500003F820441AF024F80146BDE838400022A1
:10F46000202019F013BB00210F4D02201970FFF767
:10F47000B1FD2B78FF2B04D040F252610B48ECF722
:10F480004FFE2C7019F04DF8012CD2D038BD4FF63C
:10F49000FF71E2E716450020F0470020F147002009
:10F4A0006C4E00207C360020E651002018650408D0
:10F4B0002DE9F04F5706804614461D4691B005D5FC
:10F4C000FFF7A6FD01460120FFF7E6FDEE0403D598
:10F4D00000212D20FFF7E0FDA00223D540461CF0BF
:10F4E00006FB0146F0B94020FFF774FD40460AA92B
:10F4F0001BF004FFB0B99DF83030022B6DD1BDF880
:10F50000280010F08FFAFF2808D140461BF0F4FEC7
:10F5100040B901214020FFF75DFD03E010F0BAFA89
:10F520000028F2D1A10305D5FFF772FD01460320A3
:10F53000FFF7B2FDE20104F0807354D54B4B1B88FA
:10F540009B072FD54A4E30681BF07AFE50BB494BC3
:10F55000494F18703B78FF2B04D04FF4C2614748E5
:10F56000ECF7DEFD4FF0000900210220FFF732FD2D
:10F5700087F80090424F3B78062B07D101210820E5
:10F58000FFF728FD49462820FFF786FD3B78052B2D
:10F5900006D100212B20FFF77FFD3068FBF7B0FD7F
:10F5A00018F0BFFF210740F1D380314F03213868A5
:10F5B00005AA1CF0A2FA064620B940F282612F4843
:10F5C000ECF7AEFD9DF81430072B5BD0FFF720FD64
:10F5D00001460420FFF760FDBAE0032BA2D10AA880
:10F5E0001FF0D4FE9CE705F0020213430ED0244B1B
:10F5F00026201978A1F1060EDEF1000141EB0E0183
:10F60000FFF74AFD0120FFF7F7FECBE704F0805338
:10F610001A430CD026201A4B1978A1F1060CDCF104
:10F62000000141EB0C01FFF737FD0220EBE704F08E
:10F6300088410B4306D0124B272019788F1F79423F
:10F640007941F0E705F008030B4302D02320FFF7D0
:10F6500023FD6E0703D500212420FFF71DFDE807D9
:10F66000A0D500212520FFF717FD9BE716450020B8
:10F670008C360020F0470020E65100201865040871
:10F68000F1470020314638680AAA1CF03EFA20B142
:10F6900040F28961B648ECF743FDBDF816103868B2
:10F6A00002310AAA89B21CF032FA20B140F2936109
:10F6B000AF48ECF735FD002300933146042338684A
:10F6C00004AA1CF03BFA042804D040F29961A8482F
:10F6D000ECF726FDDFF8B89299F80030002B40F0E7
:10F6E000DB800DF1110019F0DBFE00F007000228AD
:10F6F00040F0D280FFF78CFC01460920FFF7CCFCDC
:10F700009C4B1B78062B23D19B4B9DF813201B7819
:10F710009A421DD19DF8353023B940F2AF6194482B
:10F72000ECF7FEFC0DF1110019F0BAFEC0F3001663
:10F7300031462920FFF7B0FC00210820FFF74AFCE2
:10F740008E4B1E70FFF74EFD10B93868FBF7D8FCE2
:10F75000E70505D5FFF75CFC01460420FFF79CFC9C
:10F7600014F4863F05D0FFF753FC01460220FFF753
:10F7700093FCA60111D5FFF74BFC01460820FFF7CB
:10F780008BFC00210420FFF725FC7A4B1B78012B12
:10F7900003D17B4B1868FBF7B3FC14F0084F09D07A
:10F7A000FFF736FC01460720FFF776FC0021042016
:10F7B000FFF710FCA00009D5FFF72AFC0146062040
:10F7C000FFF76AFC00210420FFF704FCA10705D520
:10F7D0006C4B1B881A0701D5FFF726FD6B0605F059
:10F7E000400610D5674C00210A20FFF755FC2388FE
:10F7F0001F0701D5FFF718FD23885C0703D50021FB
:10F800000420FFF7E7FB280602D501201DF0B1FB1D
:10F81000E90527D540461CF070F8022800F0E38087
:10F82000032840F0F980574C23885A0709D5FFF781
:10F83000EFFB01460720FFF72FFC00210420FFF714
:10F84000C9FB23889B070DD526204A4B1978A1F1C7
:10F85000060CDCF1000141EB0C01FFF71DFC01205F
:10F86000FFF7CAFDA90503D501218020FFF7B2FBF0
:10F87000002E00F0D780434C23881A0701D5FFF7EC
:10F88000D3FC23889B0740F1CD800021042011B0D8
:10F89000BDE8F04FFFF79EBBBDF816000121083010
:10F8A00080B201F0EBFD039000283FF48FAE01F031
:10F8B0001FFD0799BDF81820064620F0CAFF0899D9
:10F8C00041B1BDF81800BDF81620121A92B23044AA
:10F8D00020F0BFFF99F800A0BAF1000F20D106F187
:10F8E000010B584619F0DCFD82066BD538681CF018
:10F8F000FEF80746FFF78CFB05370146F8B2FFF725
:10F90000CBFB584619F0CCFD00F0070003281E4F32
:10F9100040D001210420FFF75DFB1BF0D6FC3860CE
:10F9200000221A49BDF816300978F718F1549DF8ED
:10F930003630BB709DF83730FB70FF233B710A9B5C
:10F94000190C7971FB71190A99F80030B9712BB94A
:10F950007378002A44D043F020037370002001F034
:10F96000E9F97870039801F0EFFD18F0DAFDEFE6A1
:10F9700018650408F1470020EC470020E5510020FD
:10F980008C3600201645002078360020E7510020F4
:10F99000F447002001210922304600F05DFD305C73
:10F9A00001210428B6D1FFF715FB1BF08EFC1F4B7D
:10F9B00038601B885B06B3D551464020FFF70AFB31
:10F9C0000122AEE7FFF724FB01460920FFF764FBA5
:10F9D000174B1B78012BA3D13868FBF791FB9FE7EE
:10F9E00023F02003B9E7114C23885F0709D5FFF7FF
:10F9F0000FFB01460720FFF74FFB00210420FFF714
:10FA0000E9FA23889C077FF52DAF094B1978881FE9
:10FA100041424141272020E740F697010548ECF795
:10FA20007FFB1FE711B0BDE8F08F00BF1645002037
:10FA3000F147002018650408F8B5164E0D463378D6
:10FA400002F0010423B14FF464711348ECF768FB32
:10FA5000124B134F1D60134DA4B1134B997801B194
:10FA600001212020FFF7B6FA2B783B700F4B1C7852
:10FA70000F4B00211C70042333700E48BDE8F84082
:10FA800001F09CBE21462020FFF7A4FA2B783B70A2
:10FA9000EEE700BFF1470020186504087C3600201F
:10FAA000EE470020E951002080360020EF4700207B
:10FAB000F04700208C4E00202DE9F84316F0A7FFF8
:10FAC000DFF8A0810546B8F80030614C13F4807F60
:10FAD00003D0237873BBFFF701FB00210846FFF733
:10FAE000DBFA5C4B1A78FF2A13D01A7802F0FF0673
:10FAF00032BBFF221A702378052B0AD10023284637
:10FB0000237016F08AFF30461DF026FA16F07FFFAC
:10FB100005462378504E062B09D13378FF2B06D0AB
:10FB20003378022B15D100214C4801F047FEFF230A
:10FB300033702BE000214FF48070FFF74BFACCE7D5
:10FB40001A78012A4FF0FF0214BF33264C261A7090
:10FB5000D4E7337813B13378012B22D1FFF742FB7E
:10FB600007463E4896F8009001F0C4FEFF235FFA76
:10FB700089F9337077B1B9F1010F44D16421374865
:10FB800084F8009001F01AFEFFF750FA284616F0AC
:10FB900044FF06E02846277016F03FFF38461DF068
:10FBA000DBF9B8F800301B0605D500218020FFF7EF
:10FBB00011FA18F0F6FF01F0D9FC294E308000B39D
:10FBC0002778012F42D101F093FB054610B3013095
:10FBD00019F066FC00F44060B0F5006F1AD1042201
:10FBE0003946284600F038FC284419F059FC4FF6F5
:10FBF000FF7398420ED10020318800F099FD002358
:10FC00003380BDE8F88300232846237016F005FFF3
:10FC10003F20C4E7114801F06DFE00210846217025
:10FC2000012500F02FFD23780BB9FFF757FA0020CC
:10FC3000318800F07DFD00233380002DE1D0207855
:10FC40000028DED1BDE8F8431DF0FFB90025EAE742
:10FC5000F1470020E6510020E55100208C4E0020A5
:10FC60001445002016450020074B1A7842705A7838
:10FC700082709B781A1E18BF01220370034B027119
:10FC80001B78C370704700BF80360020E951002008
:10FC900008B513460A461946064B18681BF020FBA8
:10FCA00030B1BDE8084040F2B2410348ECF738BA41
:10FCB00008BD00BF8C3600201865040808B513463F
:10FCC0000A461946064B18681BF004FB30B1BDE824
:10FCD000084040F2B9410348ECF722BA08BD00BF22
:10FCE0008C36002018650408024B1878B0FA80F0B2
:10FCF00040097047F1470020024B1878431E5842D4
:10FD000058417047F147002008B5064B1B7823B1D6
:10FD100040F2E2410448ECF703FAFFF7DFF9002074
:10FD200008BD00BFF14700201865040808B5064B60
:10FD300001EB8101186849001BF063FA002814BF29
:10FD40002120002008BD00BF8C36002008B5044BE0
:10FD50001868F5F741F90A2390FBF3F040B208BDAB
:10FD60008C360020014B1878704700BFE851002006
:10FD700008B5044B18681BF02EFEB0FA80F040095D
:10FD800008BD00BF8C36002038B5124D0C462B78CC
:10FD9000012B04D940F203510F48ECF7C1F9214679
:10FDA0000020FFF7E5FF90B10C4B1C702B785BB97E
:10FDB000FFF794F90A4B93F900100A4BC901186830
:10FDC0001BF04EFE002038BDFFF730F9F2E721208E
:10FDD000F9E700BFF147002018650408E85100204A
:10FDE000F34700208C360020014BD870704700BFCD
:10FDF0008036002008B5054B012118681BF0A5FDD1
:10FE00000028B8BF033040F3870008BD8C360020BF
:10FE100008B5074B18681BF0D8FD30B1054BB3FB94
:10FE2000F0F083B20BB1184608BD0120FCE700BF1B
:10FE30008C36002040420F0008B5074B18681BF0B5
:10FE4000C8FD30B1054BB3FBF0F083B20BB11846DF
:10FE500008BD0120FCE700BF8C36002040420F00A7
:10FE60002DE9F347534F012018F03CF83B889907E0
:10FE700004D44FF43D615048ECF752F9DFF85C814F
:10FE800098F80030053B012B04D940F6D2314A489E
:10FE9000ECF746F9494E336823B940F6D531464868
:10FEA000ECF73EF93C8814F020045CD001212220BC
:10FEB000FFF7F2F84FF47A74FFF7BEFF33681B7850
:10FEC0000933434304EBC30498F80030A5B2062B72
:10FED0000BD1FFF79DFF0446FFF7AEFF60235843A9
:10FEE0000C2303FB0400284485B2D6F80090344B61
:10FEF00099F800801C7808F1FF38324E1FFA88F814
:10FF0000002C3FD13B885A0532D57378DFF8C8A062
:10FF100026468AF80030CAF8085016F014FF30B1AF
:10FF200016F00FFF012814BF102308231E43264D8F
:10FF300080234946424628681BF0DBFD234B197895
:10FF4000234B19703B889B061FD5CDF800A0324685
:10FF5000204B28681BF0F3FC10BB002002B0BDE86A
:10FF6000F04717F0BFBF21462220FFF795F8A3E71F
:10FF700009F1010019F094FA10F020047378C5D04B
:10FF80000124C3E700247378C0E73246124B286887
:10FF90001BF0D3FC014618B92520FFF77DF8DCE7FC
:10FFA00021462620FFF778F840F678310248ECF732
:10FFB000B7F8D2E716450020186504087C36002003
:10FFC000F4470020EA5100208C360020E851002040
:10FFD000E751002080360020504E0020F1470020DD
:10FFE00008B5174B1B889B0704D440F635611548AC
:10FFF000ECF796F8144B1B78053B012B04D940F61F
:020000040802F0
:1000000036611048ECF78CF8104B1B6823B940F6AA
:1000100038610C48ECF784F800220D4B21200D4983
:100020001A70FFF739F818B9BDE80840FFF718BF94
:10003000022803D1BDE80840FFF7DEB908BD00BFC4
:100040001645002018650408F14700207C36002082
:10005000EB470020F1010208F8B5594C23889A07B4
:1000600004D54FF437715748ECF75AF8564801F069
:1000700041FC16F0CCFC238805465B070BD51BF032
:1000800024F9524B1B68C01AB0F5717F03D90021C7
:100090000420FEF79FFF28464D4D16F0BEFC2B783E
:1000A000042B32D116F0B3FC238806465F0708D52F
:1000B0004548002101F082FB3046BDE8F84016F0CB
:1000C000ACBC16F0AAFC16F0A2FC424B06461B780C
:1000D000414F13B9238859050FD50523012102206B
:1000E0002B70FEF777FFFFF77BFF304616F095FC8D
:1000F0003B68DA78394B1A70F8BD3868013019F06E
:10010000CFF98206E9D50623E8E7062B4DD1344B1B
:100110001B78FF2BF0D1334E16F01CFE3378002BEA
:100120003DD016F074FC238805465B0705D52648AC
:10013000002101F043FB2846BFE716F06EFC337840
:10014000013B337016F063FC044601210220FEF7E8
:1001500041FFFFF745FF20461F4C16F05EFC20686C
:10016000013019F09DF900F44060B0F5006F13D133
:10017000246801210422204600F06EF9204419F081
:100180008FF90146184B04201A783378D21AD2B26C
:10019000BDE8F84018F07ABC4FF6FF71F2E7402056
:1001A0002B70BDE8F8401CF0D7BE012BA4D1002372
:1001B0002B700E4B1868FAF7A3FF3F20F1E700BF42
:1001C00016450020186504088C4E00207836002063
:1001D000F1470020F44700207C360020EC47002047
:1001E000E5510020EE470020E95100208C36002028
:1001F00008B50A4B1A7882B9012210281A7004D067
:1002000040F62C610648EBF78BFF00212020FEF71B
:10021000E1FEBDE80840FFF723BE08BDEB47002024
:100220001865040838B510200C460121FEF7D2FEEF
:10023000064B1D68FFF7ECFD012200FB04F1044BA7
:1002400028461BF065FB002038BD00BF8C3600201F
:1002500025F3010808B5094B1B88DB0604D440F2DE
:1002600079510748EBF75CFF10200021FEF7B2FE42
:10027000044B1868BDE808401BF058BB1645002029
:10028000186504088C36002010B5064C20681AF05A
:10029000FCFFC30704D52068BDE810401AF0F7BF83
:1002A00010BD00BF8C360020012208B5084B114656
:1002B00018681BF028FB00212C20FEF7EDFE002122
:1002C0000A20FEF7E9FEBDE8084017F00ABE00BFAD
:1002D0008C3600200148EBF723BF00BF32650408CD
:1002E000014B4008185C7047E151002008B51346E7
:1002F0000A461946064B18681AF0F8FF30B1BDE8F7
:10030000084040F676410348EBF70ABF08BD00BF3E
:100310008C3600201865040808B5044B18681BF0DB
:10032000F0FA013818BF012008BD00BF8C3600204C
:10033000054B10B54C002246014618681AF03AFFEA
:10034000031B5842584110BD8C36002003289DBF26
:10035000024B187000202120704700BFEF4700209B
:1003600070B5054616F053FB0E4B0F4E1B88044626
:10037000DA07357008D50D4B0D4D1B78012B08D9C8
:10038000012128681BF0B1FB2046BDE8704016F043
:1003900044BB1BB116F0B3FCC305F1D4317881F036
:1003A0000101EEE716450020E0510020F247002051
:1003B0008C36002010B5054C94F900007F2801D13F
:1003C000FEF76CFF94F9000010BD00BFDF51002064
:1003D0000C4B10B51B880446DB0711D5FEF7E8FF70
:1003E000094B84F0010208211868D2001AF0CFFEF0
:1003F00030B1BDE8104040F6C4610448EBF790BE50
:1004000010BD00BF164500208C360020186504087A
:1004100008B5044B014618681AF073FF003818BF7E
:10042000012008BD8C36002010B50A4C23787BB122
:10043000FFF73AFF00210420FEF7CCFD0021022047
:10044000FEF7C8FD00232370BDE81040FEF746BE4E
:1004500010BD00BFF1470020032A134601D91CF04C
:100460009BBD014AD05C70473C65040838B509481B
:1004700000F064FD0024084D95F8C030E0B28342DE
:1004800000D838BD103005EBC00000F057FD013436
:10049000F2E700BFAC3700209036002008B51046C8
:1004A0000249482220F0D5F9002008BD6437002019
:1004B00008B505481DF056F8014620B9BDE80840CA
:1004C000014801F07BB908BDAC4E0020002238B5D0
:1004D0001F4B15461C4683F87F200132082AC3F8BB
:1004E0008050C3F88450A3F8805003F10803F4D17E
:1004F00048220021174820F09AF94FF6FE73A4F81D
:10050000E4306FF480337F2200211148C4F8D830E2
:1005100020F08DF9104BC4E93155C4E9473584F812
:10052000C05084F8CC50C4F8D05084F82451EBF774
:1005300055FFFF22094B01211870094B00201A704A
:10054000E6F736FA0020FFF7B3FF002038BD00BF02
:1005500090360020643700200000FFFFF5470020A0
:100560004548002010B54FF49474094B04FB00304B
:10057000D0F8C43053B990F8CC403CB931B1C0E99F
:1005800031122046FFF794FF204610BD2120FCE7E2
:100590009036002038B54FF494730B4D03FB005593
:1005A00095F8CC406CB9204611F032FE95F87F30BA
:1005B000204643F0020385F87F30FFF779FF20469D
:1005C00038BD0120FCE700BF903600204FF4947244
:1005D000044B02FB003090F87F3023F0030380F8D7
:1005E0007F3070479036002070B51446234A064687
:1005F0001278002A40D14FF49471214D01FB005133
:10060000D1F8C420C2BB91F8CC203AB1022B33D12F
:1006100091F8C010072907D91C202CE091F8C010D0
:100620000729F9D8012B0AD04FF4947000FB06502B
:10063000CA0000F18001883020F0DFF80021252376
:1006400003FB06119DF81430103125F8314005EBFD
:10065000C101CB70049B00244B604FF4947303FBE7
:10066000065595F8C030204601338C7085F8C030AF
:10067000FFF71EFF204670BD0120FCE7F447002075
:1006800090360020F8B5274B04461B780F46002B08
:1006900046D14FF49473244D03FB0053B3F81C313F
:1006A00023B94FF44A712148EBF73AFD4FF49472A5
:1006B00002FB0452D2F8206136B192F81F3139465C
:1006C0000020B2F81C21B0474FF494730021482059
:1006D0006343EA18A2F81C11C2F8201192F8241101
:1006E00000FB01332B44D3F814319E4218D092F80A
:1006F0007F309B0710D54FF4947202FB045292F89E
:100700007F30204623F0020343F0010382F87F305C
:10071000BDE8F840FFF7CCBE11F09CFD0028EAD1FF
:10072000F8BD00BFF447002090360020976604080B
:100730002DE9F04F8BB0079008460D4600F0D8FD2C
:10074000044618B921200BB0BDE8F08F284600F010
:10075000EBFDC0B20838215C22180391517992F860
:10076000029092F803A004919179D27926780692AA
:100770000022B4F80130ADF82620474A059192F8DE
:100780000080B8F1000F09D0444B1B6823B15146DB
:1007900020464FFA89F298470020D4E703F0070378
:1007A000022B76D00134092241462046FFF754FE41
:1007B000023EF6B2331A5FFA83FB1B060746C1D42A
:1007C000374BD3F80C312BBB00210DF126030093DE
:1007D00022465B46084611F053FCC3B20546002B87
:1007E00052D1BDF826001FF045F9D0B9BDF826005A
:1007F0001FF03CFA8046BDF826001FF03BF9E8B92F
:100800000123324621460DF1260000F0C7FED0B18B
:10081000192098E742460121284698470028D3D15D
:1008200090E71F4BBDF82600D3F81031002BDDD028
:10083000E11998470028D9D1022084E75A4640465A
:10084000E11920F006F8BDF8260000F051FD039BE9
:10085000049A8372059B07991B0243EA0243069A96
:1008600080F808A01343C3604FF494730C4A80F8D7
:10087000099003FB012393F8CC10BDF8260029B1A1
:10088000D3F8C83003B19847E8B25CE7D2F8F43047
:10089000F8E7012057E700BFF44700207436002036
:1008A000903600204FF4947370B50B4C054603FB53
:1008B0000043D3F8D06026B940F2E9310748EBF79E
:1008C0002FFC4FF4947303FB05440023C4F8D0308D
:1008D0003346BDE8704018479036002097660408FC
:1008E0002DE9F84308460F46164602F101091FF0AC
:1008F000C2F9804638461FF0B6F8042856D138466B
:100900001FF0D5F848F661054FF6FF7248F641032F
:10091000294C904208BF1D46B4F8D810301D18F07D
:10092000C1FD38461FF0C3F80146B01D18F0BAFDEE
:10093000B4F8DA1006F1080018F0B4FD06F10A0464
:1009400038460EF069FE10B145F01005ADB22946EB
:10095000484618F0A7FD38461FF088F94246014680
:1009600020461FF076FF3846012100F04BFD44443D
:10097000074660B100F0D8FC0546384600F0B8FCE8
:10098000EDB201462A4620461FF063FF2C440B4A75
:10099000A41B13780134591C1170F3703470304665
:1009A000BDE8F84309220121FFF756BD484618F07B
:1009B00077FD4C460546C3E790360020F5470020FA
:1009C00010B40C4611464FF49472084B02FB0033EE
:1009D000D3F8D00028B9C3F8D0405DF8044BFFF736
:1009E00021BC02205DF8044B704700BF9036002008
:1009F0004FF4947210B5482450430A4B1A1892F8D9
:100A0000241104FB0100034493F8F300022806D0EC
:100A100092F8CC301BB9032818BF012010BD00206C
:100A2000FCE700BF9036002070B508B1012070BD12
:100A3000234C94F82451002DF8D12946B4F8D8203D
:100A4000FFF73CF929462846B4F8DA20FFF720F9E9
:100A50002946284604F1DC02FFF748FC94F8F330FD
:100A6000002BE3D0284694F8D460FFF77BF9864248
:100A700015D1002094F9D650FFF768F9854216D1B8
:100A80000020FFF7B5FF04460020FFF72DF90028EE
:100A9000CDD02146BDE870400020FFF735B928468B
:100AA00094F8D410FFF770F90028E2D0BFE70020D7
:100AB00094F9D610FFF73AF90028E1D0B7E700BF64
:100AC0009036002003464FF4947010B51446174A30
:100AD00000FB032292F8F30002280CD1E07F0228E9
:100AE00009D141B112490978012913D992F8D410DA
:100AF000227891420ED118462178FFF739F990B14A
:100B0000482221460B481FF0A4FE0020FFF7ECF816
:100B100008B9002010BD054B93F824010028F8D136
:100B2000FFF782FFF5E72120F4E700BF90360020B1
:100B3000B3510020643700204FF4947208B50A4B7B
:100B400002FB00330020D3F8D020C3F8C80083F89C
:100B5000CC001AB1C3F8D000FFF77CFB0020FFF7F0
:100B600063FF002008BD00BF903600207FB51C4CFD
:100B700094F8243123B1002084F82401FFF754FFB6
:100B800094F8D630B4F81C518DF80F3025B940F2E6
:100B9000EE211448EBF7C4FA114A29460020FFF76A
:100BA0009FFED4F8F86002469EB10DF10F03019349
:100BB000002328460A490093B0470246247854B9D6
:100BC00020462146FFF75EFD2046FFF771FC04B08A
:100BD00070BD0122F2E700200149FEF72DFFF6E784
:100BE000903600209766040838B54F4B1C78002CCF
:100BF0005FD14E4800F07EFE2046FFF775F80028D2
:100C000057D04B4C94F87F30D90738D594F8CC2086
:100C100022B123F0030384F87F304AE023F001037C
:100C200084F87F3011F0FEFA94F87F3005469A0779
:100C300001D511F0EDFA2946002011F025F850B940
:100C400094F87F30284643F0010384F87F30BDE8F4
:100C5000384011F0DDBA0023482284F81F3194F89F
:100C6000243184F81E5102FB0343D3F81431A4F855
:100C70001C01C4F82031BDE83840FFF777BF94F875
:100C8000C000B8B104F58E7304F1800595E8030047
:100C900083E80300FFF76AFF94F8C0202846D200DB
:100CA00004F188011FF0A9FD94F8C030013B84F8DD
:100CB000C03038BDD4F8C42072B99B0715D594F85C
:100CC0007F30002023F0020343F0010384F87F30DB
:100CD000BDE83840FFF7ECBB0123C4F8C40084F83A
:100CE000CC30904794F87F3093E711F0B3FA0028A6
:100CF000E5D194F8243173B1EFF7D8FF94F8CC30F4
:100D0000002BD6D1FF2818BF84F82401BDE8384055
:100D10000020FFF789BED4F80831002BECD09847AB
:100D20000028C6D1E8E700BFF4470020AC4E002001
:100D3000903600204FF49472024B02FB003393F87C
:100D4000240170479036002038B505460020FEF794
:100D5000CBFF4FF494730C4C03FB054494F8CC3058
:100D60000BB1002038BD0028FBD008481CF0FAFB6E
:100D70000028F6D194F87F30002BF2D194F8C0000F
:100D8000B0FA80F04009EDE790360020AC4E00202C
:100D900028B1034B1B68C01A4010013080B2704765
:100DA000D037002030B1044B00F100401B680138FF
:100DB00003EB4000704700BFD037002010B5084A51
:100DC00003461CF065F914684FF6FF7203EB40030D
:100DD0009C42184603D9018802339142F8D010BDD5
:100DE000C83700202DE9F047204F05463B88A3B3C4
:100DF000B0F90230002B30DBDFF87C801C49D8F8DA
:100E000000001FF01CFD20B940F2C3111948EBF798
:100E100087F90026DFF85CA0DFF860903A88B3B26B
:100E20009A4204D840F2C5115046EBF779F9D9F847
:100E30000030B2B253F83200D8F8001003EBC2040D
:100E400068B943F83210A38828460133A3801CF008
:100E50001FF9E38803EB4003E380BDE8F0871FF050
:100E6000EEFC01360028D9D1EDE700BF184500207F
:100E7000406504084A650408CC4E0020BC370020B9
:100E800038B5094C094D22682B689A4204D94FF4B1
:100E900081710748EBF744F928682368C01A20F0ED
:100EA000010080B238BD00BFC8370020CC37002019
:100EB0004A65040838B5124C124D21462846EFF712
:100EC00053FD23680BB12B681BB9D2210E48EBF7F9
:100ED00027F92A680D4B0E491A60236823F0010395
:100EE00013440B600B4B1A602AB9BDE83840EC2163
:100EF0000548EBF715B9FFF7C3FF6428F5D938BDEE
:100F0000C0370020C43700204A650408D0370020CD
:100F1000CC370020C8370020064B1B68834206D818
:100F2000054B1B68834294BF0020012070470020BE
:100F3000704700BFD0370020C83700202DE9F041AE
:100F40001D4B04461B78012B24D10088FFF72AFF94
:100F50000546D8B10426DFF864802C4615F057FD0D
:100F600007462046FFF73EFF638843EA0803638095
:100F7000A05BFFF717FF0446384615F04EFD1CB185
:100F8000B4F90230002BE9DA062E01D1BDE8F08178
:100F90000626E2E7022BF9D115F039FD024620883A
:100FA000FFF700FF18B10388C3F30E032380104638
:100FB000BDE8F04115F031BDF64700200080FFFF8D
:100FC0002DE9F04F0024BA4B97B006461C8015F06F
:100FD0001EFD0123DFF8EC82B64F3B70B8F80030FD
:100FE000A8F80040ADF81630B34B1B68019315F01C
:100FF00014FDB24B21461A88B14BD20018681FF07D
:1010000016FC0DF11600FFF799FF002E3CD1DFF81A
:10101000B8924FF0000B0125D9F80040019B9C428B
:1010200039D3BBF1000F39D1002DF2D0D9F80040EF
:10103000DFF898A225462246019B9A4273D30223E9
:101040000DF116003B70FFF779FF002E40F08F8006
:10105000D9F800603246AA4280F0A2809088FFF75B
:10106000A1FE18B10388C3F30E039380D088FFF765
:1010700099FE18B10388C3F30E03D3801046FFF71F
:101080009DFE0246E7E79847E3B256F82330013465
:10109000002BF8D1BBE7BBF1000F3ED00BF1FF33C3
:1010A0005FFA83FB16AB03EB8B0252F8402CB2F9CC
:1010B000020051880028B1DA4B04AFD4924641F4C3
:1010C0008040931D2AF8020F02933AF8020FFFF7AF
:1010D00069FEF0B1B0F902E0B0F802C0BEF1000F55
:1010E00017DB6FEA4C4C6FEA5C4CA0F802C003902F
:1010F000FFF778FEBBF10F0F8FBF002516AB039AE9
:1011000003EB8B009EBF0BF1010340F8402C5FFA0C
:1011100083FB029B9A45D8D180E72046FFF74EFE1D
:1011200022460446C3E710461BF0B2FF8346B2F9DD
:101130000200118800280AEA010108DA2046FFF7B8
:1011400027FE084381B204EB4B0402EB4B0510462B
:101150001180FFF733FE02466EE798475FFA8AF385
:1011600056F823300AF1010A002BF6D170E74FF050
:10117000000AF3E73046FFF721FE82467EB1B6F95A
:1011800002307188002B0ADA3088C0F30E00FFF7B6
:1011900009FE864203462DD1C1F30D0171805646EA
:1011A000AE42E7D3DFF81CA115F031FC0021064662
:1011B00050461CF029F8FFF7F5FD0546002800F021
:1011C0008780304615F029FC28461BF061FF064653
:1011D0002046FFF7DDFD814676003246294620464F
:1011E0001FF00BFB002249460DF116001BF0A0FF7B
:1011F0003444D9E71BD930461BF04AFFC1F30D0137
:10120000420071801846314692B21FF0F6FAC6E7E6
:101210005046FFF7D3FDD146854203D9B0F90230DD
:10122000002B01DA824603E0FFF7C8FDF4E7B14680
:10123000554507D9BAF80000C0F30E00FFF7B2FD1C
:101240008245E5D3B9F1000F30D0B9F80000C0F302
:101250000E00FFF7A7FD034638B93346CB46994544
:1012600013D8B1459BD0D946ECE748461BF010FF98
:10127000B9F802204946C2F30D02A9F80220420043
:1012800092B218461FF0B9FAE7E718460193FFF744
:1012900095FD019B9B46854203D9B0F90230002B96
:1012A00001DA0346DBE7FFF789FDF4E7CB46DAE72F
:1012B0001A450020F6470020C837002018450020B6
:1012C000BC3700201C450020D03700200080FFFFE5
:1012D000BDF816303870A8F80030044B30461C605A
:1012E00015F09BFB17B0BDE8F08F00BFC83700209A
:1012F00010B5044608B9002010BD1BF0DAFE20B975
:1013000040F2BA410748EAF70BFF2046FFF74AFDD3
:101310000028F0D00388DB0B14BFD0F80A00083097
:10132000EAE700BF4A65040810B508B9002010BDFF
:10133000FFF738FD04461BF0B3FE20B940F2D4415C
:101340000648EAF7EDFE002CF0D02388DB0B0ABF3D
:1013500060882089C0F30C00E9E700BF4A650408F3
:101360002DE9F0410546FFF71DFD0F460446D8B1B3
:101370001BF096FE20B940F2E7412048EAF7D0FE84
:101380002846FFF7D1FF05462046FFF717FDBD426F
:10139000064609D004D840F2EF411848EAF7C0FEEB
:1013A0002588ED0B02D02781BDE8F08167802046BB
:1013B0001BF06EFE074604EB400815F028FB104BAF
:1013C0001A68B2420AD1C3F8008015F026FB2A46FB
:1013D0004046BDE8F041FF211FF029BAA6EB080600
:1013E000B5B215F01AFB072DF1D90023083D44F8DA
:1013F0001730C8F80430A8F80250D5E74A65040849
:10140000C837002038B5FFF7CDFC0D46044650B173
:101410001BF046FE20B940F22C510348EAF780FE4B
:10142000023534F8150038BD4A65040870B5FFF779
:10143000B9FC0C4616460546B0B11BF031FE20B98A
:1014400040F237510C48EAF76BFE3046FFF7AAFC32
:101450001BF026FE20B94FF4A7610748EAF760FEAB
:10146000023425F8146070BD40F23C51BDE8704074
:101470000148EAF755BE00BF4A6504082DE9F84364
:101480000746884617F077F820B940F277512A4886
:10149000EAF746FEFC1CA408284B64000434B7F5A8
:1014A000005F1E68A4B204D340F27E512248EAF7DE
:1014B00037FE15F0ACFA224981460B687BB9214B07
:1014C0001D68761BC6F34F06B44227D9002548464F
:1014D00015F0A3FA2846BDE8F843FFF759BCB8F168
:1014E000000F11D0174A15685A1BC2F34F029442DD
:1014F000ECD81448620005EB44040460B8F1000F16
:101500000FD113440B600CE0F61AC6F34F0676B900
:1015100040F28F510848EAF703FED7E705EB440491
:101520001C6000236F80AB80EB802B80CFE7B44240
:10153000CCD8044A1568DCE74A650408CC3700209B
:10154000B8370020C837002038B5054615F05FFAD7
:1015500004462946044800221BF0EAFD2046BDE867
:10156000384015F05ABA00BF1C45002038B515F0B8
:101570004EFA0021054604481BF046FE0446284664
:1015800015F04BFA204638BD1C450020024B188848
:10159000B0FA80F0400970471C4500202DE9F74F54
:1015A000044600881F46FFF7FDFB884615460646A1
:1015B0001BF076FD20B940F2E6613F48EAF7B0FD46
:1015C0003388DB0B009306D033892B443381002012
:1015D00003B0BDE8F08F2088FFF7A6FE82463046B4
:1015E000FFF7ECFB019015F012FADFF8D0B0019B89
:1015F000DBF8002081469A421DD1FFF741FC85426D
:1016000004D9484615F009FA1A20E1E705EB0A0368
:1016100073803FB12088FFF76BFE2A464146504455
:101620001FF017F93046FFF7C9FBCBF8000048461A
:1016300015F0F3F9CBE715F0F0F92088FFF774FE09
:101640002844009980B2FFF719FF06460028DBD036
:10165000FFF74EFE81462088FFF74AFE824620882B
:10166000FFF762FE5146024648461FF0F2F8304648
:10167000AFB1FFF73DFE07462088FFF755FE2A462B
:10168000414638441FF0E5F801212088FFF7BAFEF3
:10169000012102463046FFF7C9FE268097E7FFF793
:1016A00027FE80462088FFF73FFE2A463946404401
:1016B0001FF0BDF8E8E700BF4A650408C8370020FE
:1016C0002DE9F8431E4607460846894615469DF80B
:1016D0002080FFF70DFEC6B1441916D04846FFF72B
:1016E00023FE3544854203DD1D210948EAF718FD34
:1016F0003246B8F1000F05D121463846BDE8F8431F
:101700001FF07BB839462046F8E7BDE8F88300BFF4
:101710005E65040838B50C460546FFF705FE8442B1
:1017200003D328210348EAF7FBFC2846FFF7E0FD36
:10173000204438BD5E65040870B506460D46FFF7C7
:10174000D7FD044648B13046FFF7EEFD854203D38E
:1017500030210248EAF7E4FC605D70BD5E65040874
:1017600070B50C4606461546FFF7DEFD844203D3EE
:101770003A210448EAF7D4FC3046FFF7B9FD00B13E
:10178000055570BD5E65040833210148EAF7C8BC01
:1017900075650408036910B55BB18268064B9A420F
:1017A00001D1002010BD446916F086FB201AF9D53E
:1017B000F7E74FF0FF30F5E78917020882684B4BD7
:1017C0002DE9F0419A4204460E46056815D121B133
:1017D00040F20F114648EAF7A3FC15F018F9236907
:1017E0001BB92B682BB924612C60BDE8F04115F0C2
:1017F00014B91A6922611C61F6E716F05DFB804698
:10180000E5F75EFE20B14FF493713948EAF788FCA2
:101810006FF000439E4221694BD22B7B08EB0602FE
:10182000002B4DD0AB6893424AD1531C002949D0BC
:101830006169994242D01EB9521AB2F1004F3DD9A6
:10184000636123696E689C4203D19A212848EAF7B4
:1018500067FC2F460023B4420BD0002B41D17269A4
:101860006169891AB1F1004F32D832693746944222
:101870002CD12269BD420CBF6A603A617BB92669EE
:10188000B44203D1B5211A48EAF74AFC3B46012E7F
:1018900005D062697169521AB2F1004F23D99D4295
:1018A0000BBF6B681A69236122610CBF6C601C61FD
:1018B00004E0434431B162699342C1D1BDE8F08193
:1018C0001346B3E76A6822616C60B9E71646C6E75B
:1018D000A8EB0202B2F1004FC7D93B463746366942
:1018E000B9E71F46F9E733463669D0E7891702089A
:1018F0007565040882681C4B70B59A4204460568F9
:1019000019D115F084F8236923B1A34206D100222E
:101910002A601A61BDE8704015F07FB81A4611467A
:101920001269A242FBD12A68A24208BF29600B615A
:1019300000232361EEE7036993B198426E6803D1F7
:101940009A210A48EAF7ECFB2B46B44209D12269F6
:101950009D4218BF1A614FF0000308BF6A602361FF
:1019600070BD33463669F0E78917020875650408CB
:101970002DE9F04306460025164FDFF85C808BB05A
:10198000BC7814B90BB0BDE8F083B7F800908EB9FD
:10199000009623462A46B8F8001003A8FFF790FEE9
:1019A00023463146484603AA16F0F9FA2544EDB21B
:1019B0000437E5E72346494603A8002216F0E6FA75
:1019C000012300932A462346B8F8001003A8FFF726
:1019D00077FEEBE7846504081E4500200148FFF709
:1019E000ADBA00BF1E450020F7B51546174A04469C
:1019F0000846118811B1164A1278CAB1D4B1002232
:101A0000294603B0BDE8F04016F0C0BA3A44D2B25D
:101A10000436B778002FF1D0B6F800C0AC45F5D148
:101A200084F001043B460094FFF74AFE03B0F0BD8A
:101A3000084EEEE702462146284616F0B0FA284640
:101A400003B0BDE8F04017F0B0B800BF1E4500205D
:101A5000EE5100208465040810B5074C238843B17B
:101A60000020FFF785FF0020FF22044B20801A7022
:101A700010BD0220FCE700BF1E450020EE510020F3
:101A800038B50E4D2B78FF2B14D100210C4B9C78D0
:101A900064B9224620461BF02EFB0A4B188058B131
:101AA00001202C70FFF764FF204638BD2144C9B2E5
:101AB0000433ECE70220F8E71920F6E7EE510020A6
:101AC000846504081E450020024B1888B0FA80F097
:101AD000400970471E450020142810B518D8082862
:101AE00005D117F07AF8C401E4B2204610BD0E28E3
:101AF00002D117F075F8F6E7064B53F82040002C9A
:101B0000F3D00A282478F0D107F0F2FF0443EBE782
:101B1000FF24EAE7AC6504080823064A12F8011B13
:101B2000814205D0013B13F0FF03F7D118467047FF
:101B300001207047086604080823064A12F8011BB2
:101B4000814205D0013B13F0FF03F7D118467047DF
:101B50000120704700660408014BB3F8E4007047A9
:101B6000903600200048704776370020014B1878E7
:101B7000704700BFA4470020014B1878704700BF92
:101B8000A7470020014B1870704700BFA7470020EF
:101B9000204B022810B5204C187002D004380128C0
:101BA00022D82378042B0BD000211C48FFF706FE17
:101BB0002378033B012B03D900211948FFF7FEFDD1
:101BC000184B1B689A0022D513F0805F40F6114431
:101BD00018BF4FF44164204612F070FAC8B920468D
:101BE000BDE8104016F0DFBF0C48FFF783FE0C483D
:101BF000FFF780FE1BF0A5FF2378033B012B03D8E2
:101C000011F02EFB1624E6E70EF0DAFCFAE71524B5
:101C1000E1E710BDAB470020AC470020F04E0020AC
:101C2000F42B0020882C0020024B187800F00F00C5
:101C3000704700BFAB470020034B187800F00F003F
:101C4000831E584258417047AB47002008B51BF02F
:101C500063FFA8B11BF07CFF90B10A481BF05DFA4E
:101C600070B109481BF059FA50B116F0BEFF38B1F7
:101C700012F036FA20B9BDE8084004481BF077BCE2
:101C8000002008BD2045002050450020D43700200A
:101C900030B505460C4693B081B910B9002013B099
:101CA00030BD1023072269460120FFF79DFE9DF8F5
:101CB00005305A1E052A28D91720F0E718220021DE
:101CC00020461EF0B4FD002DEBD1FFF7B5FF30B379
:101CD00016F0D6FE6A4601460020FEF7DFFBBDF88F
:101CE0000430204623819DF80230A3729DF8003015
:101CF000E3721CF03EF9002304F11401237304F194
:101D000010001CF0CAF9E081C8E7084A9DF80410E9
:101D100012789142D0D12B70002CD6D1BEE7044B63
:101D20001B78033B022BD3D9C6E700BFE446002053
:101D3000AB47002030B593B005460C46FFF77CFF5B
:101D400020B90C4B1B78033B022B10D816F098FEE1
:101D50006A4601462846FEF7A1FB00209DF80230A6
:101D6000607023709DF80030A37013B030BD172051
:101D7000FBE700BFAB470020054B1878012805D0D2
:101D800000F0FD00A0F1310358425841704700BFF8
:101D9000AB47002010B50822074904461EF01DFD80
:101DA000B0FA80F04FF6FF732289400940009A4252
:101DB00008BF40F0010010BD186604082DE9F3418A
:101DC0000E46002105461BF0ADF90023124FADF879
:101DD00006002B800DF106001BF09FF9044610B1A0
:101DE00002B0BDE8F08121460DF106001BF00CFAAF
:101DF0008046FFF77DFA438AB34207D99B1B438293
:101E00002246414628461BF093F9E3E743895B07E6
:101E1000E0D53B88F3E700BF7A51002008B50A48B7
:101E2000FFF768FD09484FF47A71FFF7C7FF0748CD
:101E30001BF073F930B9BDE808404FF47A710248DD
:101E4000FFF7BCBC08BD00BFD04E00208A51002067
:101E500030B504460D4685B002B9084A106851688D
:101E600001AB03C301AB03CB20602046ADF80C509F
:101E70001B886160238105B030BD00BF0C6404087D
:101E80001FB50146002201A8FFF7E2FF064801A99D
:101E90001BF03DFC20B1FFF72BFA4089C0F3400056
:101EA00005B05DF804FB00BF8A51002030B585B055
:101EB0000D460022014601A8FFF7CAFF084801A904
:101EC0001BF025FC50B1FFF713FA04460146082227
:101ED00028461EF092FC6089C0F3400005B030BD7A
:101EE0008A51002010B5044C20461BF07BF9638812
:101EF000181A80B210BD00BF8A510020F8B50546FF
:101F0000F8B100210F481BF00DF90446A8B10D4FA0
:101F10002046FFF7EDF90646FFF73CFF830705D49F
:101F20000822294630461EF058FC38B12146384672
:101F30001BF04EF904460028EAD10024201E18BFE9
:101F40000120F8BD8A51002010B50C460146064814
:101F50001BF0DDFB30B1FFF7CBF943891C4214BF06
:101F60000120002010BD00BF8A5100201FB514467B
:101F7000024601A8FFF76CFF074801A91BF0C7FB49
:101F800040B134B1FFF7B4F91422014620461EF0E7
:101F900034FC012004B010BD8A5100201FB5014659
:101FA000002201A8FFF754FF094801A91BF0AFFB6D
:101FB00058B1FFF79DF94389024613F0020004D09F
:101FC000507B80F00800C0F3C00005B05DF804FB52
:101FD0008A510020014601481BF0BEBB8A510020F7
:101FE000F8B504460E4614200021FFF747FA0546CF
:101FF00020461BF0F7F86388834225D925B3314684
:1020000020461BF0A9FB08BB2846FFF771F90746DD
:102010000A2231461EF0F1FB082206F10A0107F1FF
:102020000A001EF0EAFB0A4B1B887B82238823B937
:102030004FF47A710748FFF7C1FB2046002229467A
:102040001BF076F80020F8BD1C20FCE72E20FAE7F4
:102050007A510020D04E002010B5044686B0B0B1B1
:10206000FFF798FE10F0020011D1CDF80E00616864
:10207000CDF81200ADF81600206801AB03C3228929
:10208000044801A91A80FFF7ABFF06B010BD21205C
:10209000FBE700BF8A510020F8B50D4616461F46E3
:1020A000044648B3FFF776FE30BB2046FFF792FFA9
:1020B000E0B1214611481BF02AFBFFF719F94389CB
:1020C00005734673877343F00203218943812046D9
:1020D00001F086FCFF28044606D001F087FB18B10A
:1020E0000022074B43F82420002004E02046FFF79D
:1020F000B3FF0028DDD0F8BD2120FCE78A51002085
:10210000E4220020F7B59DF824400D4601949DF887
:102110002040064600941F460EF070F94FF6FF71FE
:102120008842044610D0BB0711D4284601F0D6F9E6
:1021300020460DF077FCFF281FBF084A32F8103008
:1021400023F4804322F81030204603B0F0BD02464D
:10215000294630461BF007FBEAE700BF9044002009
:1021600073B50E46014614481BF0D1FA0546D8B1A6
:10217000FFF7BEF843890446334012D09B0736B2BE
:102180000BD5002E09DAA17B437B0289007B0191EC
:10219000012100912146FFF7B5FF638923EA060379
:1021A0006381628912B1012002B070BD29460248E4
:1021B0001BF049F8F7E700BF8A5100200148FEF7FD
:1021C000BDBE00BF8A5100201FB50C460B4A014618
:1021D00001A8FFF73DFE01A8FFF7FCFE60B101A9D1
:1021E00007481BF094FAFFF783F8036823604368FD
:1021F0000020636004B010BD2D20FBE718660408C2
:102200008A51002010B5FEF755FE15F06FFE102024
:10221000FFF762FC04060DD50020FFF75DFC000609
:1022200008D5274B1A6A12F0020F12D140F6154456
:10223000204610BD1020FFF74FFC01060CD40020F3
:10224000FFF74AFC020607D51D4B1A6A12F0010F70
:10225000EBE7DB699B07E9D51A4819F092FB0120EF
:102260001AF097FEEAF7D6F804460028E0D100F00D
:1022700073F915481BF050F900F010FAE9F76AFC01
:1022800015F031FE0BF0D8F80BF02AF9EEF7F2FB5F
:10229000EEF7A6FCEEF7C0FC05F0BCF816F09FFCCC
:1022A00016F0A0FC12F0BCFB08480DF067F808F02F
:1022B00063FA17F06AF80028BAD017F068F8B7E7A1
:1022C0000080E00F690345ECD4370020811E02082E
:1022D00010B51BF033FC70B301F0C4FE80F00104B4
:1022E000E4B20020FEF718F844EA800424B21BF0A0
:1022F00013FC10BB0220044316481BF033F944EAD8
:10230000401415481BF02EF924B244EA0014134877
:102310001BF028F924B244EA801411481BF022F97A
:1023200024B244EA40240F481BF01CF924B244EACA
:10233000C02080B210BD0124D3E70B481AF0EDFE97
:102340000028D7D009481AF0E8FE80F00100C0B29A
:102350004000D0E7304F002014500020F8500020FB
:10236000944F0020F44F00202045002050450020CD
:1023700008B501F03BFC0EF00FFEFDF79DFB154884
:102380001AF0CBFE08B906F069FD13481AF0C5FE35
:1023900008B908F0DBF903F0FBFF0DF0A7F90F48CF
:1023A0001BF0F1F80E4B1B78043B022B09D80D48AB
:1023B0001BF0D8F828B1FFF78BFF102801D109F0E6
:1023C0008FFD16F014FC1BF0DBF9BDE80840064851
:1023D000FEF7F6BD2045002050450020D4370020F0
:1023E000AC470020145000203466040808B51BF0E8
:1023F000A5FB20B940F291110348E9F791FEBDE831
:1024000008401BF0A2BB00BF22660408F8B54FF6D7
:10241000FF77104B06461B780C46033B012B0F80C1
:1024200009D830460BF0C0F84FF6FF739842208071
:102430000ED000200DE00DF0A3FAB8420546208032
:10244000F7D1304600F014FFA8422080F1D1E8E730
:102450002D20F8BDAC4700204FF6F77370B59842B9
:1024600004460D4686B05AD81BF08CF9A04207D11D
:1024700008222C4928461EF0C0F9002006B070BD85
:10248000294EB6F8E430A3420AD10022082106F111
:10249000E6001BF0BAF818B9082206F1E601E9E7F0
:1024A000ACB1224B1B78033B012B1AD8002301222D
:1024B0001946204600930AF021FFFF2823D1294620
:1024C00020460BF0C5F880F00100C0B2D6E7184BEB
:1024D0001B689B07E5D4284608F0F4FD0028E0D0EF
:1024E000CBE7204601F014FAFF2806D12946204602
:1024F000FFF76AFE0028D9D1BFE7294601F02AFA82
:102500000028F3D0B9E702A91CF012FE0028D6D1AA
:10251000DDF80D302B60DDF811306B60ADE7012088
:10252000ACE700BFF747002090360020AC47002002
:10253000882C0020014B1878704700BFE44600202B
:10254000014B1870704700BFE4460020014B18781B
:10255000704700BFB251002010B50649064C082351
:1025600020467F22098815F01EFD20461BF044F905
:1025700010BD00BFCE200408F74700200048704778
:10258000F7470020082208B503491EF026F9B0FAE3
:1025900080F0400908BD00BFF7470020F0B51F4696
:1025A00001F44043B3F5004F05460C4616468BB088
:1025B0001DD01BF0E7F8104B00220692BDF850200A
:1025C000ADF826000592BDF84C20214604929DF8F6
:1025D000482028460392119A0292BDF84020CDE986
:1025E00000323B4632461DF05FF90BB0F0BD1BF0E8
:1025F000C9F80DF12603DFE7F7470020014B1870FB
:10260000704700BF9F470020074B44F6FF701A78C1
:1026100040F6FF73012A18BF1846044B1B780BB114
:1026200040F40040704700BFAC4700209F470020A7
:10263000F7B50D46044616461F460021284602F00F
:10264000B1FA0B4B002183F8D5402A463346204689
:1026500000970FF0D5FA014630B10222204603B0B0
:10266000BDE8F04000F006B8012003B0F0BD00BFA7
:102670009036002013B513460C461AB1022A0CBF3F
:10268000134601230021044A019100922246FDF7DE
:10269000ABFF02B010BD00BF47DC030800B500204F
:1026A00093B0FDF713FF1C4B18880CF06DFE1B490F
:1026B00000200FF041FC3422002168461EF0B7F8DC
:1026C0000B238DF800306FF4803301934FF6FE73C7
:1026D000ADF81030124B134A0793134B1068089350
:1026E000124B51680993124B6A460D93114B0E938E
:1026F000114B0F93114B1093114B119302AB03C36A
:1027000000210846FEF7DEF96A4601210020FEF7A7
:10271000D9F913B05DF804FB74510020D8220408E5
:1027200000030001F7470020912E0208C7D90308D3
:10273000ED6A0208393002087182020847DC03089A
:10274000C164020873B5164B0C4600934FF4004366
:102750000146ADF8043008BB01200FF0EDFB28B1B5
:1027600003E0AE4200F1010003D1212002B070BDB0
:10277000002002AEC2B206EB420232F8086C32F917
:10278000082C002AEDDA013331F9132031F8135007
:10279000002AE1DBDAB29442EAD8DDE70023F3E76E
:1027A00099008900014B1878704700BFFF4700204F
:1027B000014B1870704700BFFF470020014B18887D
:1027C000704700BF8E510020014B1880704700BF3A
:1027D0008E5100202DE9F84F804608460F4616F02E
:1027E0005FFEDFF834910546D9F8003043B9484B15
:1027F0001B682BB9474B1B6813B9FF20BDE8F88F46
:1028000015F4406A05F0400610D13EBBB5F5804F87
:1028100053D24FF480740023002B58D180253C4ABA
:102820001268002A69D0002108465FE0F81C16F003
:1028300037FE4FF6FF73984214BF0124022486B17D
:10284000052605F44043B3F5004F44F0080424D0B6
:10285000B5F5804F23D244F4807420E0544603261B
:10286000EFE7B5F5804F4FF00506F4D3BAF5406FAA
:1028700014BF022008203044384416F011FE83466D
:102880001AF09DFF05F4404558450CBF44F008047C
:1028900044F00404B5F5004F01D144F08004BAF5CA
:1028A000006F0ED1B81916F0FBFD05461AF06AFF4D
:1028B000A842B0D144F01004ADE7544603260220EC
:1028C000D9E7BAF5406F08BF44F02004A3E7012B15
:1028D00005BF104A40251025126818BFD9F80020FE
:1028E0009FE7A74201F101010BD0C8B2CEB232F886
:1028F000167032F91660002EF3DA0133032B8BD1F8
:102900007BE7B8F1000F3FF479AF88F8005075E726
:10291000E4370020E837002040380020034B1A78C5
:10292000022A04BF09221A70704700BF0348002022
:10293000044B1888044B1978044B1B6803B11847E3
:1029400016F025B92245002001480020F837002064
:10295000002208B510461A2102F0F8FB0022014BB4
:102960001A6008BDF437002070B5114E0546337863
:10297000042B05D10F4C207801F08CFF002323702D
:1029800035B930780022BDE870401A2102F0DEBB74
:10299000094B1C78E1B21A29F3D825FA04F3DB07B6
:1029A00003D54422307802F0D1FB0134F2E700BFB6
:1029B0000348002000480020F0510020F0B50C88AA
:1029C00005460E468BB0E4B94FF6FF77ADF824709C
:1029D00012F0FCF810B902200BB0F0BDCDE90340B5
:1029E000CDE90544134A0294B2F8D830DC320193A1
:1029F00000923B464CF60101FF2009AA1CF054FF4F
:102A0000308028461BF0F0F80B4C70B1237863B18E
:102A1000013BDBB2284623701BF0E6F838B1207882
:102A2000B0FA80F04009C0B2D6E70523F2E70120F2
:102A3000F9E700BF90360020EF510020034B11460C
:102A40001B6803B1184716F09AB800BFF43700208E
:102A5000F8B50D4B05461B78012B13D100244FF61A
:102A6000FF770A4E3088FEF743FC2B88025B9A42C0
:102A700003D13088FEF73CFC07530234202CF1D1FF
:102A80000120F8BD0020FCE702480020244500207A
:102A90002DE9F047174B80461B781546012B26D1B0
:102AA00000246FF07F092746134E3088FEF720FC84
:102AB00000EB440090F901304FEA440A4B4506DD33
:102AC0003088FEF715FC504490F90190E7B20134CC
:102AD000102CEAD14D450ADA3088FEF709FC00F8DF
:102AE00017803088FEF704FC7C0020444570BDE868
:102AF000F08700BF02480020244500200148FEF76F
:102B00001DBA00BF244500202DE9F04705460E46BA
:102B100090460FF0CFFC044638BB01462020FEF75C
:102B2000ADFC134F388000B30122124BA1461A703E
:102B3000114BC3F800804FF07F083888FEF7D8FBB0
:102B400000F804903888FEF7D3FB20440234202C90
:102B500080F80180F1D1094B31461D602846BDE85F
:102B6000F047074B074A0FF0B5BC0120BDE8F087DE
:102B70002445002002480020F8370020EC370020D0
:102B80003D2C0208912A0208F0B585B004460D4696
:102B900017461E460FF08EFC90B90A4B1F600127A6
:102BA000094B1F701AF05AFD084A03460092294645
:102BB0002046CDE90167064A0FF0C0FC05B0F0BD24
:102BC0004D20FBE7F037002003480020912E02083B
:102BD00023DC03082DE9F041144F00253C784FF623
:102BE000FD781F2C91BF0024C4F341141C34E4066B
:102BF000202D0CD101203B78032103F01F039840C6
:102C000020430B4B0B4ABDE8F041FFF7BDBF15F069
:102C100074FF431E9BB243450646F8D8064B1888FE
:102C2000FEF766FB46530235E2E700BF014800208D
:102C3000ED2C0208512A020824450020F8B5284D41
:102C400002262888FEF754FB90F901402888FEF7F9
:102C50004FFB304490F90130A34205DA2888FEF793
:102C600047FB304490F901400236202EEED1002778
:102C7000662CDABF193466B27F263C462888FEF7F8
:102C800037FB384490F901300237B342BCBF0134FE
:102C9000E4B2202FF2D114B9124B1C70F8BD15F01C
:102CA0002CFFB0FBF4F3002703FB1400C4B2288808
:102CB000FEF71EFB384490F90130B3420CDA4CB9F0
:102CC0002888FEF715FB084BC25D1A70BDE8F84076
:102CD000FFF780BF013CE4B20237202FE7D1F5E7D0
:102CE00024450020024800200148002070B5154B03
:102CF0001B78012B1ED100244FF6FF76124D288839
:102D0000FEF7F6FA035BB34215D02888FEF7F0FA17
:102D1000035B83B12888FEF7EBFA0C4B025B0C488F
:102D20001A8001210B4B0C4A0068FFF72DFF00228F
:102D30000A4B1A6070BD0234202CE0D1BDE870400F
:102D4000FFF748BF0248002024450020224500200C
:102D5000EC37002031290208D3DB0308F0370020CC
:102D60007FB505460C4616460FF0A4FB00286ED131
:102D7000062D03D85223EB40DB071AD4B4F1006FC1
:102D800005D3E30E1C3B032B18D94F2031E0002262
:102D9000314B1A60314B1D701AF060FC03460A2D4E
:102DA00057D8DFE805F0301B414C1B281B56564412
:102DB000390002F0EFFDB4F1006FE2D20021264BA2
:102DC000042D1960254B1D70E6D12548FEF760FFE4
:102DD000022001F05FFD1AF041FC0346012202923D
:102DE000204A0192204A0092204A314620460FF0A4
:102DF000A5FB04B070BD314620461D4A04B0BDE8B5
:102E000070400FF083BB314620461A4B1A4A04B07B
:102E1000BDE870400FF05EBB00220292174A01929B
:102E2000114A0092164AE0E702220C4B1A70002267
:102E30001046144904B0BDE87040FDF793BB002272
:102E40000292114A0192084A0092104ACDE74D20A1
:102E5000CFE70120CDE700BFF43700200348002072
:102E60000048002069290208912E020823DC03088B
:102E700079DB0208512902083D2A0208E5DB030834
:102E8000BD2902081D290208DBDB0308D7DB030884
:102E9000F0B585B0ADF8060018B975216448E9F7BA
:102EA0003FF9BDF806001CF0DEFD0446BDF8060043
:102EB0001CF0D9FD082846D00C2CBDF8060042D1E4
:102EC0001CF0D4FE074616F0EBFA0DF10F01064692
:102ED000BDF806001DF0FCF8002879D00922002179
:102EE0003846FDF7B9FA9DF80F301033C518BDF814
:102EF0000600FEF719FAEDB2854269D22946BDF8FF
:102F00000600FEF719FC06F44C4416F4406605462C
:102F100014D0F81C16F0C4FA4FF6FF73984208BF9D
:102F200044F04004B6F5006F08D1781D16F0B8FAE9
:102F30004FF6FF73984208BF44F010049DF80F301D
:102F40005BB3072D44D1BDF806001CF082FD04469A
:102F5000BDF806001CF087FD082817D0A30615D57C
:102F600024F0200189B2BDF806001CF05DFDBDF81B
:102F700006001CF07BFE00210922FDF76DFA00F12E
:102F80001001C9B20DF106001AF0E9F90022BDF8EE
:102F9000061028481AF0CCF81AE0082D16D8BDB152
:102FA000013D072D14D801A353F825F0093002087C
:102FB00015300208D12F0208D52F0208D12F0208A0
:102FC00021300208472F0208273002087C2D24D028
:102FD00005B0F0BD24F48844A4B2B4F5084FF7D18D
:102FE000BDF806001CF03AFDBDF806100CF06CFAB6
:102FF0000028A8D0BDF806001CF09BFD0022014669
:10300000022015F043FDE3E724F48064A4B2B4F594
:10301000484F97E7B4F54C4F94E7B4F54C4F92D036
:103020004CF6500301E04CF640439C428AE700BF57
:1030300090660408204500202DE9F0410F46904697
:103040000646FEF755F904463046FEF76DF9C5B25F
:10305000083D2C44E178084BA2781970074B3146A3
:103060001A70002043463A4615F0FEFA003818BFA1
:103070000120BDE8F08100BF204800201F4800204B
:1030800037B5144600221D461AF035F8024648B1FD
:103090000021054B0846CDE90053234619F0D8FF1F
:1030A00003B030BD1920FBE747DC0308002270B5F0
:1030B0000A4B1C780A4BD5B2AC4202D800200C70E7
:1030C00008E01E880132864205D30D701B881B1A4A
:1030D0005842584170BD1233EDE700BFA5470020AC
:1030E000704100202DE9F04FDFF84081DFF840917A
:1030F00098F8002099F8003006469A4285B004D32B
:103100004FF48A714248E9F70BF830460DF10F0190
:10311000FFF7CCFF20B140F217113D48E9F700F866
:1031200098F800709DF80F403D1B15F0FF0530D05A
:103130004FF0FF3C374B01211B78A140184699F80E
:1031400000304FF6FF790CFA03FC0023324A01F1FC
:10315000FF3E0193C1F1000A9DF80430984243D824
:10316000122004FB00002D4BA0F1120105EBC5025B
:103170005200194404F1010918441DF03EFB4FEAC6
:1031800089092748A9F104010144AA0048441DF017
:1031900034FB224904EBC40201EB420321F8126024
:1031A000204A013712784FF6FF71DA731A745A7495
:1031B00012025A801C4A0D2012781A7110225A717C
:1031C00000229A73C3F80620C3F80A20144B43F870
:1031D000242088F8007015F059FC0EB909F054F954
:1031E000204605B0BDE8F08F13884B450AD05368E0
:1031F0000AEA030B03EA0E030B4403EB4B0343EA17
:103200000C035360019B083201330193A4E700BF14
:10321000A3660408CB510020D02300207041002079
:10322000E42200202048002004480020A547002078
:10323000C95100202DE9F041074600250A4B0B4EED
:1032400093F80080ECB2A04503D8FF242046BDE8E7
:10325000F08108223846B11D1DF0BFFA0135002863
:10326000F4D01236EEE700BFA547002070410020E1
:1032700008B5FFF7DFFFFF281DBF00B2044B00EBCE
:10328000C0004FF6FF7018BF33F8100008BD00BF34
:103290007041002008B5044BB3F8E4001AF0F6FCC6
:1032A000024B53F8200008BD90360020E422002095
:1032B00007B50DF10701FFF7F9FE30B19DF80730B2
:1032C000034803EBC30300EB430003B05DF804FBCA
:1032D000704100202DE9F843294E044633785D1EE5
:1032E0002D1A8342EDB204D840F23F112548E8F789
:1032F00017FF0123A3404FF0FF305F1E3B44002126
:103300004FF6FF7E6FEA03081F4A92F800C01F4A7B
:10331000127890401E4ACBB29C4523D8BDB127B24B
:1033200004EBC4041B48640005EBC50204F1120160
:103330000144520020441DF060FABF001648AA0064
:10334000391D014402F0FC0238441DF056FA33786E
:103350000022013B33704FF6FF71BDE8F8430E20A9
:1033600015F094BB1388734507D0536808EA030926
:103370003B4003EB59030343536008320131CAE772
:10338000A5470020A3660408CB510020C9510020A6
:10339000D023002070410020E422002010B50A4C08
:1033A000207858B9094B1B781A2B03D99421084867
:1033B000E8F7B6FE0322074B1A7010BD0138C0B201
:1033C000FFF788FFECE700BFA5470020C9510020A8
:1033D000A3660408A14700202DE9F04705461AF02E
:1033E00055FCFF28044624D1DFF884901E4B99F841
:1033F00000201B789A422BD22846BDE8F047FFF701
:1034000071BE38883B79504518D86F2B4FEA13129C
:1034100014D85B0710D0123708F1010899F8001092
:103420005FFA88F6B142ECD80023104ADEB28E4231
:1034300014D32046BDE8F087022AECD90DF0E8FC51
:103440000028E8D129463046BDE8F0471AF02BBCE9
:103450004FF000084FF6F77A044FDFE71079013399
:103460008F28EFD81232E1E7C951002070410020C7
:10347000A54700204FF6F773984210B514D8FFF710
:10348000ABFFFF2810D0134C00B200EBC00004EBE0
:10349000400415F058F8104938B962880B7802EBEF
:1034A0000313A3EB1213638010BD227C637C0978A5
:1034B0009A42E2732374617407D98B4203D2134694
:1034C0008B4228BF0B461B02EDE78A42F8D3134616
:1034D000F9E700BF70410020204800202DE9F041AD
:1034E00006460F4600240E4DDFF8388098F800306D
:1034F000A34201D8BDE8F0810822294630461DF0DC
:103500006CF940B935F8063CBB4204D02046FFF7C1
:10351000E1FE013CE4B20134E4B21235E6E700BF5B
:1035200076410020A5470020F8B5054608460E461E
:10353000FFF780FEFF2830D01D4B294653F820703E
:103540003046FFF7CBFF2846FFF746FFFF2804462B
:1035500025D10CF089FBFF280AD1164C207838B110
:1035600015F0CBFA2378B0FBF3F202FB1300C0B2E4
:1035700029461AF098FB044623B20F4D03EBC30310
:1035800005EB430508223146A81D1DF036F92B79BD
:10359000204603F00F032B71F8BD0027D3E7074B3C
:1035A0001B78002B18BF0027014B43F82070E3E77E
:1035B000E4220020C951002070410020F151002078
:1035C0000A2330B585B01A46054601A90120FEF749
:1035D0000BFA4FF6FF73BDF80C209A4202D101207E
:1035E00005B030BD0822FF2101A81AF00EF80446EC
:1035F0000028F4D1BDF80C0001A9FFF795FF024B9C
:1036000043F820502046EBE7E422002038B50B4B6E
:1036100004461B780D46834204D840F25B210848DB
:10362000E8F77EFD074804EBC40400EB440029469C
:10363000BDE83840082206301DF0DFB8C95100202F
:10364000A36604087041002070B5044608460E4683
:103650001AF01CFBFF28054610D02046FFF7EAFDB4
:10366000FF2807D0084B1B7823B9084B53F82020BC
:1036700043F8252021462846FFF7C8FF314620465B
:10368000BDE87040FFF72ABFF1510020E42200207E
:103690002DE9F8430026804601273446114DDFF816
:1036A0004C9099F80030A34210D83E430134E4B264
:1036B0001A2C4FEA470705F11205F2D14FF0FF30FF
:1036C000094B1B7898403043BDE8F8832B8843456D
:1036D000EBD028461AF03FFB0328E6D82B796F2B56
:1036E000E3D8E3E770410020C9510020A54700203E
:1036F00010B5084C00EBC00004EB400423795B07D5
:1037000007D120461AF027FB237923F0070318433B
:10371000207110BD70410020044B1B78033B012B2E
:1037200086BF034B18780020704700BFAC470020CD
:10373000A547002038B5144B0C461B78834220D98E
:10374000124B1B78033B012B1BD9114B00EBC00024
:1037500003EB400533F8103028460B806B881B0ABA
:103760008B701AF0F8FAE0702B79A91D03F00702AC
:103770001B09227163710822A01D1DF03EF8002074
:1037800038BD0120FCE700BFA5470020AC47002062
:1037900070410020072805D8C30703D5024B1870D5
:1037A0000020704721207047F2510020014B18780B
:1037B000704700BFF251002018B1072805D8C30791
:1037C00003D5034B1870002070472120704700BFBD
:1037D00004480020014B1878704700BF04480020BF
:1037E000014B1870704700BFF1510020014B187851
:1037F000704700BFF151002070B51A48FEF77AF803
:10380000194B1B78033B012B28D805F0EDFC03F086
:1038100083FCBDE870404FF47A511248FDF7CEBFEB
:1038200023798F2B4FEA131111D8013120461AF05A
:10383000C2FA062901D8032909D12379002223F0ED
:1038400007034FF6FF710F20237115F01FF9123493
:1038500001353278EBB29A42E2D8D6E70025034C24
:10386000034EF6E7F04E0020AC47002070410020E8
:10387000A54700200022084B1878084BD1B2884297
:1038800003F1120300D8704713F80D1C013221F028
:10389000100103F80D1CF1E7A5470020704100203E
:1038A0002DE9F04702261227DFF85C90DFF85C80F4
:1038B00099F8004000250CE007FB05F338F803A059
:1038C000002150461AF05CFA10B15CB1013CE4B240
:1038D000013599F80030EAB29342EDD8A34204D101
:1038E0004FF6FF7A5046BDE8F08715F006F999F8D3
:1038F0000030012EA3EB040390FBF3F202FB130054
:10390000C4B2EDD00126D5E7A547002070410020C4
:1039100010B504461AF0BAF9FF2808D120460CF079
:1039200081F8FF281FBF024B1B78C018C0B210BD22
:10393000C9510020044B00211A78044B04481B781D
:103940001A4492001CF073BFC9510020D0510020CE
:10395000E422002010B5134B0C461B7886B083423E
:1039600012D9114900EBC00001EB400108222046AA
:1039700006311CF042FF00220821204619F045FEC6
:1039800080F00100C0B206E0C01A01A9C0B20CF07C
:103990009FFC10B1002006B010BD01AB03CB20602E
:1039A0006160E8E7C95100207041002008B5074B6D
:1039B000024653F820308B4206D915204FF6FF718E
:1039C00015F064F8002008BD0120FCE7E422002087
:1039D000024B013143F82010704700BFE422002061
:1039E0002DE9F34781460C4600272A4EDFF8ACA0AC
:1039F0009AF80030FDB2AB4210D8694620461BF061
:103A0000DAFCC0B30822694648461CF0E6FE90B3D3
:103A1000494620461AF0D3FCFE2537E006F1060899
:103A20000822414648461CF0D8FE90B94FF6FF7375
:103A30009C422BD03388A34228D020460BF0F2FFC3
:103A4000FF2814D14946204602B0BDE8F047FFF7F1
:103A50006BBD14B912360137CAE73388A342F9D1D6
:103A600000220821404619F0D0FD0028F2D1284656
:103A7000FFF730FCCCE7494600200BF0A3FFFF28FE
:103A8000054603D0044B1B780344DDB2284602B040
:103A9000BDE8F08770410020C9510020A5470020F3
:103AA00008B5FFF7E7FE054B1B78013B012B03D858
:103AB000BDE808400CF0F8BB08BD00BFAC470020D3
:103AC0000F4B1B7883420CD8C01A0E4AC0B232F892
:103AD0001030D90411D443F4805322F8103001205F
:103AE0007047094B00EBC00003EB40035A79D10645
:103AF00003D442F010025A71F1E70020704700BF72
:103B0000C9510020904400207041002038B505467E
:103B10000C46FFF78FFBFF280ED1294600200BF043
:103B200051FFFF280CD0074B074A1B78034452F87B
:103B300023300020236038BD034B53F82030F8E7D2
:103B40002D20F8E7C9510020E422002038B50546B1
:103B50000C46FFF76FFBFF280DD1294600200BF024
:103B600031FFFF280BD0074B074A1B78034442F86C
:103B70002340002038BD044B43F82040F9E72D20B6
:103B8000F8E700BFC9510020E4220020F0B5134B34
:103B900006461B78FBB100251148DFF84CC090F8B1
:103BA00000E0104807781F44E8B2864501D800209D
:103BB000F0BD7C1B94FBF3F003FB10440CEBC40042
:103BC0003CF83440B44204D1002AF1D184788C42CC
:103BD000EED00135E8E71846EAE700BFCB510020F8
:103BE000742C0020A3470020D023002070B514F0CF
:103BF00067F914250F49104E0B78328830809B1AD4
:103C000003449BB2B3FBF5F405FB14330B700B4973
:103C1000E2B20B78934292BF00239B1ADBB2032AD5
:103C20000B7088BF002306499EBFD2000B68D340AB
:103C30000B6070BD0748002026450020A2470020E9
:103C4000742C0020084B1868084BC2B21B789A42AB
:103C500008D2074BC0F307201B78984234BF0020DE
:103C60000120704701207047742C0020CB510020A8
:103C700006480020F8B505461746FFF7E3FF06465D
:103C800010B9184B1A783AB9212001224FF6FF716A
:103C900014F0FCFE0020F8BD1348DFF854C0037890
:103CA0000133B3FBF2F402FB143303700F48DCF86A
:103CB000002000EBC30420F8335002F10132A17060
:103CC0003846CCF80020FFF7E3FCE670606019F09E
:103CD00059FDA84201D10120DDE7E3780133E3700B
:103CE000F9E700BFCB510020A3470020D0230020DC
:103CF000742C002010B50B4C0B4A2378063B137034
:103D000014F0DEF80022094BFF211880084B094807
:103D10001A602278D2001CF08AFD0422064B1A7029
:103D200010BD00BFCB5100200648002026450020D2
:103D3000742C0020D0230020A247002004289FBF1D
:103D4000034B1870034B002094BF1970212070475B
:103D500005480020F351002048B139B1044B1B78CD
:103D60000B70044B1B7803700120704708467047A6
:103D700005480020F35100202DE9F843074614F0D0
:103D80009BF805461B4819F0EDFB1B4B60B31C6804
:103D90003C1B2C44A4B20022184BDFF868901B781F
:103DA000174D03EB830399F8006005EB43055FFAB9
:103DB00082F846450AD9AB8805F10A00A34216D914
:103DC0000A23B21A29465A431CF017FD013689F816
:103DD0000060AC80B8F1000F03D139460548FDF70B
:103DE000EDFC2846BDE8F8833C461D60D3E7054658
:103DF0000132DCE7104F0020FC370020094800208A
:103E0000D04000200A4800202DE9F74F002414F08C
:103E100053F8DFF8BC80A24698F800E0A34672464B
:103E2000DFF8B0901FFA80FC0746264EB9F8000074
:103E30003178ACEB00039BB2234D0093A0EB0C0058
:103E400001EB810305EB430301905FFA84FCF44529
:103E50001AD3BAF1000F00D03170724504D200209D
:103E600088F80020FCF724FB98F800303BB30A22C6
:103E70003378164802FB0355A988C9F8007003B0CF
:103E8000BDE8F04FFDF79ABCB3F804C00098844534
:103E900010D84FF0010A93F802C001310CF1FF3C39
:103EA000013AA3F804B083F802C0C9B2D2B20A330F
:103EB0000134CAE701988444A3F804C0F7E703B0CB
:103EC000BDE8F08F09480020D0400020104F0020AE
:103ED0000A480020FC37002030B51E4A1E4C1378DB
:103EE00085B0013BDBB213702068616801AA03C290
:103EF000218920461180194A04F10A0112781344DD
:103F00000A225A431CF079FC9DF8064014F00F0574
:103F10000FD1BDF80C000EF093FD24092A460CBF0A
:103F200001210021BDF8040005B0BDE8304003F0D8
:103F300007BEBDF80800FFF71FFF03468288ADF8F3
:103F4000082001AA03CA1288186059601A8105B0B6
:103F500030BD00BF09480020D04000200A480020A2
:103F6000F8B50024084D094F094E3B783178E2B28C
:103F70000B449A4204F1010400DBF8BD2846FCF72B
:103F8000DDFF0A35F1E700BFD04000200A480020DD
:103F90000948002070B5124B06460D4610461149DF
:103FA0001A78114B09781B780B44934206DB1F20CB
:103FB0004FF6FF7114F06AFD002070BDFFF7DCFEC4
:103FC000013506808570044613F071FFE0800EF025
:103FD0003DFD20810020FCF76BFA0120EDE700BFDA
:103FE000C85100200A4800200948002084460023C8
:103FF0000A222DE9F047DFF86480DFF8649098F832
:10400000007099F80050134907EB050EDCB27445B7
:104010001DDA02FB04F631F806A00133E24501EB9C
:104020000600F3D1631CAEEB03030A365A43314456
:104030001CF0E3FBA5428BBF05F1FF3507F1FF370D
:1040400089F8005088F800700CB9034B1C70BDE86B
:10405000F08700BFD0400020084800200A48002018
:1040600009480020044B054A1B781278D3420CBF44
:1040700001200020704700BF094800200A480020A6
:10408000024B1878003818BF0120704709480020FB
:10409000002108B5094B0A4819700A4B19700A4BE0
:1040A00019700A4B1A7802EB820252001CF0BFFB17
:1040B000BDE808400648FDF71DBC00BF0A480020C7
:1040C000D04000200948002008480020C8510020A6
:1040D000104F002010B50B4C23784BB10A4803F069
:1040E000BFFE58B1084B0121188819F01DFD08B911
:1040F000002010BD0122054B1A70FAE7FFF7ECFE15
:10410000EAE700BF09480020D0400020084800200E
:1041100010B50E4B1B78B3B10D4C238883424FF082
:10412000000310D10B4A137049B9A3781033A37060
:104130001AF078F818B9A37823F00F03A370FFF7EB
:10414000CBFE012010BD1846FCE700BF0948002047
:10415000D04000200848002070B592B00C460646BA
:1041600014F08EFCE17A05460020FBF701FE28B32F
:1041700094F90A0019F057FA10BB134BE27A29465A
:1041800083F8D420A27A83F8D6206A46FCF786F911
:104190004FF6FE739E420CBF4FF6FF7323896A46AB
:1041A00029460020ADF80660ADF80430FCF78AFC23
:1041B00040B92289054B5A8012B070BD5520FBE7EB
:1041C0005620F9E72120F7E790360020003800203C
:1041D00010B504460146082209481CF00EFB237B5B
:1041E000022B0AD8002B14BF3122012205490B7083
:1041F00017234B61044B1A7010BD00230122F5E711
:104200000438002000380020AB470020014B5861E3
:10421000704700BF00380020014B1878704700BF7E
:104220000038002010B5054C2378112B03D0D6217F
:104230000348E7F775FF4123237010BDAB4700200B
:10424000AE660408064B01461B78042B04D1054AD0
:10425000137E0533137670470348FDF7AFBA00BFEE
:10426000AC47002000380020304F002008B5064839
:10427000FCF764FE0548FCF761FE0FF00FF8BDE89F
:10428000084001F0A3BB00BF20450020504500209E
:10429000064B1878332806D000F0EF00A0F1430356
:1042A0005842584170470120704700BFAB4700207B
:1042B000002208B5074B4FF6FE701A7019F06EFA1F
:1042C0004FF6FF7019F087FA034B5869BDE80840B4
:1042D00014F069BCAB47002000380020014B18786F
:1042E000704700BFA047002008B5064B187838B1CA
:1042F0000548FDF74FFA4FF47A73B0FBF3F0C0B204
:1043000008BD00BFA0470020342C0020014B187CC2
:10431000704700BF003800202DE9F0438BB00746FE
:10432000154698460E469DF8489049B9104605AC8A
:104330000BF078FB21460BF0CBFF172818BF264661
:10434000B9F1000F0AD1124B1B781BB928461BF09C
:1043500057F8D0B92846FDF721FE02E028461BF0A9
:104360004FF880F00104E4B29DF850302A460293E1
:104370009DF84C303146CDE90093384643460394CE
:1043800019F060FD0BB0BDE8F0834C46ECE700BFD0
:10439000A74700202DE9F04F97B099469DF8883047
:1043A000BDF880B0219D08939DF88C300E4658468C
:1043B0000FA9049207931BF027FD05B3002800F016
:1043C000208195F801A00FACCAF3400A8E4B19F07A
:1043D000800F1B7814BF4F4649F08007022B17D07F
:1043E0004FF6FF78002D40F08781022558461BF0DC
:1043F00035FB2B464246214619F094FABCE058465C
:104400001BF0ADFB0446002800F0FB80AA46DDE768
:104410001EB97E4B1B78002BE2D00DF13A012046ED
:10442000FDF7F4FF58461BF0ADFB012838BF012013
:10443000C3B2059395B3281D15F032F8804609F0F4
:1044400002032046069319F078F921460990814627
:1044500000200BF0B7FA069A099B12BBFF2820D167
:10446000ECF7C0FA6A4A1278824200F032814FF6C5
:10447000FF72099B934214D1FDF734FD002800F030
:1044800028814FF6F773984523D919F068FF11A9D1
:104490008146FDF7E1FF0028F7D02EE0BDF83A8015
:1044A000CDE74FF6F772904520D8934211D8984542
:1044B0000FD0194622460AA8FDF7CAFC0A980B99A4
:1044C00013AB03C3BDF83020022113A81A80FDF7F7
:1044D00047FE404611A9FDF7BFFF024628B9082153
:1044E00011A819F092F8002866D0C1464FF6F6726E
:1044F00009F1FF339BB29342C7D8BAF1000F03D141
:10450000444B1B78002B60D158461BF0A7FA059B43
:104510004A4601930123214600933B46FDF7F2FDF5
:104520004FF6FF739842804600F0D3800146002288
:104530000AA8FDF78DFC0A980B9913AB03C3BDF8CD
:104540003020022113A81A80FDF70AFE002D3FF447
:104550004DAF002E40F0D28045460123C7F3C0077F
:104560004246CDE9016321462B4604980397CDF8D6
:1045700000A019F067FCA846BAF1000F0FD04FF663
:10458000FF7398450BD040460BF04CFAFF281FBF35
:10459000214A32F8103023F4804322F81030089B6F
:1045A0007BB319F0EFF8249B014600934246234663
:1045B00007980DF03FF824E00822204611A91CF0CE
:1045C0000CF900287FF461AF8FE7002D64D0134B06
:1045D0001B68980727D5049B0F2B21D0281D14F0AA
:1045E0005FFF02230121CDE901310023C7F3C0079A
:1045F0000246009321464FF6FF730498039719F083
:1046000021FC17B0BDE8F08FAB470020A047002089
:10461000A4470020A747002090440020882C0020B9
:10462000079B012BDAD1281D14F03AFF80460BF0CE
:10463000F9F90990404619F029FB4FF6FF71BDF8D2
:104640003A208A4256D04245099B53D1FF2B4AD08B
:1046500018461AF01EFF784010F0EF0F14BF012328
:104660000023BDF83A0009930BF0DCF90690BDF881
:104670003A0019F00BFB099B66B14FF6FF7CBDF8C1
:104680003A10614506D0414504D0069A0240D2B2A4
:10469000FF2AA3D1002BA1D1224649460AA8FDF743
:1046A000D7FB0A980B9913AB03C3BDF830205846CB
:1046B0001A801BF0D3F93A460146059B13A8FDF773
:1046C000EBFC30B94FF6FF73BDF8548098457FF48A
:1046D0003DAF4FF6FF789DB10126281D14F0E0FE96
:1046E0004546804639E7FF2804D0069BB3FA83F39A
:1046F0005B09B6E70023B4E70226EEE70026ECE705
:10470000012573E60022014B1A767047003800201D
:1047100008B50B4B1B78022B10D10A4B1B78033BBF
:10472000012B0BD9084B187800F00100FDF766FF4C
:104730000023064AC2E90133538008BD0020F3E795
:10474000AB470020AC470020A047002000380020E5
:1047500038B5174D2B78033B012B1CD8154BB3F8FC
:10476000E4204FF6FF739A4215D10320FDF710FAAB
:1047700002F0C4FCFFF7CCFF2B78033B012B01D9DF
:1047800009F000FA0020FBF7AFFA78B1BDE8384035
:10479000002018F078BCFDF7E5F90446FDF7DCF9D8
:1047A0000146204608F05CFC0220DFE738BD00BF70
:1047B000AC4700209036002008B5114A114B5861D3
:1047C0001378032B1BD0D3B1332B01D0432B10D143
:1047D0000D4B1B78033B012B05D803231370BDE859
:1047E000084014F0E0B914F0DEF9BDE80840FFF726
:1047F000AFBF21231370BDE8084002F077BA08BDAF
:10480000AB47002000380020AC47002038B50446F4
:104810001348FDF76FF8134B1B78013B012B1DD894
:10482000114D5CB92B7823B140F619402C7014F06F
:10483000BAF90024FFF76CFF204638BDFF2C05D0E5
:104840004FF47A7106486143FCF7B8FF2B78002BD0
:10485000EFD1012340F618402B70E8E70224E9E786
:10486000342C0020AC470020A047002038B5044677
:104870000D46FDF7D9F928B13DB1204619F03BFCB2
:10488000002038BD024B1C70FAE70220F9E700BF98
:104890000D48002038B5114D04462B78834218BFCF
:1048A00028700FF085FD80B124B920460FF07AFD05
:1048B00002220DE001200FF075FD2B781A1F012A4E
:1048C00005D9062BF4D1032202E0002CF5D10122F8
:1048D000BDE838400021084619F0BDB9AC470020BA
:1048E00030B5044685B068460D4619F095FA94B186
:1048F00000212846144A19F0EFFB144B20681B785E
:1049000061688DF80430124B1B788DF8053002ABCE
:1049100003C306F0ADFB0F4B93F8D42093F8D630C9
:104920008DF803208DF8023018F049FFADF8000033
:1049300018F028FF1023ADF8060007226946002072
:10494000FDF752F805B030BD00F8FF07E44600203F
:10495000AC4700209036002010B5144B04461A785E
:10496000134B002083F8D420FBF7BEF910B10020D0
:1049700018F089FB00210846FFF7B2FF0D4B1B78AA
:10498000033B012B0ED80EF06BFC2046FCF7D4F84D
:1049900040F6174014F007F90023074A1380074A2E
:1049A000138010BD0BF00CFEEFE700BF0B4800209A
:1049B00090360020AC470020DC440020DA44002080
:1049C00010B5014604460020FBF7D2F990B10C4B1C
:1049D0001B78023B032B0FD80A4B1C700DF06AFDAD
:1049E00060B9094A0949FBF7BDFD003818BF01202D
:1049F000800010BD5520FCE70220FAE74D20F8E7C3
:104A0000AB4700200B4800201983020859490208CF
:104A1000F8B506460DF04EFD044668B9FBF764F99B
:104A200050B1064D204695F8D47085F8D46018F042
:104A30002AFB10B185F8D4704D20F8BD90360020C7
:104A40002DE9F04180461846033B012B0E461746E0
:104A500002D918B121243CE0FFF71CFF294B1B7839
:104A6000012B4CD0284B1D78022D08D0032D46D1A8
:104A7000B8F1000F03D1254B1B689B073FD43320AF
:104A8000FDF786F801F08AFDB6F1006F34BF204BC8
:104A9000052231464FF0060038BF1A78FEF760F95C
:104AA000044628BB1B4D2873012000F0C7FF18F0F7
:104AB00086FE68802846B8F1000F0DD0022300F86A
:104AC000043B19F056FA6C732F613946304614F0E6
:104AD00022F82046BDE8F081012300F8043B19F0DC
:104AE00048FA6C732F613946304614F013F8F0E73A
:104AF0002846FDF74DF8B8F1000FF4D0E5E70224A1
:104B0000E7E700BFAC470020AB470020882C00201F
:104B1000F451002000380020034B187818B9034BDB
:104B2000034A1B78D05C7047AA470020AC4700209E
:104B30009C67040838B5174B04461B78033B012BD0
:104B400006D8437BDB0703D590F909000EF0D2FAB3
:104B50000025114B83F8D5502079FFF759FFFFF757
:104B6000DBFF61882488034622462846FDF760FD66
:104B7000044620B11720FFF71FFE204638BD17233B
:104B8000064DC82106486B61FCF718FE03232B76FF
:104B9000F3E700BFAC47002090360020003800202B
:104BA000304F0020F0B51A4D06460C4693B0A5F8DC
:104BB000E40005F1E60729BBC5F8E610796013F0BB
:104BC0005FFF6A4601460020FBF768FCD5F8E63037
:104BD000ADF81060CDF812307B68CDF8163013F0C8
:104BE0004FFF6A4601460020FBF76CFF4FF6FF734C
:104BF000B5F8E400984203D014B1064913F08EFFD3
:104C000013B0F0BD082238461BF0F7FDD7E700BF10
:104C100090360020763700202DE9F041DFF8B8808B
:104C20001F4698F8003005460C4616461BB1022573
:104C30002846BDE8F081531E052BF8D80DF03AFC4C
:104C40000028F4D13B7B032B14D14FF6FE739C421A
:104C500012D1012E09D0022EE9D118F093FD4FF6A2
:104C6000FB73984203D818F08DFD044604E019F058
:104C700076FBFAE7012EDAD0EDB939462046FFF788
:104C80006BFA05460028D3D198F80030332B03D0B7
:104C9000532B1CBF0E4B18613046FFF7FBFD002164
:104CA0004FF6FF70FFF77EFF0A4B1B78002BBFD03B
:104CB0000BF05AFCBCE7397B721ECB1E594259419E
:104CC0005042504107F066FA05460028D5D0AFE7BC
:104CD00000380020F5510020AB470020F0B50C460D
:104CE0001E46184B074687B001F1140051F8045BCB
:104CF000814243F8045BF9D16D4609881980D4F8E4
:104D00000E00D4F81210238803C5ADF808302379BB
:104D10008DF80A208DF80B3000233A468DF80C30C0
:104D20004FF6FE716B460120FFF776FF40B96846EB
:104D3000FFF74EFA2046FFF7FDFE08B9024B1E7042
:104D400007B0F0BD284500200C4800201FB5144BCB
:104D500004461B88DB0707D44FF6FF700021FFF7DE
:104D600021FF002004B010BD0A2301201A4601A92A
:104D7000FCF73AFE4FF6FF73BDF80C209A42EBD0D9
:104D80000822FF2101A818F040FC0028E4D10CB94A
:104D90000120E7E7BDF80C0001A9FFF703FFF7E7E3
:104DA0004045002038B50C46154618F0F7FC04F0D5
:104DB000C3F829462046FFF7F5FE00F039FE48B15A
:104DC000074BDB790E2B28BF0E230133DBB2054ADC
:104DD000137038BD044B1B78013B18BF0123F6E765
:104DE0002845002024480020AC47002038B5002288
:104DF0000821044618F009FC0546C8B918F0C2FCA1
:104E00002A464FF6FF71FFF7CDFF2046217CFFF7C2
:104E100067FD6269E189207C19F05EF9054B1B781A
:104E2000012B01D107F020FBFFF792FC002038BDD9
:104E30000120FCE7AC47002038B5274B04461B781F
:104E40000BB1022038BD4FF6FF7302899A42F8D0A9
:104E50000DF030FB0028F4D1204D2B6813F0020038
:104E600007D018F08FFC4FF6FE73984201D119F06D
:104E700076FA2146FFF770F90028E3D12B689B07EB
:104E80004CBF02200120FFF705FD0021012007F0A3
:104E900081F90028D6D1124B1B780BB10BF064FBC3
:104EA00000220821204618F0B0FB58B90D4B2046CF
:104EB0001B7823740C4B63610023E381BDE8384009
:104EC000FFF794BF0421204613F019FE0028EDD00F
:104ED00040F61240B6E700BFAB470020882C002008
:104EE000F55100200D48002000F8FF0770B5264B53
:104EF00005461B780E4613B10224204670BD4FF6BE
:104F0000FF7302899A42F7D00DF0D4FA0028F3D14A
:104F100018F038FC4FF6FE73984201D119F01FFAD1
:104F20002946FFF719F904460028E6D1EEB105201D
:104F3000FFF7B0FC0121002007F02CF904460028FF
:104F4000DBD102460821284618F05FFB78B90F4BE9
:104F500028461B782B740E4B6B610023EB81FFF707
:104F600045FF044666B905200BE00620E0E7042172
:104F7000284613F0C4FD0028E9D040F61244BCE7EF
:104F80000420FCF705FEB8E7AB4700200D480020E1
:104F900000F8FF0738B51D46FFF73EFE0446C8B9C6
:104FA0002B7B2846032B03D1BDE83840FFF71EBFFB
:104FB000FFF70EF9084B25469C8118F05DFB012197
:104FC000064B81401A780620FDF7CAFE044608B158
:104FD000034B1D70204638BD00380020F4510020DE
:104FE000AB47002030B5012087B0FFF7AFFE6B461E
:104FF0000446144A1068516803C384B906F046F8A1
:1050000002A818F009FF4FF6FF752246BDF80E0002
:105010002946FFF7C7FEF7F723FB07B030BD6B4605
:10502000094AD2F8E600D2F8EA10B2F8E45003C315
:1050300006F02CF802A818F0EFFE6A46BDF80E0044
:10504000E6E700BF0C6404089036002073B53A4BC5
:1050500004461B781BB10224204602B070BD0DF03F
:1050600029FA0028F7D100F0F3FC14B12288334B61
:105070001A8000210DF10700FCF70AFE002856D126
:1050800018F068FF04460028E6D12D4D9DF8070072
:10509000FFF700FC2B785A1E012A1FD8FFF7A2FF4A
:1050A0002B78033B012B01D801F01EFAFFF750FBD0
:1050B000012018F0A8FA034600283AD12A78033ACA
:1050C000012AC9D81D4A108810F0020521D00522F6
:1050D00001201C49FFF7B4FC0446BDE7033B012B4C
:1050E00004D82046FFF732FE0028D7D12B78053BA5
:1050F000012BB1D8FFF776FFFFF72AFB2B78052BA2
:105100000CBF04200520FCF743FD012018F07BFABA
:10511000E2E70D4E02230B2231460120FCF764FC2E
:1051200033885B0798D5284601F0F2F994E71724F5
:1051300092E7044690E700BFAB47002040450020BF
:10514000AC47002000F8FF07D844002001232DE9D8
:10515000F347614D074688460020604914466B734B
:1051600000F03AFC0FF0DEFA5C4E38B9012F01D99D
:10517000042F10D12146404613F007FD10200021D6
:105180000AF056FD002800F09E80002002B0BDE825
:10519000F047FBF78DB9002CF0D1514B1B78212B38
:1051A00003D0062B01D0532B02D101F09FFDE5E780
:1051B000FCF7E2FD0028E1D000F03AFC28B9287B9A
:1051C000C0F11800FFF7F8FAD8E7464B3146204601
:1051D000019300F001FC20B140F2F5714248E6F77E
:1051E0009FFF3D49307B01AA14F0E0F895F800904C
:1051F000B9F1000F03D13948FFF79CFCBEE7DDF899
:1052000004A018F0BFFADFF8EC80044698F80030EC
:10521000033B012B06D8737BDB0703D596F9090006
:105220000DF068FF3079FFF7F3FB00217088FFF77E
:10523000B9FCFCF7A1FD2D4F60B14FF6F672631E6D
:105240009BB2934206D919F08AF8B7F8E4300446C5
:105250008342F8D0204618F0A1FA308818F0BBFA43
:105260004946B7F8E400D047044608B91920A9E731
:10527000B7F8E4101AF031FC002387F8D5302B780A
:1052800003F0FB03022B02D0204618F0CBFD0022D6
:1052900020461146FEF77EFE98B117236B6198F801
:1052A0000030042B06D1C8211148FCF787FA0323EC
:1052B0002B7663E74FF416710D48FCF77FFA002355
:1052C000F6E717207EE7FEF7DBFE00287FF45DAFF0
:1052D00002B0BDE8F08700BF00380020284500205C
:1052E000AB47002089DF0308AE6604089036002033
:1052F000304F0020AC4700207FB50024184E194DD8
:105300003278E3B29A4201D804B070BD4FF6FF7311
:10531000B5F8E4209A421AD0134B1B88DB0714D54A
:10532000124AB5F8E43010685168ADF80C3001ABA2
:1053300003C30A2300201A4601A9FCF755FB0223E8
:105340000B2200200A49FCF74FFB0134D8E700226A
:105350000821064818F059F90028F6D1DCE700BF0B
:10536000CA510020903600204045002076370020AA
:10537000D844002010B501F011F902F08DF8D8B131
:105380000E48FCF7B7FA0E480E4C017A0E30FFF7C4
:10539000A7FA23781BB100F0FDFA00232370002246
:1053A000094B1A73FFF7D4F908F004FE01F080F9F5
:1053B000BDE81040FFF7A0BF10BD00BF304F002078
:1053C000284500200C4800200038002010B51B485C
:1053D000FCF790FA02F060F830B1194B1B781BB95A
:1053E000BDE81040FFF7C6BF02F056F878B1154C83
:1053F000237E83B1C8211148FCF7E0F90021237E08
:105400000846013B2376BDE81040FBF7C3B8FCF724
:10541000B3FC0028EBD1FCF7AFFC38B90A4B1B7882
:10542000112B03D003F0FD03412B05D1BDE8104043
:10543000044B5869FFF7C0B910BD00BF304F0020C2
:10544000A747002000380020AB4700202DE9F04F8F
:105450000F4685B002AD04462946384691461AF0FB
:10546000D3FC4FF0000B82463846CDF804B01AF05A
:10547000FDFB4678022C804606F0020609D85CB196
:10548000FCF77AFC0446002848D1754B01241B78B0
:1054900065E0043C022C3AD9FCF76EFC38461AF061
:1054A0005EFB00240546A046DFF8D8A138461AF076
:1054B000DDFB50F809300DF10500019313F0F0FF0A
:1054C0009DF807B00746B8F1000F4DD1BBF1000FB2
:1054D0005BD0DFF88C9199F800300BB1002E63D0CF
:1054E000002C61D05F4B1B78022B5DD1BBF1000F0C
:1054F00053D1384618F052F958465946FFF7F0F99B
:1055000008F058FD40F6074013F04DFB34E018F06A
:10551000D1FCFCF731FC0446F8B15C464EB1524B6D
:105520001B78012B02D0043B012B0BD805B0BDE842
:10553000F08F4B4B1B782BB14B4B1B7803F0FB03CD
:10554000022BF3D0BAF1000F404608BF00251AF035
:105550004EFC4FF001088246A8E7414B1B78002B18
:10556000F0D0002EEED1E1E7BAF1000FAED05046F8
:10557000FDF708F80028A9D10020FAF7B5FB0028AC
:10558000D4D0002017F07FFDD0E74FF6F7739F428D
:105590009FD91720FFF710F9EEE7FCF7EDFB48B1B4
:1055A0003248FCF7A7F9F4E7FCF7E6FB10B1BBF1D2
:1055B000000FF5D1FCF7E0FB0028DDD02846FDF711
:1055C00039FEFF28DFF89CA0294C03D09AF8003060
:1055D000012B04D12946B4F8E400FDF7A5FFFEF73E
:1055E00087F82A463846B4F8E410FFF7DBFB214B76
:1055F000214A93F906301B0213809AF80030012BE0
:1056000019D0312B14BF432311238AF800301B4BD0
:1056100016481968FCF7D2F800F066FF0023124C18
:1056200099F80010237641B91048FCF7C7F840F606
:105630001B436361A0E71123E7E7B8F1000F03D034
:1056400016B1FFF797FEF2E70D4B1B78042BEED156
:1056500005210648FCF7B2F809232376E7E700BFE7
:10566000A7470020AB47002000380020304F002023
:1056700090360020284500203E450020504F002055
:10568000AC470020F74700202DE9F043084693B0CF
:105690000D461AF0EBFA092200218046FAF7DCFEEB
:1056A000044628461AF05BFA052207460DF1090365
:1056B00028460AA90EF048F8022881461CD09DF819
:1056C000093029461C44E4B204F1100200230120F1
:1056D000D2B218F8046012F0C7FF68B1072E09D8DB
:1056E00056B1013E062E07D8DFE806F00918068AF3
:1056F000062541007C2E45D013B0BDE8F0835B4BFE
:105700001B78013B012BF7D828461AF0A7F9002394
:105710002A461946009418F0D1FBEDE7544B1B784C
:10572000012BE9D1534B18780028E5D122462946B0
:10573000FFF78CFEE0E74D4B1B78013B012BDBD8DC
:1057400038460AF01DF94FF6FF739842044606D01A
:1057500028461AF083F92246394618F0D2F8444B0D
:105760001B78022BC8D1384613F00DFAC4E73F4B23
:105770001B78013B012BBFD8494628460AAA00F0F6
:1057800079F9B9E7394B1B78013B012BB4D8A04418
:1057900098F8012098F80230652AADD16D2BABD175
:1057A0002846FBF7C1FD1334E4B28442A4D2082298
:1057B000394603A81BF021F8214628460DF10A02BC
:1057C0001AF06CFA002897D1BDF80A30002B93D05C
:1057D00005A809F029FC0123274DBDF80A002B700C
:1057E000FBF7A2FD0446BDF80A00FBF781FDE2B21B
:1057F000034605A903A813F09AF900232B707BE751
:105800001A4B1B78013B012B3FF676AF0622002195
:105810004046FAF721FE404413F042FE0746FCF7EB
:105820002FFB044600287FF467AF28461AF011F9D1
:10583000C3047FF561AF46F204030121ADF81430D3
:1058400038460223CDE9004405AA1AF076FA064646
:1058500000283FF451AF39461AF03FF928461AF0B4
:10586000FDF822463146FCF705FF45E7AC4700202E
:10587000AB470020003800203F48002008B5084B07
:10588000187050B1074B1B883BB14FF47A71064832
:105890005943FBF793FF002008BD0120FCE700BF40
:1058A0009E47002090510020342B0020014B187897
:1058B000704700BF9E47002008B5FCF71BF8002288
:1058C000014B1A7008BD00BF9E470020022881BF0F
:1058D0004FF47A735843034B18608CBF002021208B
:1058E000704700BF504F0020014B1878704700BF31
:1058F0000E480020014B1870704700BF0E48002072
:10590000034B18684FF47A73B0FBF3F0C0B27047E2
:10591000504F002010B50B4B0B4AB3F9004092F9E1
:10592000001053884CB1B1EB242F06DD43F0400347
:10593000538001704380002010BD23F040039BB2D0
:10594000F6E700BF3E4500209251002007B5074B07
:105950008DF8070018700D22012300200DF10701BA
:10596000FCF742F803B05DF804FB00BF9251002041
:1059700038B5074D044695F9003090F90000834290
:1059800001D0FFF7E3FF638800206B8038BD00BFC4
:105990009251002010B50024044B05481C80054B93
:1059A0001C70FBF7A7FF204610BD00BF424500203A
:1059B000544F00201848002008B50348FBF79AFF11
:1059C000BDE80840FFF7E6BF544F00200148FBF751
:1059D000B5BA00BF42450020F7B5134B04461B780B
:1059E0000E46EBB183421DD90021104817F09AFBF7
:1059F000002501460D4F09B9012009E0A54209D152
:105A000000243046162322460094FBF759FE204618
:105A100003B0F0BD384617F0DBFB01350146EAE77D
:105A20001820F5E72720F3E718480020424500201A
:105A3000014B1878704700BF1848002025289DBFEB
:105A4000024B187000202120704700BFF751002042
:105A5000012307B518460D220DF10701FBF7C4FF1E
:105A60009DF80720024B1A7003B05DF804FB00BFDD
:105A700092510020F8B507460E4614461AF06FF80A
:105A80001A4B05461B78022B2FD1194817F06AFDD7
:105A900058BB28460DF064FD38B3224631463846DF
:105AA0000DF080FD08B313F028F80446384619F0CD
:105AB000D5FF104B012E1A784FF00F0303FA02F3B3
:105AC0009BB2B4FBF3F203FB124404F10104A1B254
:105AD00006D1094B094A1E702B6813606B6853602E
:105AE0000348BDE8F840FBF769BEF8BDAB470020AE
:105AF000542C0020F6510020174800200F480020A9
:105B000084B010B502AC84E80F00082227480DF1DC
:105B10001601089C1AF061FE08BB9DF815309A0723
:105B200005D4234B1B7803F0FD03312B1DD12149F4
:105B30006378097803F00F028A4203D0012922D149
:105B4000022A12D1227882B91B09022B0DD11A4BDD
:105B5000A0781B78022B1AD1C0F3800006E0002247
:105B60000821124817F051FD20B90020BDE810406F
:105B700004B07047114BBDF808205B889A42CCD026
:105B8000002BCAD0F1E70229EFD1012AD9E7030699
:105B900009D40B4BB3F8E420BDF80A309A42E4D1A3
:105BA000FEF776FBE2E70120E0E700BF04380020C3
:105BB000AB470020E4460020AC470020003800201E
:105BC00090360020284BF0B55D88002387B08DF813
:105BD0000830264B0DF10B001B7805F0010743F050
:105BE00020038DF8093018F0C4F96FF07F43ADF849
:105BF00013308DF8153018F064FA1D4B8DF816002F
:105C00001B7805F01006DB00DCB2EAF7EBFE194B5F
:105C10001B7883422CBF44F0040344F084032FB16B
:105C2000A9061ED426B143F0020301E0AA07F9D465
:105C3000002108468DF80A30FBF720FCADF806007D
:105C400058B101230F2202A90DF10600FBF7A6FCB3
:105C500018B90DF1060013F0A6FBBDF8060007B059
:105C6000F0BD43F00103DDE792510020E44600203F
:105C700024480020A44700201FB50C4A01AB10683F
:105C80005168127A03C3002109201A70FBF7F6FB52
:105C9000044640B1FBF72CFB034601AA03CA127865
:105CA000186059601A72204604B010BDBC66040822
:105CB00010B5FBF71FFE0A4B1B78022B0CD1094BCA
:105CC0001B78033B012B07D9074C207828B1002013
:105CD0001AF0CAF90023237010BD17F0E8FDF9E7A8
:105CE000AB470020AC4700201748002084B02DE9C6
:105CF000F04788B010AC84E80F00DFF824A1454BD2
:105D0000BAF802209DF8459012F0010E9DF94A4024
:105D10009DF85D809DF95E109DF860509DF9626070
:105D20009DF946C09DF848701B7834D09DF86500F9
:105D3000C0F34002C0F38000002B48D0364B1B78E4
:105D4000022B09D1B44242DB23D1E81BC0B2802828
:105D50008CBF0020012015E0304B1B78012B00D1B7
:105D6000BAB178B19AF800301E335BB29942D4BF11
:105D7000002101219C45D4BF002301238B4206D181
:105D8000B442E1DA08B0BDE8F04704B07047084615
:105D9000F8E70020F6E7920718D5C3B1760814BFDC
:105DA00001200020640814BF012300238342E9D1AD
:105DB000EB1BDBB2802B0AD9BD42EAD18C4506DB56
:105DC00025D1C1452CBF00200120DBE70BB9012004
:105DD000D8E7BD4204D18C45F9DB01D1C145F6D3EA
:105DE00002AC16AE0FCE0FC496E8030044F8040BC5
:105DF0002180DDE9140110AB0090ADF804100FCB49
:105E000013F0CBFA0028E2D1BD429ED1BAE770462A
:105E1000B8E700BF18480020AC470020AB4700207F
:105E20009251002084B02DE9F04F8FB06A4E18AC2B
:105E300008AD84E80F001622002128461AF0F7FC6E
:105E400033783BB90024654B32781B789A4239D2BB
:105E5000002726E00021624817F064F90027044675
:105E6000B846DFF87C91002C45D13FB12246394637
:105E70005B4817F0E8F93378013B33703378002B37
:105E8000E0D0002156484FF0000917F04BF94F467B
:105E90008046CA46DFF848B1B8F1000F6CD1002F38
:105EA000D1D01621002218A817F025F9014648B1D3
:105EB000002F00F08B802246494817F060F93378B4
:105EC00001333370454B32781B789A4207D94448E6
:105ED0000022018817F0B7F93378013B337033782B
:105EE000012B03D13F494048FBF768FC0FB0BDE8E8
:105EF000F04F04B070470022214628461623CDF803
:105F00000080FBF7DDFB1622294618A81AF065FC75
:105F10000028EBD09DF864209DF824309A4225D1CA
:105F2000BDF86020BDF820309A421FD108220DF143
:105F30002E010DF16E001AF050FCB8B902AF0DF150
:105F4000600CBCE80F000FC79CE8030047F8040B87
:105F500039800EAB13E903000090ADF8041095E80A
:105F60000F00FFF7C3FE0028C0D027462146484651
:105F700017F02EF9044676E71623002241462846FC
:105F8000CDF800A0FBF79CFB02AF0DF1600CBCE864
:105F90000F000FC79CE8030047F8040B39800EABD5
:105FA00013E903000090ADF8041095E80F00FFF727
:105FB0009DFE074620B1B9F1000F04BF444681465B
:105FC0004146584617F004F9804665E73A460448CA
:105FD00017F0AEF873E700BF18480020F751002013
:105FE0004245002020BF0200544F00202DE9F04F11
:105FF000002104469FB010AF162238460E91CDE91D
:106000000C11CDF83B101AF012FC052220460DF1C0
:106010001F0316A90DF098FB0228804600F00381AB
:10602000204619F023FE064613F03AFA8146F01C8A
:1060300013F036FAADF84000701D13F031FAB8F1E4
:10604000010FADF84200204640F0F08019F00EFE3E
:1060500005462046FBF74CF90D352D1A3B462146E7
:106060000820EAB212F000FB002800F0DC80204695
:1060700019F001FEB8F1010F83469DF84D3040F054
:10608000EF80002543F001038DF84D3016AE0495E6
:106090003388022B58D1F17820460231C9B2FBF780
:1060A0004BFB1B2850D1F17820460331C9B2FBF7D6
:1060B00043FB192848D1F17820460431C9B2FBF7D7
:1060C0003BFB4A2840D14FF0050AF17820460131C8
:1060D0005144C9B2FBF730FBF17880465144204669
:1060E000C9B2FBF729FB00EB082083B200F03F02A6
:1060F000932B059240F0A28096F803802146D0446D
:106100005FFA88F808F10203DBB204930023049AD3
:1061100000930CA80F23FBF7D3FA08F11101C9B2C1
:10612000204617F057F908F113010546C9B2204679
:1061300017F050F9ADF84200059B023353445FFA63
:1061400083FA33795345C0D806360DF17603B3424E
:106150009ED19DF84D20C5F3C03363F34102204624
:106160008DF84D2019F019FD8DF84400204619F0E6
:1061700009FD8DF84500204619F009FD9DF83230E3
:10618000BBF1190FC3F3C3028DF84720DDF83320AC
:106190008DF84600CDF84E20DDF83720CDF852209E
:1061A00094BF00229DF83E208DF8482003F00302A2
:1061B0008DF84A206F4A1278022A9DF84D200CBFB4
:1061C000C3F38003DB0963F382026B4B8DF84D2030
:1061D0001B78022B59D1BDF8406017F0F0FA8642C7
:1061E00053D108A817F0C5FEBBF1190F4AD90822F0
:1061F0000DF14E0108A81AF0F0FA00283FD1B9F5C8
:10620000004F02D0B9F5624F0DD140F6FF7325F46F
:1062100040459D4207D1002208210DF14E0017F0A4
:10622000F4F9002841D01FB0BDE8F08F19F01EFD31
:1062300005462046FBF75CF807350EE7412B7FF457
:106240007BAFF178204602315144C9B2FBF774FAB2
:106250004A4B1B78C3F1B30318448DF849006BE730
:106260006FF30003F01D8DF84D3013F019F90CA9F0
:106270000546204617F0CBFE0023049369E700F0A3
:10628000F3FFBCE700F0F0FFCDE7B9F5004F02D017
:10629000B9F5624FC7D140F6FF7325F440459D42E2
:1062A000C1D1BBF1190FBED9B5E7BBF11A0F06D0AA
:1062B00004993A461F312046C9B213F076F8304CA3
:1062C000304D637BDBB12B78012B1DD10123237370
:1062D0000CAB029314AC94E803000090ADF80410EA
:1062E00097E80F00FFF70CFC90B194E803000090D2
:1062F000ADF8041097E80F00FFF794FD08E0FBF7F6
:106300003BFD0028DFD0E1E703F0FD03042BDDD0E7
:106310002B78012B01D0042B85D11B4BDDF84E00CF
:106320001B78DDF852108DF82230BDF84030ADF802
:1063300020309DF84D30C3F340038DF823309DF895
:10634000313003F00F038DF82C309DF848308DF874
:106350002D3009AB03C30D4B1B681BB1394608A890
:10636000984760E79DF946209DF8451008A812F06F
:1063700008FC58E7AC470020AB4700201F4800202E
:1063800000380020034800201E480020F03700207D
:106390002DE9F043424B434C1B7885B0033B012B66
:1063A00022D811F089FD2378022B31D13E4A14689E
:1063B000A0422DD03D4910600A68121B10443C4A8F
:1063C0000860127872B1013A93403C2253434FF473
:1063D0007A72534398421BD9032005B0BDE8F043BD
:1063E000FBF7D6BB0A23F2E711F066FD2378022BF8
:1063F0000ED12D4A1568A8420AD00027DFF8BC80CC
:106400002C4E1060451B98F80030FCB2A34202D815
:1064100005B0BDE8F08356F8243020462B4446F8FA
:10642000243009F08FFBC3074FF0000910D5204638
:1064300009F056FB70B156F82430242B08D91022ED
:1064400000232046CDF8009009F09AFB46F82490EE
:106450000137D8E7184B1B5D13F00F031FBF03F183
:10646000FF32022393403C220CBF0A2353434FF4D4
:106470007A72534356F824209A42E9D9204609F00B
:106480004FFA02A918F097FF28B1204609F048FA00
:1064900002A912F044FB204619F053F8D8E700BFD8
:1064A000AC470020AB470020802C00207C2C002033
:1064B000B5510020B02A0020E9460020D05100202C
:1064C000064B1B88DB0708D50022054B43F820202C
:1064D000044A135C63F00F031354704744450020D3
:1064E000B02A0020E946002008B511F0E5FC0022A2
:1064F000024B1860024B1A6008BD00BF802C0020C0
:106500007C2C0020014B1868704700BF7C2C0020B9
:1065100008B50C48FBF7EEF9FBF78EFB80B10A4B90
:106520000322B3F8E41001200CF0AAFD4FF47A71B5
:10653000064B04481B885943BDE80840FBF73EB9A9
:1065400008BD00BF744F002090360020725100201B
:10655000014B18800020704796510020044A054BDB
:106560001870138823F0030318431080002070472D
:1065700044450020B6510020024B188800F003006B
:10658000704700BF44450020034B1888C0F30E003D
:10659000003818BF01207047D844002008B5FFF725
:1065A000F3FF30B10020044902230B220880FBF7DF
:1065B0001BFA002008BD00BFD8440020024B1888F9
:1065C000C0F30E00704700BFD84400200023084AE3
:1065D00001201370074A08491370084B084A1B78BA
:1065E00043F00403138002230B22FBF7FDB900BF25
:1065F0001B4800201A480020D8440020B651002033
:106600004445002013B514468DF80710CAB9CAB224
:106610000E2A16D80D4B1B881341DB0711D509F044
:1066200001FAFF2801460ED09DF80720084B1A54A6
:1066300001231B200DF1070211F0B1FC204602B02E
:1066400010BD0124FAE70224F8E700BF96510020AC
:10665000E946002030B5012100240B2385B0104D00
:10666000019400918DF80C308DF80D000323B5F8DE
:10667000E40003AA8DF80E4019F05FFB68B1B5F88D
:10668000E41017F0CCFD40B10522064B64211A70CE
:10669000054B06481C70FBF791F805B030BD00BFF4
:1066A000903600201A4800201B480020944F0020FC
:1066B000064B1B78033B012B06D8054B1B781BB9F7
:1066C000044B1878FFF7C6BF704700BFAC470020E7
:1066D00019480020B551002010B51548FBF70AF9FC
:1066E000144B1978F9B9144A13787BB1013B137034
:1066F000124B1B78042B02D10846F9F74BFFBDE87B
:1067000010404FF496710A48FBF758B80C4A1288AB
:1067100002F00302022A0AD1BDE810400322012040
:106720000849FEF78DB9BDE81040FFF7C1BF10BDA5
:10673000944F00201B4800201A480020AC4700203E
:10674000D844002000F8FF071FB50C238DF80C304B
:106750000B4B0C461B88012123F004038DF80E30EF
:1067600000238DF80D00CDE900132046032303AA72
:1067700019F0E3FA10B1214617F051FD04B010BD35
:1067800044450020F8B5064619F0D3F905463046D1
:1067900019F0F7FA411C0446C9B23046FAF7CCFFAB
:1067A00002340746E1B23046FAF7C6FF39460246E0
:1067B0002846FFF727FF022816D02946FFF7C4FF17
:1067C0000A4B1B8803F00303022B0DD1284609F066
:1067D00029F9FF2808D00022054B43F82020054A5C
:1067E000135C63F00F031354F8BD00BF4445002051
:1067F000B02A0020E9460020084B1A785AB102233B
:10680000013A93404EF66022534303210448B3FB00
:10681000F1F1FAF7D3BF42F21073F6E7B551002059
:10682000944F002070B505461748FBF763F8012226
:10683000164B28461A7019F0A4FA411C0446C9B236
:106840002846FAF779FFA11C0646C9B22846FAF78E
:1068500073FF0F4C022320800B2221460020FBF700
:10686000C3F886B9238803F00303022B03D1FFF793
:106870003BFEFFF7C1FF23885B0704D5BDE87040EE
:106880000448FFF745BE70BD944F00201B48002010
:10689000D8440020744F00202DE9F043204C89B0EB
:1068A0002388002B35D01F4D00214FF4807009F054
:1068B00027FC2B78DB072AD501212088FAF7A2FDD7
:1068C0000646208819F0D2F9023012F0E9FD05A938
:1068D0008046208819F033FB2B78304613F0020FE6
:1068E000114B40F60247B3F8009018BF0027FAF7A3
:1068F0001BFD05463046FAF7FBFCEDB2029042461E
:1069000006213846CDE9009505AB12F02CF900239D
:106910002380064809B0BDE8F043FAF7EBBF00BF9B
:106920004C4500201C48002048450020B44F002062
:106930002DE9F047304F80463D880E461446994673
:10694000ADB3104619F0A0F8B0F5006F2FD1204676
:1069500019F0ADF8824609F065F8FF2827D02EB16E
:10696000264A32F810302B4322F81030B5F5007F5C
:1069700036D0B5F5806F33D0B5F5807F17D1204B79
:106980001B88A3421CD14FF6FF718A450FD02046C9
:1069900019F0A3F8284609F0E1FB50B91948FFF7B0
:1069A0007BFF0023184A1380184A3B801370BDE810
:1069B000F0870220002109F03BF90028EED1F0E732
:1069C000114D2B88A342F2D14FF6FF718A45EED0CC
:1069D00024B1204619F081F800232B800023E3E73F
:1069E00000230A4A3B80137031464B4622464046FC
:1069F000BDE8F04717F027B9464500209044002035
:106A00004C450020B44F00204A4500200848002093
:106A100010B509F007F8FF28044601D1172010BD72
:106A200009F090F8C107F9D5204609F08BF88207E4
:106A300000F00203F2D40449184631F8142042F061
:106A4000100221F81420EAE79044002010B508F065
:106A5000E9FFFF28044601D1172010BD09F072F8A4
:106A6000C107F9D5204609F06DF8820700F002034E
:106A7000F2D40449184631F8142022F0100221F80B
:106A80001420EAE79044002010B504460C48FFF7B4
:106A900003FF01214FF4807009F032FB78B100222E
:106AA000084B1C80084B1A700BF0D0FFBDE810405B
:106AB000064B1880064B02481988FAF77FBE10BDB6
:106AC000B44F00204C4500201C48002048450020C1
:106AD00074510020044A137818B943F0010313706D
:106AE000704743F00303FAE71C4800202DE9F04FFC
:106AF000DFF84C9187B099F80060002E40F08C8050
:106B0000DFF840B1DFF840A19BF80030F4B2A342B7
:106B100007D80022424B1A8007B0BDE8F04FFDF7BE
:106B2000D9BA20463AF8145008F0DAFF8046002817
:106B300060D0204608F0F4FE15F40071074645D0F9
:106B400001464FF6FF720E2017F08CFC0546002818
:106B500050D0394618F0C1FF4FF400730027304E73
:106B6000204633803AF8142022EA03032AF814302E
:106B700010220023009709F003F82A4B1B88DB073B
:106B800007D5294B294A43F82470135D63F00F039E
:106B90001355182000216043254B264C009301918A
:106BA00001232A46205CF9F71FFD002814BF0123AA
:106BB000002389F8003005D13388B3F5807F01D1F7
:106BC0001D4B1880404607B0BDE8F08F680513D50F
:106BD000059117F0C4FB0122059903460092072096
:106BE0003A46CDE90111FDF797FB4FF48063054666
:106BF000002DB3D1013687E7104B18880028F9D053
:106C0000EA05F7D5394618F068FF0C4B1D880A4B8A
:106C10001D804FF48073EBE74FF00008D2E700BF10
:106C20004645002044450020B02A0020E9460020C7
:106C300031690208F01000204A4500204C45002030
:106C400008480020D051002090440020042230B594
:106C500001F0400387B0002B054614BF0124002437
:106C60008DF80C208DF80D1004D004A918F0A3FBAA
:106C700038B304ABCDE9004301210223284603AA1F
:106C800019F05BF80446F0B1104B1B78033B012B65
:106C900004D80F4BB3F8E41018F01FFF4FF6F7734A
:106CA0009D4209D9322202212046FDF773F980F076
:106CB0000100C0B207B030BD2946204617F0AFFA38
:106CC000F5E70120F6E71920F4E700BFAC47002004
:106CD0009036002010B1034B1B880380024B1878BC
:106CE000704700BF985100201D48002010B5FFF7E5
:106CF00055FC04F0FFFF17F08DF8002018F052FB50
:106D00000BF0D8FB08B116F096FF204C2378532BDC
:106D100012D1032323700023FF2219460120FDF71F
:106D20008FFE0020F8F7E0FF10B1002016F0ABF95D
:106D3000BDE810400CF094BA062B01D0212BF0D105
:106D4000012017F0E8F84FF6FE7016F027FD4FF619
:106D5000FF7016F040FD0020FDF758FD0020FDF704
:106D600099FDFDF7D5FC00F07DFB0DF02BFE23789F
:106D7000212B02D1FDF79CFAD3E70020FAF708FF98
:106D800000214FF4004018F0AAF8CAE7AB470020F2
:106D900010B50A4C0A48FAF7ADFD2378062B02D14C
:106DA000012017F0B8F82378062B01D0532B03D11C
:106DB000BDE81040FFF79ABF10BD00BFAB470020F1
:106DC000D44F00202DE9F84FDFF8CC8004460E4662
:106DD0001746FFF7E3FB98F8005015B90220BDE80D
:106DE000F88F212DFAD0DFF8B49099F80030012BFC
:106DF00001D1A306F2D4274816F0B4FB0028EDD148
:106E000014F0200439463046DFF894B0DFF894A03F
:106E100005F00F051BD011F080FE012D8BF80070DE
:106E2000AAF8006033D1212388F80030FFF75EFF15
:106E30000020D4E7212388F80030FFF757FF002116
:106E40004FF6FE70FDF7AEFEFEF756FAF0E711F0D2
:106E500063FE012D8BF80070AAF80060EAD00623CB
:106E600021464FF6FD7088F80030FFF7EFFE40F640
:106E7000020240F2262199F800300648033B012B1C
:106E800088BF1146FAF79AFC002CD1D1D7E75323DB
:106E9000E6E700BFD44F0020AB470020AC470020FE
:106EA0001D480020985100202DE9FF410F46511C3C
:106EB000C9B205463846FAF73FFC0446384618F092
:106EC000D5FE0646023012F0EBFA424B80461B78A4
:106ED00004F04002022B02D0043B012B06D83E4BAB
:106EE0001B68580205D5A10603D452B304B0BDE80F
:106EF000F08132B3394A1278D11E012917D8384BA4
:106F0000B3F8E430AB42F1D17378180714D53046AA
:106F100018F06DFFFBF736FB0028E7D00122294669
:106F200004F0200004B0BDE8F041FFF74BBF022A97
:106F3000DCD1DF01DAD4E7E716F024FC4045D5D1F7
:106F4000ECE7264B1B78013B012BCFD87378D90691
:106F5000CCD502A9384618F057FF002002A908F046
:106F600031FDFF2806460BD0A20601D417F07AF8AF
:106F7000304608F0D5FC04F0DFFE304618F0E1FAA8
:106F8000284616F083FEFF280DD0FCF7A3F914F075
:106F9000200608D116F0F6FB28B133460222284617
:106FA00002A905F0FDFF16F0EDFB00289ED1A30617
:106FB0009CD402A94FF6FF730222284611F030FB41
:106FC0004FF6FF72034600922846022202A911F0F2
:106FD000F4FD8BE7AB470020882C0020AC47002055
:106FE0009036002038B504460D4608F01BFDFF28FA
:106FF000034615D00B4A127842B10B4A32F81020E2
:10700000520403D518F09DFA002038BD184617F039
:1070100029F8204645F04001BDE83840FFF716BE8C
:107020000120F2E7A74700209044002038B50C4B20
:1070300004461B780D46022B01D0022038BD16F005
:10704000A1FBA042F9D029462046FFF7CBFF00283C
:10705000F4D0204645F04001BDE83840FFF7F6BDCA
:10706000AB47002038B5054618F000FE0446284618
:1070700018F087FE411CC9B22846FAF75DFB4206AC
:107080000DD563781B070FD5204618F0B0FE0146DA
:10709000002008F097FCBDE8384018F052BA0348C9
:1070A000BDE83840FFF774BE38BD00BFD44F0020A4
:1070B00038B54FF6FF75A842044617D016F07FFB8F
:1070C000A04213D04FF6FD72094B198891420DD999
:1070D000084A1288AA4201D0A24207D11C804FF46C
:1070E0007A71BDE838400448FAF768BB38BD00BF84
:1070F0007C5100209A510020142C002008B504482F
:10710000FAF7F8FB4FF6FF72024B1A8008BD00BF7A
:10711000142C00207C510020024A13780BB1013B53
:10712000137070479A47002008B516F054FB0021F1
:107130004FF6FF72054B08461A80FDF7D1FBBDE8FC
:10714000084040F6164011F02EBD00BF7C510020D3
:1071500008B5FAF7CFFB0A4B1B78023B032B08D884
:107160004FF6FE73074A108898424FF6FF7301D11D
:10717000138008BD9842FCD0BDE80840FFF7D4BF9B
:10718000AB4700207C51002010B5084B1B78042B26
:107190000AD016F0F7FA00210446084616F07DFFE3
:1071A000231A5842584110BD0020FCE7AC4700208C
:1071B000F0B5002689B00546CDE90566ADF81C603E
:1071C00018F0DFFD0A23024604462946009605A86A
:1071D000FAF776FA9DF815309DF814701F2B27D812
:1071E00003A816F0C6FE08220DF1160103A819F037
:1071F000F4FA0646E0B9092F1CD1FFF7C5FFB8B174
:10720000154B1B78A3B1154B1A884FF6FD739A42A4
:107210000ED9134C134A23780433DBB2237012784F
:10722000013AB3EB820F03DD58B211F0BFFB2670B9
:1072300009B0F0BD04F10A01C9B22846FAF77CFA98
:1072400016F059FF04F10B01C9B2284616F0C2F836
:10725000FFF72EFFECE700BFD15100207C5100204A
:107260009A470020B451002038B5134B1B78033BDC
:10727000012B20D9114B4FF6FF711B78ABB1104D8C
:107280002B888B4217D116F09AFA4EF660210446ED
:107290000C48FAF793FA4FF6FE7322462B80002132
:1072A000BDE83840092016F034BF074A13888B42E6
:1072B0001CBF0133138038BDAC470020D1510020E2
:1072C0007C510020142C0020D244002010B504462C
:1072D00061B1FF2118F06BFC0021204618F06DFC15
:1072E00015F055FE0146204618F06DFC2146BDE81C
:1072F00010400022014815F01BBF00BF5045002080
:107300002DE9F0410D461746044618F0AFFC06780B
:107310002846FAF7B5FD29468046204618F0DDFBE1
:1073200016F030FAA84206D120460121FFF7CEFF21
:107330000120BDE8F0812846B8F1000F0AD0FAF725
:107340002DFE50B9144B3A462046BDE8F04119785D
:10735000FCF720BE18F054F8F3E706F00306012E00
:1073600008D016F00FFA00232246294602F050FFFB
:107370000028D9D1204618F06CFB430505D52046DE
:10738000BDE8F041002116F0CFBB204617F0FBFF0F
:10739000B0FA80F04009CCE7B251002010B586B0B9
:1073A000044618F0EEFC104B02461868197902905A
:1073B000D3F805005B7A01328DF8143000238DF884
:1073C0000C1004902146009304A80523D2B2FAF7CA
:1073D00077F9052204A902A819F0FFF9B0FA80F0A4
:1073E000400906B010BD00BFC566040808B50748CF
:1073F000FAF780FA064B1B78033B012B05D8BDE852
:10740000084000210846F9F7C5B808BDF44F002030
:10741000AC47002008B5114816F083F8104B1B78D4
:10742000012B06D8FF2009F04BFDFCF763FC08F0A8
:10743000EBFDFBF7B3FF02F09DF9FFF7C7F818F07B
:10744000B8FE0CF033FBFCF723FE0BF07FFBF4F7E8
:1074500069FABDE8084003F0C9B900BFD43700207D
:10746000B351002008B5E9F721FCFF2803D0094BF0
:107470001B78012B06D9002009F022FDFCF73AFC0D
:1074800008F0C2FDFBF78AFF02F074F9BDE808407E
:1074900003F0ACB9B3510020064B1878112806D080
:1074A00000F0FD00A0F1410358425841704701200F
:1074B000704700BFAB4700202DE9F0410446FCF7C0
:1074C000C1FB18B100263046BDE8F0811D4B1B788A
:1074D000033B012B09D81C4BB3F8E4104FF6FF73A4
:1074E0009942EFD0204618F0F8FA184B02212046B6
:1074F0001A88FCF74FFD06460028E3D0204618F016
:10750000B5FB90F807800546043011F0C9FF074627
:1075100016F038F9414602463846FCF7ABFBA81C8A
:1075200011F0BEFF4FF6FF73984202D12046FFF7DD
:10753000ABFA2B789B07C6D101212046FFF7C6FE88
:10754000C1E700BFAC470020903600204E45002028
:107550002DE9F04F002585B00746039518F086FB0E
:107560000646043011F09CFF8046B01C11F098FFD5
:10757000337804464046009308F054FA8246404669
:10758000FAF77EFC3378BAF1FF0F0CBF83464FF059
:10759000010B9A070AD116F0F5F8404514BFD946F9
:1075A0004FF00109B3791BB90320B8E0A946F9E708
:1075B00016F0E8F8A04205D116F0E4F80446994B1D
:1075C0001B7836E0984B1B78052BF8D0033B012B3A
:1075D00003D8964BB3F8E440F1E7204617F026FFB6
:1075E000737840B313F00402DFF838820BD198F8B7
:1075F00000301A4421463846D2B2FFF781FE0028F7
:10760000D2D000208BE0384618F07DFB01460546BD
:107610003846FAF791F8421C52002946384602F0E3
:10762000FE0216F0BCFD737823F00403737098F823
:1076300000300022DDE75B0726D5384618F063FBF3
:10764000014606463846FAF777F8824606F1010900
:107650005FFA89F949463846FAF76EF8DFF8C481CF
:10766000BAF1000F01D0FF2805D100224946384663
:10767000FAF776F8DBE7B11C01EB4001C9B23846F6
:1076800015F0A8FE0446D2E7204603AA02A918F086
:1076900060F80546B9F1000F49D0009B03F0C00324
:1076A000802B0ED1FF2320468DF809300CF016FAFE
:1076B000FF281BD00DF109020DF10A010CF00CFCA2
:1076C00014E0402B33D19DF8083083B3FF232046CC
:1076D0008DF809300CF002FAFF2807D00DF10902ED
:1076E0000DF10A010CF0F8FB2D281BD13378404630
:1076F00003F03F03337017F099FE10B916F042F80B
:10770000804642460021204608F09EFF00283FF4B4
:107710004BAFC822072138460BF050FA012005B0C4
:10772000BDE8F08F9DF80930FF2BDFD12546039887
:1077300038B99DF80820002A62D13A4B2C461B78B4
:1077400057E709F081FB039AFF280346127908D115
:10775000CDE9002040F2BF113548E4F7E1FCDDE956
:107760000023B9F1000FE4D002F03002102A0AD051
:10777000202ADED1BBF1000F24D05146184609F073
:1077800093FD0028D5D1DFF8AC9099F80030012B9B
:1077900045D0204611F00BFE28B92A462146404626
:1077A000F37917F059FFA54212D1039A137923F008
:1077B0000C0313719DF80830ABB92C46194B1B789C
:1077C000302216E7039B1B7913F00C0FDBD1B0E7D7
:1077D00099F80030022BE8D0039A137923F00C03B8
:1077E00043F00403E5E70121204616F0C9FA20B969
:1077F00020460CF073F9FF280FD00A4B1B78DFE707
:107800000121204616F0BCFA00287FF4D8AE2046AD
:107810000CF064F9FF287FF4D2AE02207FE7A54286
:10782000D9E700BF4E450020AC470020903600202D
:10783000D06704082148002010F0FD0303BF024A6E
:107840001070184621207047F951002038B50D4BB3
:1078500004461B780D46033B012B0FD900F10803AA
:107860009BB2012B0CD815F08DFF2946024620460D
:1078700008F0EAFE80F00100C0B238BD0120FCE74C
:107880000220FAE7AC4700202DE9F04106461046F9
:107890000D4618F076FAA0F11004E7B256FA84F417
:1078A0002146EA1B04F10E0018F0A7FF2823DFF899
:1078B0004480F35598F80030637301F06DFF611C4C
:1078C0000246012011F0F2FD08220949601D18F05E
:1078D00094FF98F8000017F0C3FB05F10E01304645
:1078E0003B460022C9B202F003F81220BDE8F08145
:1078F000F7470020A64700202DE9F04F89B0044645
:1079000018F0B4F90546204618F013F90746281D6B
:1079100011F0C6FD8146A81C11F0C2FD8246384612
:1079200095F807B017F082FD2B780390990769D17D
:107930002146042002F0EAF8002863D0204618F01F
:1079400020FA01462046F9F7F7FE82075AD1204671
:1079500018F017FA01462046F9F7EEFE10F003037F
:1079600004934FD12046FFF719FD00284AD0204646
:1079700018F0D9FA00F1010806462046F9F7D4FCC0
:107980005FFA88F808F10A03834280F2A180524A24
:1079900006AB1068516803C3B11CC9B22046F9F7A1
:1079A000CBFE414605902046F9F7C6FE059B06F141
:1079B0000B0100EB03201FFA80F8C9B22046F9F74B
:1079C000BBFE049BF21C2146D2B20590009306A890
:1079D0000823F9F775FE204618F0ABF84146059AE2
:1079E0000DF000F80122404606A901F0A7FB00288F
:1079F0006ED102200BF0BAFF013003D1404606A938
:107A0000E9F772F915F0BEFE48453A46594608D1E5
:107A100016F0E4F900285BD109B0BDE8F04F01F0A1
:107A200083BB484616F0DAF9002851D12B4B1B785E
:107A30001BB93946484616F0CCFB3A4659464846EB
:107A4000FCF718F9002843D0297811F0030102D17E
:107A50002046FFF73BFCAB79002B39D0204B1B783D
:107A6000033B012B34D96B78DB070DD550462E7ABA
:107A700017F09DFB08B3F30803F01C0326F01F0664
:107A8000334343F001032B724FF6FF71204618F089
:107A900024F8039BD3B911F030F800F03F02022123
:107AA0002046FCF777FA4FF6FF739A4510D120462F
:107AB00009B0BDE8F04FFEF7E7BF06F01C031C2B32
:107AC000E2D0042B04D9043E2E72DDE70022E6E763
:107AD00009B0BDE8F08F00BF0C640408A247002085
:107AE000AC47002038B5144D2B78023B012B20D831
:107AF000124B1B78033B012B01D9022038BD0CF03F
:107B0000D5FA04460028F8D1FEF742FC2B78032B67
:107B100007D12346FF2221460120FCF791FF0120D7
:107B2000ECE721462046F8F735FD003818BF012064
:107B3000E4E71720E2E700BFAB470020AC47002096
:107B40002DE9F04385B004460E46174617F08BFF2B
:107B50000C2820467FD118F089F809220021F8F777
:107B60007BFC00F110010546C9B22046F9F7E4FD9F
:107B7000042857D006D8012815D0022822D005B0F5
:107B8000BDE8F0837C28FAD12046F9F7CDFB054605
:107B90002046F9F7ADFB02463046E9B205B0BDE834
:107BA000F04310F0C2BF46B91321204615F012FC75
:107BB00005B0BDE8F04315F00EBE05B0BDE8F043DA
:107BC000FCF7A0BD9F4B1B78013B012BD7D805F1DB
:107BD00013012046C9B2F9F7AFFD074696B988B937
:107BE00005F111012046C9B215F0F4FB0546214606
:107BF00017F0E5F93A462946102005B0BDE8F043F4
:107C000010F044BF0025082321460DEB0300152288
:107C10000095F9F755FD284602A907F0D3FE17F0A5
:107C200090FCACE7884B1B78022BA8D146B9FEF735
:107C3000C5FCC2070AD5FEF757FC002F08BF3F2638
:107C4000304605B0BDE8F04310F07BBFFEF79CFC6A
:107C50000028F0D0F1E718F009F88046043011F060
:107C60001FFC074608F1020011F01AFC4FF6F773EB
:107C7000984205460CD8754A138801339BB213808D
:107C80000BB9734A13801EB1714A138801331380F4
:107C900098F8009009F00309B9F1010F40F08380D2
:107CA000204618F06EF801462046F9F745FD0438E5
:107CB00009283FF664AF01A353F820F0E57C0208E1
:107CC0007F7B02087F7B0208097D02087F7B020818
:107CD0007F7B02087F7B0208F17C02087F7B020821
:107CE000F17C0208204605B0BDE8F043FFF7BAB9C1
:107CF000544B1B78042B7FF442AF0021084605B09B
:107D0000BDE8F043F8F746BC4E4B1B78013B012B16
:107D10003FF635AF404618F06AF800274D4B014654
:107D20005B898DF80A70ADF8083000283FF427AF62
:107D3000384607F047FE0546204618F022F8421C58
:107D4000032321460097D2B202A8F9F7B9FC9DF8A7
:107D50000A30E6B93C4A1278022A18D1BBB9FF2D85
:107D6000BDF808400AD03C4A214632F81530284672
:107D700023F4806322F8153017F0C3FB204617F078
:107D8000C9FC00222146102010F080FEF7E6022BED
:107D90003FF4F5AE2BB9304B33F815305B053FF5AA
:107DA000EEAE28463BE7B9F1000F7FF4E8AE31466E
:107DB000204604F0ABF8002E3FF4E1AE4FF6F77327
:107DC0009D423FF6DCAE98F80160284616F00406A6
:107DD00020D117F0ECFC044628467CB117F010FBCC
:107DE0000346F0B90C2200902946384616F04FFBA6
:107DF0000C22002339462846009308E017F000FBC8
:107E00000346B8B9154A009012782946384616F04C
:107E10003EFBB4E617F0F4FA034678B90B22009063
:107E2000F3E70622334629463846009616F02FFB24
:107E30000622DEE7234600940622E6E74B46CDF80D
:107E40000090F9E7AC470020AB470020DC4400205D
:107E5000DA440020C566040890440020F95100204F
:107E60002DE9F04F05888BB00446284617F0FEFE3A
:107E70008046043011F014FB074608F1020011F0AF
:107E80000FFB05A90190284617F0BEFF284617F002
:107E900078FF014606462846F9F74EFC98F8003070
:107EA000029003F00303012B0CBF82464FF0FF0A40
:107EB0000FF0FDFFB4F806B0814615F063FC98F8AA
:107EC000073000903846039301F066F8002838D157
:107ED000019801F061F8002849D1FCF79DF9A9EB60
:107EE0000B0B1FFA8BFB8146F9F746FF002844D1A4
:107EF000FFF7D2FA002840D1A14B1B78033B012B9E
:107F000042D8BAF1060F00F0BE80BAF1040F00F0BB
:107F1000BA80FFF7C1FA20B1029B03F00303012BE3
:107F200032D0F9F789FE28B9964B1B7803F00F037E
:107F3000062B6FD1944B2846B3F8E41017F0CDFD13
:107F400022E0284617F092FE023011F0A9FA4FF60F
:107F5000F773984206D9039B23B92846FFF71EFA08
:107F60000028B5D1A37823F00F03A37054E0019843
:107F700017F05CFA0028B0D1F4E7A9F104095FFA20
:107F800089F9B9F1020FB7D8BAF1010F40F0A28018
:107F9000284617F08CFD4FF6FF7398426AD10023F4
:107FA0003146284607AA17F018FB80460028D9D08A
:107FB00042799DF82530934209D9711D2846C9B2EE
:107FC000F9F7CEFBA37823F00F030233A37010F070
:107FD00094FD7E23B0FBF3F202FB130303F58073E1
:107FE000A3809DF8263013F0180F0BD0A378190743
:107FF00008D1009BBB4205D0384698F8052005A95A
:1080000010F0A7FD9DF82700003818BF01200BB025
:10801000BDE8F08F2823A3800020F8E7584B1B7899
:10802000033B012B5FD940F6B8339B459AD810F03B
:1080300064FDFF238DF81330002300F03F00C0F5EE
:10804000FA70A08007A90DF113008DF81C30FBF722
:1080500083FE054698F80710384615F0B3FE002D4C
:1080600080D09DF81C20013A032A7BD8DFE802F07B
:10807000807A697D4FF6F773019A9A4224D898F86E
:108080000130DA0720D4284617F011FD15F006FB61
:10809000012808BF3D4BA27809BF1B78FA2303EBE8
:1080A000830303EB830302BF9B00FA339BB21209E5
:1080B0007FF458AF5B45FFF455AF10F01EFD00F0A4
:1080C0001F001030A08053E02D4B1B78033B012B89
:1080D000A9D8D8E74FF6F773019A9A429ED898F834
:1080E0000130DB079AD4BAF1020F53D10123314694
:1080F00007AA284617F071FA074615F043FBBDF8AA
:108100002230984236D1002F3FF42CAF01227B88D9
:108110003146284608F01CFC1D4A13780133DBB2B7
:1081200088F8073013707B88BDF81E209A421FBF65
:10813000A37823F00F030233A3704FF4C873A38016
:1081400016E0009BBB4213D000283FF40BAF4268FF
:1081500001323FF407AFC2789DF813309A42BFF462
:1081600001AF05E0009BBB4202D0A2781209EBD11F
:1081700001204CE7184617F059F90028C3D182E7CF
:10818000AC470020AB47002090360020C8510020AB
:10819000A9470020BAF1030F7FF475AF009BBB42E3
:1081A0007FF471AF711C2846C9B2F9F7C5FA0C28E3
:1081B0007FF469AFFBF774FB4FF6FF7398420146FB
:1081C0003FF461AF284617F088FC5CE72DE9F341E6
:1081D0000446008817F04AFD0546043011F060F9A6
:1081E0000646A81C11F05CF907460FF060FE054634
:1081F0003046B4F8068000F0CFFE064648B938464F
:1082000000F0CAFE58B9194AA3781278033A012A35
:108210000BD8A378002623F00F03A37021E0384683
:1082200017F004F90028EED1F3E71B09F1D1A5EB13
:108230000805ADB2B5F5C86FEBD80DF103013846AE
:1082400001AA019317F085FA9DF80350014645B93C
:108250004FF6FF73984204D00126208817F03DFCAA
:10826000A580304602B0BDE8F08100BFAC470020D9
:108270002DE9F04105460C4617F0F5FB082802D120
:108280000120BDE8F081201D11F00AF906462846BC
:1082900094F8078017F04DFC0746284617F0D9FBE5
:1082A000010612D5184B1B78042B0ED1174B1B78E7
:1082B000022B0AD1164BB3F8E4204FF6FF739A4213
:1082C00003D000210846F8F765F9124B1B78002B04
:1082D000D6D1A01C11F0E4F84FF6F773984202D8FB
:1082E0006378DA070DD523789B070AD13A464146D1
:1082F000304615F073FD80F00100C0B200F00100BF
:10830000BFE70120FAE700BFAC470020AB470020E1
:1083100090360020234800202DE9F04F9BB0044602
:1083200017F0A1FB0546204617F09DFB082851D108
:1083300010220021204615F032FF2046F8F7D8FF22
:1083400005462046F8F7F0FFC1B2284615F003FCB9
:10835000ADF84A408DF8490048B92046F8F7C8FF03
:1083600001460DF14900FAF735FA8DF8480048F258
:108370000103BDF848209A4202D12046F3F734FEAB
:108380009DF84930402B05D12046F3F72DFE1BB058
:10839000BDE8F08F802B17D015A806F045FEBDF87C
:1083A0004A009DF848509DF84960F8F7BDFF044623
:1083B000BDF84A00F8F79CFF31460090E3B228462A
:1083C00015AA10F0E6FBE2E712A80CF039FD002830
:1083D000E2D0DCE7204617F099FBB0F5006F40F0E3
:1083E0000081204617F0A5FB0646042D40F0FC80D6
:1083F000204617F02EFB80F40060C0F3C02000225E
:108400003146400010F042FB924B1A78022A0DD000
:10841000FFF742F850B902F0FD03312B06D0043AC1
:10842000012A03D98C4B1B78002BB0D021460220A7
:1084300001F06CFB04900028A9D02046ADF83E4026
:1084400017F014FC0446BDF83E0017F072FB054619
:10845000201D11F025F8A31C83461846029311F045
:108460001FF810A90746BDF83E0017F0CDFC637851
:108470000590BDF83E0094F80080079317F081FC4A
:108480006378064608F0030828460A93F9F7F8FCD3
:10849000B8F1010F0CBF032302230C936F4B08BFED
:1084A0004FF00B091D80237818BF4FF00A0903F025
:1084B0003C03082B0B907FF46AAFBDF83E00F8F741
:1084C00033FFB0427FF663AFB8F1010F03D02378DA
:1084D00098077FF45CAF624BB3F8E430AB420DD148
:1084E000604A614BB2F9001093F90030002900F0A6
:1084F000A08001EB0313A3EB21131380A6F110035B
:10850000DBB206938DF83D3010224846BDF83E1090
:108510000DF13D0310F0A8F800283FF438AF079B99
:1085200013F00203089300F00981504B1B78002BD5
:108530003FF42DAFBDF83E90484617F022FC0023D3
:1085400082464846CDE915331793ADF8603017F0F1
:10855000F0FA0AF10E01029089B2484617F0E4FBE6
:10856000002870D0002352464946009315A80E23D8
:10857000F9F7A6F801200DF1550110F0A5FF9DF8BF
:108580006130099003939DF85430282B5BD10DF195
:108590005900F9F7F7FF0D90002854D1039816F011
:1085A0005FFD0D9B002867D1314B039A1B78D31ACE
:1085B000190648D404F042FD01283CD10FF07CFCA0
:1085C0002C4E0546346824B104F044FD2C1B844233
:1085D00039D30023FF2219461846FCF731FA3560DB
:1085E00031E04FF6FD7600E74FF6FF70301A18BF06
:1085F000012000223146400010F048FA0C2D0DD128
:108600002146012001F082FA00283FF4C0AE214645
:1086100000201BB0BDE8F04FFDF736B82DB920465D
:108620001BB0BDE8F04FFDF7E1BC042D7FF4AFAE09
:10863000EAE61B0261E704F001FD022803D104F021
:10864000DFFC0028BAD000221920029910F01EFA8F
:108650009DE600BFAB470020234800206C4500206A
:10866000903600203E4500201F480020A7470020EC
:10867000A6470020243800200122102100924846FD
:10868000524616F0F8F90028DDD0BD4B039A1B784E
:10869000934240F0A88002990DF1590212A8F9F70F
:1086A000D7FB012112A8F9F74FFC824648F20301DB
:1086B00012A8F9F755FDBAF1000F03D0082112A84E
:1086C00010F058FE484617F071FB02990DF1590061
:1086D000FBF786F9FE288246B5D0FF280AD102981A
:1086E00015F0D4FAFF28824600F085800DF159017B
:1086F000FAF78CFFA24B039A1B78934200F0A180FB
:1087000050460999FBF752F900283FF440AE504615
:108710000999FBF75DF923789A070FD1484617F0BE
:1087200030FB01464846F9F707F800F0030001283E
:1087300004D102980DF15901E8F7D6FABDF83E00D0
:1087400017F087F9030440F18380204610F0A8FE5B
:1087500040F4007189B2204610F0A4FE00224FF4CC
:108760000041BDF83E0017F065F9DDF810901022C9
:10877000BDF83E100C980DF13D030FF075FF002879
:108780003FF405AE032866D1204610F089FE40F480
:10879000007189B2204610F085FE284616F046FE8C
:1087A000002840F0B780DDF81090B8F1010F40F0DC
:1087B000B7800320BDF83E1001F0A8F9002840F072
:1087C000AF803146BDF83E00F8F7B6FF0F280146EE
:1087D0007FF6DDAD4FF6F7739F423FF6D8AD2846E2
:1087E00015F041FDD3E50120039903F051FD002868
:1087F0007FF451AF27E7237803F00303012B08D15F
:10880000484617F0BEFA01464846F8F795FF082893
:1088100094D05C4B1A785C4B1B789A4209D20DF1CC
:1088200059010298FAF780FE029815F02FFA824655
:1088300060E7A01C10F034FE4FF6F7739842EED9B3
:1088400001E75046FBF73CF900283FF459AF5EE7DB
:108850004FF000098BE7284616F0E8FD0028A4D069
:10886000089B002B58D1B9F1000F53D1B8F1010F7B
:10887000BDF83E009DD03146F8F75EFF8246DFF836
:10888000189199F80030002B55D014F07BFF8742E7
:108890007FF47DADB8F1010F40F08680BAF1070F8B
:1088A0007CD8BAF1050F7FF672AD384B1B78022BDE
:1088B00002D0043B012B03D899F80030002B41D0A3
:1088C0000A9B980640F1BF800B9B002B40F0B780BD
:1088D000284607F0A7F8FF2840F0B1805D457FF4F7
:1088E00056AD059B002B00F0A88010AB46F20402A9
:1088F0000124ADF854200193214602232846009418
:1089000015AA17F01AFA00283FF441AD214615F0D8
:108910000BF93CE5DDF81090284607F073FE44E7BC
:108920003146BDF83E00F8F707FF089B824613B9B1
:10893000B9F1000FA3D0154B1B78022B02D0043BDA
:10894000012BBDD8284600F027FB814600287FF484
:108950001EAD14F017FF854230D10D4B1B78033B41
:10896000012B27D80B4BB3F8E44014F00BFF4B4618
:1089700001460D222046CDF8009015F088FD06E551
:10898000A6470020A5470020C9510020AB47002082
:10899000AC47002090360020A7470020AAF10E0324
:1089A000DBB2012B81D9F2E40AF00303012B7FF43F
:1089B000EEAC7AE7012000F08DFBE8E4284616F0E3
:1089C00035FD58B914F0FBFE4FF6FF73984205D001
:1089D00009F070FD10B92846FAF74CFD284616F04C
:1089E00025FD88B114F0EBFE4FF6FF7398420BD0D3
:1089F00009F060FD40B9B8F1010F02D1BAF1060FDC
:108A000002D0284607F062FB059BA3B91946012254
:108A1000584600F093FB814600287FF4B8AC20460E
:108A200017F0E5F94A460146384600F087FB002872
:108A30003FF446AFABE410A9E9E7059B56E763783E
:108A400023F0200363704FF6FC739F4275D1B94B3E
:108A50001B78033B012B7FF69AACA3790BB1013B4A
:108A6000A3716378590727D50023584615AA12A980
:108A7000159316F06EFE1598F0B108F0E5F98146F1
:108A8000384606F0CFFF159A0146137903F03000FF
:108A9000102806D003F00C0008281CBF23F00C039C
:108AA0001371137903F03303202B05D1FF2903D071
:108AB0000122484608F0C0FB284606F0B3FFFF2815
:108AC0001EBF00229C4B43F82020079B03F00109A6
:108AD0004FF6F7739F4200F20781B9F1000F40F0A3
:108AE000DD802946584615F074FB14F04BFE874292
:108AF00000F00881384616F099FC00284AD0B8F1F9
:108B0000010F30D1BAF1010F20D14A463146BDF8EC
:108B10003E0007F079FF384616F088FC874B1B783B
:108B2000002B6DD1584616F081FC002865D13846DF
:108B300016F07CFC002860D129E44FF6FD739F42BB
:108B40008BD17C4B1B78042B87D120E4384616F060
:108B50006DFC50B3BAF1030F27D13146BDF83E008A
:108B600015F0CDFC13E4384616F060FC384616F0DC
:108B700047FC00283DD0002339465846BDF83E202A
:108B800001F046FBA8B30021BDF83E00FEF79EFBB6
:108B9000FFF7FDBB384616F049FC18B1B8F1010FDC
:108BA000D8D0E3E7B8F1010FE0D1644B1B78002B7C
:108BB000B8D0BAF1050F23D114F0E4FD8DF85400BC
:108BC00014F0E0FD000A8DF855000123022215A9DA
:108BD0000DF13E00F8F7E2FC00287FF4D8AB711CE1
:108BE000BDF83E00C9B2F8F795FD03780133037074
:108BF00006E0524B1B78002B94D0B8F1010FD8D06F
:108C000063785A070CD5BDF83E40204617F07BF834
:108C1000411CC9B22046F8F77DFD0378013B037083
:108C2000444B1B78033B012B30D8B8F1010F06D120
:108C3000BAF1050F1FD114F0A5FD834522D1BDF86F
:108C40003E00FEF785FC02281CD10021584615AADB
:108C500008F046FA30B10379458003F03C0343F055
:108C6000400303710023364A009339465846127870
:108C700015F00DFC06E0BDF83E00FEF769FCBAF108
:108C8000030FE0D1002239461C20DFE4BDF83E008E
:108C9000FEF75EFCB8F1010FD5D1F0E7B8F1010F96
:108CA00040F0B0800AF1FF330C2B00F29F8001A24C
:108CB00052F823F00F8D02080F8D02085B8B02081B
:108CC000258D0208458D0208698D02088B8D0208EA
:108CD0009B8D0208B18D0208B18D0208BD8D02087E
:108CE000D58D0208E18D0208B8F1010F00F09180E6
:108CF000B9F1000F40F08680BDF83E00FEF7FCFDA4
:108D0000FFF745BBB8F1010F7FF43DAFCAE7AAF109
:108D100002035A423146BDF83E005A4107F074FE44
:108D2000FFF735BB32465846BDF83E10FEF7BCF89B
:108D3000FFF72DBBAC470020B02A0020CF51002008
:108D4000F9510020711CBDF83E00C9B2F8F7F4FCDF
:108D50000236F6B20246BDF83E305846009610A9DB
:108D60000BF00CF8FFF713BB3B4B1B78013B012BBF
:108D70003FF60DAB069B0121009300202346BDF872
:108D80003E2015F09BF8FFF702BB0120069ABDF8C4
:108D90003E10FCF75BFBFFF7FABABDF83E0006F0A9
:108DA00099FFFFF7F4BABDF83E00FEF701FAA3E71A
:108DB000BDF83E00FEF7FCF9FFF7E9BA264B1B7839
:108DC000013B012B3FF6E3AABDF83E00FDF7DAFCBC
:108DD000FFF7DDBABDF83E00FDF724FDFFF7D7BA77
:108DE000BDF83E000AF0C2F9FFF7D1BA3346224679
:108DF0005046BDF83E1010F0CEFA00287FF4C7AA06
:108E00005146ECE4237A03F00303012B7FF4BFAA5D
:108E100072E70AF1FF330C2B3FF6B9AA01A252F810
:108E200023F000BF0F8D02080F8D02085B8B020834
:108E3000258D0208458D0208698D02088B8D020878
:108E40009B8D0208A78D0208A78D0208BD8D020820
:108E5000D58D0208E18D0208AC47002010B5002135
:108E6000114814F0D1F90446E8B116F08BFE0F4B0F
:108E70001870204616F08BFE0D4B1870204616F029
:108E80008CFE0C4B1870204616F08CFE0A4B1860B6
:108E900001200FF027F82046FFF73EFABDE810400A
:108EA00000200FF01FB810BD2045002020480020F2
:108EB0001F4800201E4800201C380020014B18606D
:108EC000704700BF2038002070B5164E0446336846
:108ED0000D46E3B116F0C7FD0C2818D1204616F058
:108EE000C5FE092200210446F7F7B6FA235C042BDD
:108EF0000DD10D4B1B78033B012B08D80B4C25B132
:108F00000B4B22781B789A4203D300232370002056
:108F100070BD08483168F8F751FC2378012001330F
:108F20002370F5E720380020AC47002022480020BD
:108F3000F8510020F44F002070B50024124D2C7021
:108F4000E7F750FDE6B2B04212D8104B1B78013B58
:108F5000012B04D800214FF6FF70FBF723FE0022FF
:108F60000B4B1A700B4B198801B11A80012070BD90
:108F7000304606F0E7FDC30748BF2B7804F1010433
:108F800044BF01332B70DBE7A4470020AC4700202F
:108F90009B470020D644002038B50B4B05461B7874
:108FA00073B101335C08094B1888F8F7A1F9002365
:108FB00030F81320AA4205D00133DAB2A242F7D327
:108FC000002038BD0120FCE79B470020D64400204C
:108FD00030B5054685B008460C4616F0E8F9FF287E
:108FE0000CD015F0BCF9012200210346CDE9011295
:108FF000009221462A460720FBF78EF9284606F004
:1090000011FDFF2804460FD006F09CFDC2070DD5C8
:10901000204606F097FD830708D40B4A32F8143037
:1090200043F4806322F8143005B030BD15F097F991
:10903000012200210346CDE90112009207202A46B1
:10904000FBF76AF9F0E700BF904400204FF6FA7290
:10905000431E9BB2934270B504462AD8FFF79CFF8B
:1090600038BB194B1B78042B23D0204614F00EFE7E
:10907000FF2801D0FAF72EF9204616F043FB08B17D
:1090800007F0F8FE2046114E04F058FA20460FF083
:109090005EFD31780E4D69B12888F8F729F905464B
:1090A00001461E22023017F0A8FB2C8033781E2BBD
:1090B00007D970BD2020F8F7E1F928800028EBD10E
:1090C000F7E702333370F4E7AC4700209B470020FA
:1090D000D644002037B5134B05461B78022B1FD111
:1090E00014F050FB044614F04DFBFFF7AFFF15F0F2
:1090F00036F914F053FB002014F00DFF40F6074042
:109100000FF051FD3DB100230D2221464FF6FD70B9
:10911000009315F0BCF903B0BDE8304004F04ABF3D
:1091200003B030BDAC470020034B1B7813B90120BE
:10913000FFF7D0BF704700BFA2470020F7B5044635
:109140000D46174614F01EFB0646002D47D04FF67D
:10915000FB739C4243D82046FFF71EFF30B1A64266
:1091600004D1204B1B78033B012B38D92046FFF755
:1091700013FF10B1012003B0F0BD2046F2F778FCD8
:10918000C0B1A642F6D00CB369462046F9F764F99F
:109190000246D8B90821684614F037FAB0B9082257
:1091A0006946284617F019FB80B12946204615F07C
:1091B00006F9DFE7A642E6D12846F9F7E3F928B930
:1091C0000120FFF787FF06F011FFD3E73FB12146EB
:1091D0002846FAF739FA2146284604F0CBF9002050
:1091E000C9E700BFAC470020044A13782BB1013B0C
:1091F000DBB213700BB9024A138070479B47002003
:10920000D64400200148F7F799BE00BFD64400209D
:109210002DE9F047804617460D468CB061B903AE84
:1092200000211B4813F07EFF4FF000090446DFF8D1
:1092300060A01CB920461DE00E46F1E70022214641
:1092400030462423CDF80090F8F73AFA0822414638
:10925000304617F0C2FAA8B9337C9BB96FB945B94B
:109260002A4621460A4813F0EEFF0A4A1388013BBA
:10927000138001200CB0BDE8F0873B88B2895340D1
:109280005B06ECD52146504613F0A2FF0446D0E71A
:109290005445002052450020024B1888003818BF62
:1092A000012070475245002070B500252C460D4B1B
:1092B0008EB01E88EBB2B34201D30EB070BD09A8C8
:1092C000E7F7E6FF204605AB01AA09A90FF0FEFF6C
:1092D00028B932210AA815F0BDFA0135EAE70134B0
:1092E000E4B2FAE75245002040232DE9F04397B05D
:1092F000074611A88946ADF80E30E7F7C9FF0223EB
:109300008DF84430002304AE314638460493736030
:10931000F9F7A2F80546002840F08A80384610F098
:1093200046F8804614F02EFA0446002840F0B0803B
:1093300099F80130042B40F0AE80E7F75FFB02287C
:1093400079D1E7F75BFB022840F0818096E80300C3
:1093500003238DF8443012AB83E803009DF85130AD
:10936000002143F0060310220DA88DF8513017F0AC
:109370005EFA0DA911A80FF01EFEBDF8463009A92E
:1093800043F0040311A8ADF846300FF073FE10222D
:1093900009F10A0109A817F020FA0546002872D140
:1093A000E7F72CFB022806D13146FF200DAA0FF06B
:1093B0002FFE00286AD134240025E7F71FFB02287E
:1093C00008D19DF851301B0704D430460DF10E0131
:1093D00015F017FA2146304615F03CFA10238DF8A7
:1093E000183004238DF81A303346002203CBCDF811
:1093F0001B00CDF81F1006A80B218DF8195013F093
:109400007AFE024638B1002D14BF012303233146F2
:10941000384603F079F8B8F1000F09D0342C07D1A1
:1094200006A832463946F8F713FD06A80FF0A5FF47
:1094300017B0BDE8F083234621463046009411AAB8
:1094400001F06EFE00283FF47CAFAD25C6E7E7F7DC
:10945000D5FA012891D1114B1B6803F08403842BAA
:109460008BD196E8030002238DF844301023ADF829
:10947000463012AB83E803009DF8513043F00203FD
:109480008DF8513079E73324AD2596E7052494E72C
:109490002C46A325A2E7AA25A0E700BF882C002020
:1094A0002DE9F04336488DB0F8F724FA0EF004FDAC
:1094B000344D2B68C41A4FF47A73B4FBF3F4A4B29E
:1094C00014B10EF0F9FC28602F4F4FF6FF763B8861
:1094D000DFF8B880ADF80A3000233B8000210DF1A1
:1094E0000A0013F091FE054658B9284B1B882BB192
:1094F0004FF47A7122487143F8F760F90DB0BDE876
:10950000F0834FF0000924234A462946CDF8009005
:1095100003A8F8F7D5F8BDF81A30A34294BFDB1AB8
:109520001B1B9BB2ADF81A30CBB914F02BF9BDF868
:10953000183003F04003184380B218B9322103A851
:109540000FF02DFBBDF818301B0602D508980FF060
:10955000DEFBB8F80030013BA8F80030BEE79E42C1
:1095600028BF1E4601234A462946009303A8242308
:10957000F8F7A6F84A462946384613F0D9FDADE774
:10958000942B00202838002054450020524500200C
:10959000F0B50446304A8DB01068516801AB03C382
:1095A000A378012B54D1162200210DF11A0017F0D7
:1095B0003EF9D4F82110D4F81D0003AB03C323886F
:1095C000190644BF62680892DA050BD5221D08AE61
:1095D00004F11407354610685168083203C5BA42D1
:1095E0002E46F7D1ADF8183013F0040318BFA36965
:1095F0000593E7F727FA0023ADF81A008DF81C3021
:1096000014F0C0F8E0B906A903A815F0FAF8002292
:10961000242103A813F06FFD0446D8B10020FFF702
:109620003FFF002221460D4813F082FD0C4A002026
:10963000138801331380FFF733FF00200DB0F0BD16
:10964000082201A903A817F0C8F80028DFD0DAE73C
:109650000220F3E71920F1E70C64040854450020C8
:1096600052450020F7B5044600200E46FFF718FFCC
:10967000104B1B88A34202D8212003B0F0BD00216B
:109680000D4813F04FFD002501460B4F0029F3D084
:10969000A54208D100243046242322460094F8F73E
:1096A0000FF82046E9E7384613F092FD01350146F0
:1096B000ECE700BF52450020544500200148F7F771
:1096C0003DBC00BF54450020014B1888704700BFC7
:1096D0005245002030B5154A8DB0516805461068D6
:1096E00001AB03C307A8E7F7D3FDDDE901010323BD
:1096F00008AC84E803008DF81C309DF8293003A9DC
:1097000043F0020307A88DF829300FF054FC10B184
:109710002D200DB030BD23462868696803C303A916
:1097200007A80FF029FC0028F3D0F1E70C64040827
:1097300070B50C4611460E4A23781278064613F08F
:10974000200542EA0302227018BF611D082217F0AB
:1097500054F8002D0CBF05200D20D4F80130B36063
:109760002378337303F01803082B08BF013070BD52
:10977000A7470020042307B51A460DEB030101207B
:10978000F8F732F9019B034A1B03136003B05DF83D
:1097900004FB00BF782C002010B5064C2368C3F3EF
:1097A0000B0313B904200EF0FCFB2068431C23605C
:1097B00010BD00BF782C0020014B1868704700BF17
:1097C000782C002007B50020054B01901860042379
:1097D0001A460DEB0301F8F707F903B05DF804FB37
:1097E000782C00207FB511230622012001A9F8F76B
:1097F000FBF8084B9DF814201A70074B1B780BB12F
:10980000052B05D10FF082FA012007B05DF804FBAB
:109810000020FAE7A6470020A74700202DE9F04FD7
:109820000646CBB08846008801211746F7F7EAFDC7
:109830002E4B3A463188ADF8160006A815F09AF876
:109840000DF1280B5A464146C419308815F01FF80F
:10985000E4B208EB0003A34208BF044605464FF0FC
:1098600004091CBFA4EB0804E4B223465A460121B4
:10987000CDE900090BEB050ACDF808B02D1B06A8B1
:10988000E8F7B0F8EDB20BEB040300930195234623
:109890005A464146308815F028F834883946204623
:1098A000F7F74AFF394600F0F8022046F7F758FF6D
:1098B00001213088F7F7A6FD01234A46514680B1C1
:1098C0000DF11600F7F76AFE01210446BDF81620D7
:1098D0003088F7F7ABFDB4FA84F040094BB0BDE82F
:1098E000F08F3046F7F75AFE0446F4E7F7470020BA
:1098F0002DE9F04FC9B0044688469246C118224A65
:1099000004A81F46FFF714FF4FF00409C519EDB274
:1099100008AB0293A5EB0A0BA8EB0A035FFA8BFBDB
:10992000A8EB0506DBB2F6B204EB0A0200930121B4
:109930005B46CDF8049004A8E8F754F806F5907358
:109940000DEB03025A44A2F58072136808A844F88C
:109950000830E35D324623F00703E3552C442146EB
:1099600016F077FF08ABCDE9019308AA0023012187
:10997000009604A8E8F736F83246204608A916F003
:1099800068FF49B0BDE8F08FF7470020F8B50646FC
:1099900016F0C9FA811C054689B2304616F0C4F9A2
:1099A000E8B129463046F7F7C7FE1228074616D811
:1099B0000C4B691C1C5CC9B23046F7F7BDFE2C4449
:1099C000052FE4B205D1052809D8074B1B5C1C44C0
:1099D000E4B221463046BDE8F84016F0A5B90020B3
:1099E000F8BD00BF0A67040804670408F8B5054617
:1099F00016F0C7F90446284616F038F9A11C0746A8
:109A000089B2284616F090F900283CD02146284615
:109A1000F7F792FE0646611C2846C9B2F7F78CFE9E
:109A20000F2E30D8194B9B5DE118731E89B2092B9C
:109A30000ED8DFE803F009050D0D120D0D181E1EDE
:109A4000C40644BF083189B2820601D5083189B203
:109A50002846BDE8F84016F067B97B78DB0612D5DA
:109A600001EB4001F3E700F01F0000EB4000014470
:109A7000EDE71F2805D8092E0ABF4000022080B25A
:109A8000F5E7C828E4D00020F8BD00BF1D67040832
:109A9000F8B5064616F0EAF8092200210546F6F761
:109AA000DBFC00F1100428460FF0FAFCE4B2074694
:109AB00021463046F7F740FE05463046F7F734FCBE
:109AC000BA05A0EB0403DBB20AD47C2D0AD0082D22
:109AD0000AD8064A505D98428CBF00200120F8BD8C
:109AE0001220F8E70320F6E7FF20F4E72E670408CA
:109AF000014B1878704700BFFA510020024B00F06C
:109B00000100187000207047FA51002038B5114B41
:109B100004461B7808469BB9012038BDA24205F1D6
:109B200001050FD103EBC1035B6898470028F3D10F
:109B30001E2022464FF6FF710EF0A8FF0020ECE732
:109B40000025054BE9B213F83120002AE6D114466E
:109B5000EEE700BFFA510020D4660408002313B5D5
:109B6000ADF80430134B984221D10B88DA0702D5A7
:109B7000232002B010BD9B0744BF4FF47F43ADF8D4
:109B800004300D4B7F221C880DF106000223214674
:109B90000EF009FA4FF6FF73BDF806209A42E7D19E
:109BA0002046022201A90EF007FA0020E1E7212059
:109BB000DFE700BF1FD1BACAD4200408002313B5C1
:109BC0000D4903807F220223044609880DF1060017
:109BD0000EF0E9F99DF80630BDF806201BB1238888
:109BE00043F0010323800020FF2A82BF238843F033
:109BF0000203238002B010BDD420040830B10368F2
:109C0000034A136043680020536070472120704767
:109C1000FB510020034B1B78002B14BF442056201F
:109C20000E307047A74700202DE9F04F8DB0179CEC
:109C300006468946CDE90223BDF85870D588ADF8AF
:109C400016103CB9EC0605D500970EF0CCFF0DB010
:109C5000BDE8F08FC5F380242B054FEA043448BFDC
:109C600044F40064A80511D544F080040A2E00F2E3
:109C70006581DFE816F098002F00170037006301B8
:109C8000630137001000980037009C00E90548BFC9
:109C900044F04004EAE74FF001084FF0020B4FF0A8
:109CA000000A14E008A95FFA89F015F041FADDF81E
:109CB0002500DDF8291006AB03C3A24B33F8193099
:109CC000ADF816304FF00008C3460DF1180A002F0A
:109CD0005CD125E006AA0DF116015FFA89F003F0C8
:109CE0000DFCEFE74FF6F773994540F2278115F425
:109CF000026F40F02381944B1B78022B03D0043B6E
:109D0000012B00F21D813FBB032E4FF001080CBF59
:109D10004FF00C0B4FF0080BBA4624F4C074A4B2F9
:109D20008A4B18884FF6FF73984206D08849F8F797
:109D300093FB10B124F48054A4B2039B38460093E3
:109D4000BDF81620534644F4027108F01FFDADF82B
:109D50002000B0BB19207AE73846F7F7E5FA02464B
:109D6000FFF758FF032E08BF0138824201DD38207B
:109D70006DE7032E4FF001080CBF4FF00C0B4FF0B6
:109D8000080B4FF0000A24F4C074A4B2029B1B8895
:109D900093B91A46394606200EF07AFC0028BFD146
:109DA00040F6014053E74FF00008C34677E74FF015
:109DB00001084FF0030B72E7002339461A460720CB
:109DC000EAE74FF6FF73614A118899421CD015F0FB
:109DD0004DFF03465D4A0430118803930FF062FB88
:109DE0005C49039B097814F4805FD9715849574A3C
:109DF0001FBF086898604868D8604FF6FF731380EB
:109E00004FF0FF330B604B605946029A08A808F0E8
:109E100081FD00289ED0504C2378002B3CD1A7B167
:109E20003846F7F781FA0746BDF82000F7F77CFAC5
:109E300023780744002B14BF12220022EB1003F0FA
:109E4000040317443B44842B91DC15F400570AD0DB
:109E5000BDF82040204615F0FCFD40F4806189B239
:109E6000204615F0E1FDA6F10803012B05D80122DB
:109E70001021BDF8200015F0DDFD179BBDF8204036
:109E800043B32046BDF8161015F027FEBDF820306C
:109E9000179A00201380DAE6AA06C0D56B0103F0FA
:109EA00020030A2E14BF43F0010363F07E03DBB2EC
:109EB000B8F1000F08D000215246009108A800F028
:109EC000B7FE0028ABD0C2E61A46514608A814F0E7
:109ED000D5FEF6E7204615F054FF21460246179BB3
:109EE00004200EF0D5FB00283FF45AAF0A2E18D8F4
:109EF0004FF4D963F340DB0713D5072E0AD00A2E9F
:109F000008D0BDF8200014F074F980F00100C0B250
:109F100080009CE608A80FF04DFA0028F1D004203C
:109F200095E617B125F04005ADB22B463146BDF898
:109F300020005FFA89F201F02BFF88E6012086E617
:109F4000162084E66C3C0020AB4700209C5100208A
:109F5000FB5100202E480020A7470020F7B50F46F0
:109F60009DF828100446DDE90B061D46F1B94FF6B1
:109F7000FF739C421CBF174B1C804FF000041CBF9A
:109F8000154B1A70BDF8240008F05AFD00232A462C
:109F9000CDE90043394606209DF82030FFF744FE06
:109FA00010B90EB1AB7A337003B0F0BD78B14FF693
:109FB000FF739C421FBF074B1C80074B1A70002287
:109FC00013F099F804460028DCD11920ECE7212091
:109FD000EAE700BF9C5100202E4800202DE9F04701
:109FE00088469DF82810074616461D469DF820A075
:109FF000BDF824900B9839B158B3002213F07BF8C8
:10A00000044610B9192025E00C464FF6FF739D4217
:10A010001FBF114B1D80114B83F800A04FF6F77343
:10A020009E4208D80E4B4FF6FD761A784FF6FF7316
:10A03000002A18BF1E46484608F002FD00233A4693
:10A04000CDE9084331464346BDE8F0470320FFF71A
:10A05000EBBD2120BDE8F0879C5100202E48002058
:10A06000E24600202DE9F04786B09DF838600546AD
:10A07000DDE90FA80C4617469946B6BB374B1B784F
:10A08000022B1DD125BB4FF6F7739C4214D8002636
:10A09000484608F0D5FC00233A46CDE90063214646
:10A0A000FF232846FFF7C0FD38B9B8F1000F04D0F0
:10A0B000BB7A88F8003000E0012006B0BDE8F087E8
:10A0C000043B012BDED908460FF071F910B31DB324
:10A0D000022D31D1E6F77AFCA042EDD9204B33F8BE
:10A0E00014204FF6FD739A4219E0BAF1000F32D0F6
:10A0F0001A4B1B78022B05D1FFF78CFDB042E6D23C
:10A100003820DAE7043B012BF6D908460FF04FF967
:10A110000028F1D11620D0E74FF6F7739C42CBD838
:10A12000002EB4D031460022504612F0E4FF06461D
:10A130000028ADD11920C0E7012DBDD104AA0DF131
:10A140000E01E0B203F0DAF9064B1B78A342B3D953
:10A15000BDF80E20C5E72120AFE700BFAB470020C8
:10A160006C3C0020C051002030B5104B87B0054634
:10A170000C461868596803AA03C298680C49106015
:10A180009A88DB8852BA23F04003ADF812300023DE
:10A19000CDE90043ADF81020FF23098803AA07206A
:10A1A000ADF80E50FFF740FD07B030BD6045002010
:10A1B0006C45002038B50C461146124A124D1080ED
:10A1C00022682A6062686A60A268AA60E288500613
:10A1D00016D5EA88520613D561B10022184612F04E
:10A1E0008AFF014650B16088FFF7BEFF0522074B8A
:10A1F0001A7038BD084613F02CF9F2E71920F5E77C
:10A200000220F6E76C450020604500203F48002012
:10A210002DE9F04F074689B0104615461C468A4680
:10A2200015F0AFFD01462846F7F786FA06462846A0
:10A2300015F01CFD04300FF033F9804613F0A2FA3C
:10A24000804550D0B2074ED1DFF8AC80284605A932
:10A25000B8F800B015F073FE9DF81930A8F800703A
:10A2600003BBBDF81430EBB9284615F0FFFC0230F3
:10A270000FF016F94FF6F773984294BF4FF00009AC
:10A280004FF0010901230134E4B22A463846CDF8E3
:10A29000009005A9039303F0FBFE039B40B9013333
:10A2A0009C421ED20020A8F800B009B0BDE8F08F93
:10A2B000022CF8D1012BF6D10C4A0D4BA3F800A0CB
:10A2C0001378591C11700B4A7F3B16F00C01137068
:10A2D00007D1BDF81A305B0603D5BDF81600FFF7AD
:10A2E00043FF0223D1E70020DFE700BFA94700209A
:10A2F0009C5100202E4800206C4500202DE9F04F95
:10A300008BB00F46ADF81E0015F0B0FC00F1020A4C
:10A31000054650460FF0C4F8BDF81E4006462046DC
:10A3200015F02FFD01462046F7F706FA814600F0AA
:10A330000308281D0FF0B4F8B54C208013F022FA62
:10A34000B0422DD04FF6F7739E4229D86B78DA07CA
:10A3500026D4304615F054F830B101233146BDF80B
:10A360001E202088FFF754FF13F00CFAA84B1B881F
:10A3700083420FD1BDF81E40204615F002FD014674
:10A380002046F7F7D9F910F00C0103D1BDF81E00F3
:10A3900001F0BCFD00229F4B1A600BB0BDE8F08FAE
:10A3A0009D49BDF81E0015F0CAFD9C49BDF81E0070
:10A3B00015F02AFD0028994B08BF0023954ABDF8E7
:10A3C0001E00136015F0DEFB954B1870BDF81E00E3
:10A3D00015F0DDFB934B1870BDF81E0015F0E2FB85
:10A3E000914B186000238DF822305FB38A4BDB88D5
:10A3F0009B0627D513F0C6F910B38C4B1B689E073C
:10A400001ED4B8F1010F14BF082318230DF1220246
:10A41000009200220DF11E00114600F009FC88B1E7
:10A42000B8F1010FA0D1824B1B78112B9CD114F0F5
:10A43000B5FD002898D140F61D40F9F7E7FE93E7F7
:10A440000823E3E750460FF02BF84FF6F7739842D6
:10A4500040F2F280B8F1010F00F0FA80B8F1020F7B
:10A4600000F06381B8F1000F7FF47EAF6A4DBDF854
:10A470001E00EB88ADF82400049315F0F7FBBDF83F
:10A4800024600746304615F07CFC01463046F7F75D
:10A4900053F98DF82300B81C7E780FF001F80746B9
:10A4A00013F070F906F00106B4F8009003906C8880
:10A4B000002E7FF459AF4FF6F77A4246494657458A
:10A4C0008CBF062008200EF0E1FABDF824B05846F3
:10A4D00015F057FC59460246434604200EF0C4F8D6
:10A4E000574583460AD8B5F90620EB88002A05DBD4
:10A4F000580603D541462046FFF736FEBBF1000F54
:10A500003FF432AF2B88002B58D16B79002B55D1FB
:10A510004FF6F7730DF126019F42BDF8240094BF5A
:10A520004FF0000B4FF0010B14F061FEDFF8E0A0DC
:10A5300000F1FF38BAF800305FFA88F80593EB882D
:10A540004146BDF826000693F7F7F6F8069B0499F6
:10A550000190009322465B460598C1F34011E7F74E
:10A560008FFC00283FF400AF424606202A4BBDF87E
:10A5700026100EF079F800283FF4F6AE48F20203F8
:10A580006A889A4205D1BDF82410BAF8000000F09C
:10A59000D5FF214D09AA29460DF123000EF012FF27
:10A5A000034600287FF4E0AE2104BAF80000BDF8AD
:10A5B00024207DD52346294614F02EFE9DF8233015
:10A5C000154D03F00C030C2B40F09580288914F0F6
:10A5D000EEFD00283FF4C8AE039B002029894B45BF
:10A5E00014BF0226032602F061FE124B18704FF6CC
:10A5F000F7739F42BDF8240000F29580A4F1380261
:10A60000534253413246044904F0A2FCACE600BF79
:10A610006C4500203038002060450020264800208E
:10A62000204800201F4800201C380020882C0020D3
:10A63000AB4700203E480020B8F1020F75D03E4BDA
:10A64000B3F90630002B26DAB8F1010F7FF40AAF18
:10A6500013F098F8238883423FF486AE0520BDF8B6
:10A660001E10FFF753FA00283FF47EAE324AD3881B
:10A670005B0607D50023CDE900330A20FF2321889C
:10A68000FFF7D2FA3A469DF822302188BDF81E0025
:10A6900002F040F968E6BDF81E00F6F745FEA0F1AD
:10A6A0001001C9B2284600F073F80028CCD05BE650
:10A6B0000221DFF8948088F800102946CDF800B018
:10A6C00003F0E6FC132C3FF479AFEB885D043FF513
:10A6D00075AF1A4B1B78D80704D598F80020022ACA
:10A6E0003FF46CAF99077FF53FAE98F80030012B2F
:10A6F0007FF43AAE62E700222B79114800936B7920
:10A700001146008802F0FAFD0E4B18709DF82330B8
:10A7100003F00C03082B7FF46AAF039B4B4514BF77
:10A720000426052663E701236CE74846BDF81E2092
:10A73000014901F05DFB17E660450020E546002079
:10A740006C4500203E4800202F48002010B5002115
:10A75000084812F059FD044650B101460420FFF7A5
:10A76000D5F928B12046BDE810400121FFF7C6BD4C
:10A7700010BD00BF50450020034BFF211A7803484D
:10A78000920016F054B800BFC151002024210020CF
:10A7900070B5451804464FF0FF31AC4212D1104B52
:10A7A00010481A7805460023934211DB0E4C20789E
:10A7B000431CB3FBF2F602FB163345F8201023705E
:10A7C00000200CE014F8010BE1F71EFA0146E4E763
:10A7D00050F8044BA14201D00133E5E7012070BDE0
:10A7E000C1510020242100203048002007B5042357
:10A7F00001220DEB03011046F7F7F6F8019B034A1F
:10A800001B03136003B05DF804FB00BF2C3800206D
:10A81000014B1868704700BF2C380020014B1868A6
:10A82000704700BF2C38002010B5064C2368C3F3D6
:10A830000B0313B901200DF0B4FB2068431C236007
:10A8400010BD00BF2C3800202DE9F04F93B00393CA
:10A850000023DDE91C79069399F8003083460DA8A2
:10A8600004930E461546E6F713FD99F8003013F0F1
:10A8700003043FD0039B0DF1250A8DF824300022FC
:10A880000821384612F0C1FE002871D0288815F042
:10A89000EDF999F800301C074CBF043002300EF07F
:10A8A000FFFD07A98046F7F701FB9DF82430044619
:10A8B000980634D5288806F10D0115F035FAB0B1A7
:10A8C0000023721D0093384608232988D2B2F6F778
:10A8D000F7FE99F8003003F01803182B4AD1B8F1AD
:10A8E000000F47D0A94BB3F8E430434542D040F6BF
:10A8F0000A4327E02888711D15F016FA0028F6D0C3
:10A90000009405233246298809A8F6F7D9FE9DF858
:10A9100024300DF1240A03F018030393AFE714BBAE
:10A9200039464046F7F798FD0028D2D099F8003014
:10A930009907DCD0402322462146404614F01BFDF7
:10A9400040F6094399F8002012F0030440F0F78024
:10A950002888039315F0EDF8224601461A200EF0E0
:10A9600095F8039BEBE007AB03CB38607960B0E769
:10A970004FF6FF780EF009FD044620B10421384659
:10A98000F7F7BCFA04461E9B002B5AD009231E99E8
:10A990000DA88DF834300EF0EFFA209B0BB1209B00
:10A9A0000693039B002B40F08E800DA8E6F79CFFDA
:10A9B00099F800309A0700F09880FFF735FF51466C
:10A9C000024601200EF072FD99F800309B0710D569
:10A9D0005946288815F089FA0BF1090350FA83F3D8
:10A9E0005FFA83FB5946288815F067FA00EB0B06DF
:10A9F000F6B299F8003013F0C20F0AF104030DD03B
:10AA00009DF82420624942F020028DF824200A6833
:10AA1000CAF804204A685A600AF10C03012209A806
:10AA20001B1A009229883246DBB2F6F749FE3246FD
:10AA300059462846FEF7F2FE002800F0A4800023C5
:10AA40007DE01F9B5BB19E460DF1340CBEE80F000C
:10AA5000ACE80F00DEF80030CCF800309DE7049B36
:10AA6000594603F0200328880493F6F765FE10F09A
:10AA7000030F0CBF012300230593049B059A003BA1
:10AA800018BF012342EA430300930DAA06AB3846E0
:10AA90001F9900F045FB049A034682B1002880D03C
:10AAA000059B0DAA0093384606AB1F9900F038FBB2
:10AAB000034699F8002022F0200289F80020002B9C
:10AAC0003FF46FAF3EE7039B102B06D1BDF8363045
:10AAD00043F00103ADF8363067E7039B182B4FD1E5
:10AAE000BDF8363043F00203F4E701200DF12501F3
:10AAF0000EF0EAFC99F80030824613F0040F288823
:10AB000021D1069B1BB3002C35D015F012F8002282
:10AB1000014616200DF0BAFF84B17FB14FF6FF73E6
:10AB200098450BD000230DA91A4638460EF079FB44
:10AB3000394640469DF835200EF03FFC012318466B
:10AB400013B0BDE8F08F002CDFD1114F01E0002CD5
:10AB5000DBD100233246009359463B4613F08BFF6E
:10AB600000283FF4C4AE002C3FF469AF069A0AF106
:10AB70000103136063E71B685345C6D80124E8E767
:10AB800040F60A43DBE71923D9E700BF90360020DF
:10AB9000F7470020002307B5064A019313600423FA
:10ABA0007F2101200DEB03020DF0F9F903B05DF8F0
:10ABB00004FB00BF2C38002037B505460C46F7F7DC
:10ABC00033F840B3012D03D0032D15D0022011E03E
:10ABD000154B1B68A342F9D8611CF7D0230B0193D6
:10ABE000114B01221C6004230DEB03010020F6F73A
:10ABF000FBFE002003B030BD0C4B1B68A342E5D820
:10AC0000621CE3D0230B0193084B1C6004231A46FB
:10AC10000DEB0301EAE7631CD8D0230B012D019350
:10AC2000DED0032DF0D0D1E72C380020782C002086
:10AC30002DE9F04F0446B1B000888DF82F3016464C
:10AC40008A463A9F15F09DF801468146208815F006
:10AC500034F900EB0908208815F065F900239DF808
:10AC60002F505FFA88F815F0010B0790ADF83630D9
:10AC700008D101460DF13602208815F00FF808B111
:10AC8000ADF836B016B9CDE90E660EAEFEF704FB90
:10AC900018B145F020058DF82F500023CDE903337E
:10ACA00002930DF12F03CDE900632246534641463E
:10ACB0004846FFF7C9FD0546002800F0B8809DF81A
:10ACC0002F3013F0010B46D123F020038DF82F30E5
:10ACD00012F058FD70B1754A10AB106851685D46AE
:10ACE00003C3184600F0EEF90890FEF7EDFCABB296
:10ACF000984239D80FB100233B70BDF83630CBB144
:10AD000001212088F6F77EFB27880546002800F001
:10AD1000BC8001213846F6F775FBBDF83670054654
:10AD20003846F6F701FB002300903A4619462846BC
:10AD300012F03DFB0023CDE9033302930DF12F0305
:10AD4000CDE900632246534641464846FFF77CFD65
:10AD5000054600286BD012F015FD002840F0AC80AD
:10AD6000284631B0BDE8F08F18AB14AA26A9E8B286
:10AD70000EF0ACFA002875D1082210A927A815F00A
:10AD80002CFD089B8346002B68D09DF8A53013F05E
:10AD9000020F099362D0082212A927A815F01DFD01
:10ADA00000285BD1099B590758D50FB101233B708F
:10ADB00014AB0DF1740C0FCB8CE80F00BDF83630DE
:10ADC000CBB101212088F6F71DFBB4F800B00028B4
:10ADD0004DD001215846F6F715FBBDF836208346C5
:10ADE00010460992F6F7A0FA00231946099A009036
:10ADF000584612F0DCFA2E4B2246049300230393AC
:10AE00001DAB02930DF12F03CDE90063414653467C
:10AE10004846FFF719FD28BB089B002B33D012AA28
:10AE20004FF482714FF400501DAB00F0D5F812F0D2
:10AE3000A9FC88B11F4B1B689A070DD4FEF72CFAAA
:10AE400050B11A4A18AB1068516803C3002226A9F2
:10AE500018A813F09AFC18BB002581E727B9BBF1AD
:10AE6000000FA5D0013540E700233B70F7E7BDF8A0
:10AE700036200A9010460992F6F756FADDE90923C2
:10AE800007990090B4E7089ACAE7BDF836B058466B
:10AE9000F6F74AFA2B4600905A463846079947E794
:10AEA00026A918A813F0ADFCD0E700BF0C64040875
:10AEB000842C0020882C00209DF82F3003F01103F3
:10AEC000102B7FF44DAF3E4B1B78432B7FF448AFE4
:10AED0003C4B1B685B067FF543AF208808F10501FA
:10AEE00014F022FF834600283FF43AAF4146208801
:10AEF000F6F722FC344B10F0200F08BF1E4612A8B4
:10AF000000F0E0F80822314612A815F066FC00288F
:10AF100052D0314612A80EF0FFF9012326AE00935D
:10AF20003246002314A912A800F0FAF800287FF492
:10AF300017AF12AB0DF12F07CDE90360029000931C
:10AF400022465346414648460197FFF77DFCA8B389
:10AF5000BDF89A30102043F0080318AA14A9ADF8E0
:10AF60009A3013F0EFFB00287FF4FAAE12ABCDE974
:10AF70000360CDE90170009322465346414648469E
:10AF8000FFF762FC054600287FF4EAAE18AB4FF4E9
:10AF90009071002012AA00F01FF84FF0005100201D
:10AFA00013F09DFFBBF1000F3FF456AF4FF08051FF
:10AFB000002013F094FF4FE78346AEE714ABE6E7BB
:10AFC000AB470020882C002076370020014B18600A
:10AFD000704700BF842C0020F0B5164691B007469C
:10AFE00009A80D461C4613F074FF3EB1336845F0C6
:10AFF0004005CDF826307368CDF82A301B4B1A680F
:10B0000022EA070242EA050119604B040DD5BDF89A
:10B0100024200B0A03F4E243C9B222F4E3420B43B7
:10B0200022F07F021343ADF824301A2308220020B7
:10B0300009A9F6F7D9FCB4B104A8E6F729F9022367
:10B040006A468DF810301546234604F11006144662
:10B0500018685968083303C4B3422246F7D1294619
:10B0600004A80DF089FF11B0F0BD00BF882C0020AE
:10B0700047F2FF10044B196841F48042014041F44B
:10B0800080411A6013F02BBF882C002000B589B0D6
:10B09000FEF7A8FB01A813F01CFF0948BDF8042027
:10B0A0000168130221F0FF0103F4E2030B43D2B263
:10B0B000134343F48043036009B05DF804FB00BF11
:10B0C000882C002010B50C4B0446186888B0830704
:10B0D00006D54FF0FF3323600120636008B010BD38
:10B0E00010F04000FAD001A813F0F3FEDDF80630AE
:10B0F0002360DDF80A30EFE7882C002008B5074B05
:10B1000002461B6813F0400305D118461946FFF7A5
:10B1100063FF012008BD0020FCE700BF882C002051
:10B120002DE9F0479EB080460C461D4691469DF89D
:10B1300098A0A2B116463046E6F7AAF81AF0020F18
:10B140000FD004B917AC22463146404601AB0EF091
:10B150009BF80DB100232B601EB0BDE8F0870DAE4B
:10B16000E9E701AB3146404605AA0EF05AF873787C
:10B170000AF0010AFF2B26D0002840F0B68054B117
:10B1800005AA09AF134603CBBB42206061601A4693
:10B1900004F10804F6D125B17278554B03EB820314
:10B1A0002B60BAF1000F01D10020D5E7BDF80430C3
:10B1B000D906F9D418204FF6FF7172780DF066FCAD
:10B1C00040F60E40C8E74B4F3DB112F0DBFA10B12C
:10B1D0003B689A072BD500232B603B6803F03003B4
:10B1E000102B01D0202B24D117A813F072FE0822B7
:10B1F00040460DF15E0115F0F0FA20B13B6803F016
:10B200004403402B15D0BAF1000F15D109A813F053
:10B210007EFE02233370002C4CD1B9F1000FC3D055
:10B2200012F0B0FA60B3301DFFF74CFFBCE7324BB1
:10B23000D2E740F60A408FE73B68DB03E6D509A872
:10B2400013F065FE0223337074BBB9F1000FB1D067
:10B2500012F098FAF0B1301DFFF734FFAAE73B680F
:10B2600003F08403842B2CD009AB0DAF1A4603CA1C
:10B27000BA4220606160134604F10804F6D105E08B
:10B2800025463B6803F08403842B28D0301DFFF74C
:10B2900019FF26E03B68012503F08403F4E73B68CF
:10B2A000012503F08403DDE712F06CFA0028F6D0E4
:10B2B0000125D9E712F066FA05460028CFD000250F
:10B2C000D2E712A8E5F7E4FF022312A88DF8483070
:10B2D000E6F70AFB224608214046E6F76FFA1023FC
:10B2E0007380002D3FF460AF64E72D2034E700BF8A
:10B2F000F0200020882C0020842C002049B9084B25
:10B30000197849B14EF66023594328B10548F6F73C
:10B3100055BA41F28831F8E70248F6F7EBBA00BFB8
:10B32000E3460020D42B002070B586B0054612F00D
:10B3300029FA10B9022006B070BDF6F71DFC0028EE
:10B34000F8D001A8FFF7BEFE06460028F2D08DB95E
:10B350002E4B1C6814F0020406D02D4B1B78112BC9
:10B36000E8D12C4BB3F8E4404FF481630221ADF8EF
:10B370000C3023E02846F7F705F90028DAD1234BF3
:10B380001C6814F0020406D0214B1B78112BD1D17C
:10B39000204BB3F8E4400822294601A815F01DFA15
:10B3A0000028E1D04FF4027300260A21ADF80C30DA
:10B3B0002B68CDF80E306B68CDF81230002203A850
:10B3C00011F099FE024608B91920B4E70F4B19682D
:10B3D00001F03003102B17D0202B14BF01230323BF
:10B3E000490001F004010B432046002101F08CF8D4
:10B3F0000028E9D000210120FFF780FF16B10122CB
:10B40000054B1A70002096E70323E9E7882C0020FB
:10B41000AB470020903600202548002030B500259D
:10B4200085B0CDE90055F6F765FA12F0ABF91E4C80
:10B4300060B906F0F1F90D25002108462170FFF7EB
:10B440005DFF294668460DF0AAFB18E023784BB350
:10B45000164917480A780078904223D90132012B07
:10B460000A700ED12A464FF4A071284602F006FD5C
:10B47000C0B2B8B941F288310E48F6F79FF905B06D
:10B4800030BD022B09D1284602A9F6F7E5FF0028B6
:10B49000EED102A8FFF748FFEAE7032B02D101F043
:10B4A000E7F9E5E70425C7E73148002032480020E6
:10B4B00003520020D42B002070B51B4A1B4D0446BC
:10B4C0005168106886B02E7801AB03C31EB1022408
:10B4D000204606B070BDF6F7A7FB0228F7D112F0A0
:10B4E00051F90028F3D003A800F032FE082201A988
:10B4F0000DF10E0015F071F9A0B10D4B32464FF46D
:10B50000A07130461C7002F0B9FC04460028DFD15F
:10B510000123084A41F2883107482B701370F6F76F
:10B520004DF9D5E72324D3E73767040831480020D5
:10B530000352002032480020D42B0020F0B50C46E6
:10B5400000219BB02B4F0646492207A8069115F013
:10B550006EF93B78012B34D19EBB0DF10E012046D4
:10B5600013F045FE0546BDF80E00F5F7DDFE441B61
:10B57000E4B2BDF80E1006A823462A460096F6F758
:10B580009FF8304604A9F6F767FFD0B9CCB19DF813
:10B590001920B2B9BDF8233003F47E43B3F5285F18
:10B5A0001ED3B3F5385F0ED31349BDF80E000B68F8
:10B5B00043F400030B6029460DF0DAFE18B10423B2
:10B5C0003B701BB0F0BD01220C4B04A81A70FFF7B2
:10B5D000ABFE41F288310A48F6F7F0F80223EFE7B4
:10B5E00011463A70FFF78AFE1E2104A80DF0D7FA23
:10B5F000E7E700BF31480020882C002032480020B7
:10B60000D42B0020014B1870704700BF3248002037
:10B61000014B1878704700BF31480020014B18706B
:10B62000704700BF314800202DE9F04F04464088A4
:10B6300091B00E298846ADF81A0079D094F8089098
:10B64000A77914F013FB09A90546BDF81A00E6799D
:10B6500014F075FCBDF81A0014F0FBF9420542BF66
:10B66000BDF82A3043F40053ADF82A30E379DB0605
:10B6700042BFBDF82A3043F48053ADF82A30BDF8FC
:10B680002A30980613D5022F58D10CA9207A13F02E
:10B690004FFDDDF83500DDF8391007AB03C307AA0D
:10B6A0000021042300910DF11A00FFF7C1FA0121D6
:10B6B000BDF81A00F5F7A6FE022F82464AD1484B84
:10B6C00033F81950B8F1000F7FD0BDF82A20510689
:10B6D0007BD54FF6FB739D4277D8424B1B78033BDB
:10B6E000012B04D8404BB3F8E430AB426DD0D30506
:10B6F00002D5284613F066FFBDF82A30D80464D579
:10B70000002F34D1BDF81A0014F0A3F9C10664D596
:10B7100048F23403BDF826209A4209D1334E3078DE
:10B72000FF2805D003222946FBF74CFBFF2333708B
:10B7300000232380638011B0BDE8F08F012F01BF8B
:10B74000237A2B4A03EB430302EB830314BF00224B
:10B750009A1CA5E7012F05D10C2303FB09F3244A0A
:10B76000D55AAFE7A81C0DF09BFE0546AAE7284670
:10B7700001F0E4FEBDF81A0014F06BF9C206C7D45C
:10B78000638950460593F5F7CFFD83465046F5F79C
:10B79000AFFD059B02905FFA8BF04A463946019057
:10B7A0000093404609AB0DF0DEF9B8F1000F14BF6D
:10B7B0000B20092016F0030218BF02F1FF322946C0
:10B7C00018BFD2B20DF062F9A2E7BDF81A0014F06A
:10B7D00040F9C3069CD4002FD2D1A946D0E700BFC0
:10B7E0006C3C0020AC47002090360020075200201F
:10B7F000DC3B002070B500240C26104B104D2A783D
:10B80000A24205D8C2B9BDE870400E48F6F772B83A
:10B81000598869B9013AD2B2A2422A70EFD0121BFC
:10B82000184603F10C01724314F0E7FF0346E6E704
:10B8300001340C33E4B2E2E770BD00BF643B00208A
:10B84000354800201450002070B5194B194A1D7856
:10B850000023DCB2A54200D870BD144666880133CF
:10B86000864202F10C02F4D1E379A58803F040028C
:10B870008DB9CAB123F00403E37114F0F7F903782A
:10B8800003F07F03037021880029E5D1BDE87040F3
:10B890000948F5F793BF00216580A180002AE9D10E
:10B8A000BDE87040FFF7A6BF2046FFF7BDFEF7E7F3
:10B8B00035480020643B0020145000202DE9F0475B
:10B8C000044686B040880F46154614F0CFF9A37998
:10B8D0008046082B4FD8DFE803F0052E184E4E4E59
:10B8E0004E4E050002300DF0DBFD002D4BD06946B9
:10B8F000F6F7B2FD00283ED1684601F0C9FEB0FA65
:10B9000080F0400906B0BDE8F08702A9207A13F064
:10B910000FFC6B466E46DDF80D00DDF81110304A65
:10B9200003C3237A32F813902E4AD05C75B13146A6
:10B9300013F022FCE6E7237A2B4903EB430301EBE8
:10B94000830231F82390907A961CEFE74FF6FB7A4A
:10B95000D14512D9304604F013F84FF6FF739842E0
:10B96000054612D00146304601F004FE554505D982
:10B97000E379DA060BD40020C4E74D46294608F1E6
:10B9800002000DF08FFD0120BCE74D46F0E74FF6B9
:10B99000FC78454511D103F00C030C2B1BD1D7B11A
:10B9A00030464FF6FD7101F0E5FD40F602412046BC
:10B9B000FFF73AFEFFF71EFFDDE74FF6FD739D42EE
:10B9C00009D10023304619461A4602F013FB4146BE
:10B9D000304601F0CFFDE37943F00C03E371CAE791
:10B9E0006C3C00200A470020DC3B002073B5044675
:10B9F00040880E4614F03AF902300DF051FD0DF07A
:10BA0000D6FC18B1A11C201D0DF0D6FCE6B1E579DD
:10BA10000135EDB2E57115F0400514D0E4F7CAFF29
:10BA20000122054600212046FFF748FF18B1334B9D
:10BA30001B882B449DB2324B1B78042B01BF2F4B2C
:10BA40001B885B199DB22580002231462046FFF7F6
:10BA500035FF002831D0608814F008F9E2792949CF
:10BA600022F00C03E3710B7805460133DBB20B7057
:10BA7000C371254BA61C1B780BB3E37998061ED522
:10BA80002249097861B9002201231146304600920B
:10BA9000FFF7CEF898B1E37943F00303E3710CE0CC
:10BAA0005906F0D59207EED5002204231146304600
:10BAB0000092FFF7BDF80028E5D002B070BD304617
:10BAC0000DF078FC0028F8D16088FBF741FD50B1FB
:10BAD0000128F2D1E37943F00803E3712B7803F0F6
:10BAE0007F032B70E9E7E37943F00403E3711B065E
:10BAF000E3D5074B1A78074B1A70DEE77451002024
:10BB0000AC470020A9470020A7470020045200208E
:10BB1000E8460020344800202DE9F74F06460CF097
:10BB2000C6F95D4B0546B3F8009018805B4BA0EB5F
:10BB300009041B78A4B2A34298BF00234FF0000869
:10BB40004FF6FF7788BF1B1B544A88BFDBB21370C8
:10BB5000DFF85CB1A9EB00030093514B5FFA88F268
:10BB6000197891420ED80EB1FFF744FE4FF6FF73DD
:10BB70009F4200F08A8039464A4803B0BDE8F04F42
:10BB8000F5F71CBEBBF80220002A3CD0464B9BF8C0
:10BB900007201878BBF800A0042818D00020BAF1BC
:10BBA000000F08BFA2462044504523D2BBF8001026
:10BBB000009B1944ABF80010002E4AD002F0480256
:10BBC000482A46D100215846FFF710FF41E0019274
:10BBD000F6F77EFB30F01003019ADFD1FAF792FC02
:10BBE000324B019AB3F800C08445D7D9ACEB0000C2
:10BBF00080B2D4E702F00C00042807D10022ABF891
:10BC000000200BF10C0B08F10108A6E7510602F029
:10BC1000030C02F008000AD508B3BCF1030F21D1D0
:10BC2000BEB140F602415846FFF7FEFC11E040B3BA
:10BC3000BCF1010F25D11206F2D44FF4C862ABF863
:10BC400000209BF8072022F0030242F002028BF84A
:10BC50000720BBF80020974228BF1746D1E70320F2
:10BC60008445DDD213060ED50C4B1A780AEB020080
:10BC7000844208DA4A44521B0AEB0201ABF8001076
:10BC8000E7E70120ECE701219DE7064803B0BDE8A6
:10BC9000F04FF5F72FBE00BF564500203448002076
:10BCA0003548002014500020AC470020745100207B
:10BCB000643B00202DE9F04100250C270A4EDFF8F7
:10BCC00030803378ECB2A34204D8BDE8F041074895
:10BCD000F5F734B907FB0484A01CF5F72FF9201DF4
:10BCE000F5F72CF90135ECE7354800204C450020EC
:10BCF000643B002070B500240C4D0D4E2B78A34200
:10BD000008D81B1BDBB22B707BB9BDE8704009481B
:10BD1000F5F7F0BD04EB440040F6024106EB80006D
:10BD20000134FFF781FCE4B2E8E770BD354800203C
:10BD3000643B0020145000202DE9F0410025064608
:10BD40002F46114CDFF8448098F80020EBB29A425D
:10BD500003D8BDE8F041FFF74DBD608813F086FFC2
:10BD600002300DF09DFBB0420AD16088F8F73EF931
:10BD700000230E211846628803F0F8F927806780B7
:10BD80000C340135E0E700BF643B0020354800205B
:10BD9000F8B5144EDFF854E035789EF800E0124F05
:10BDA00005EB4504AE454FEA840C07EB840416D03E
:10BDB000002503F4835343EA1323A1712272E37134
:10BDC000608027F80C50A58006F040FE3378608133
:10BDD000013328463370FFF79FFE2846F8BD40F632
:10BDE0000340FBE735480020643B0020BE510020A3
:10BDF0002DE9F04F354B0E461C78174685B05CB9DF
:10BE0000B1F90680DFF8CC90DFF8CCA0DFF8CCB039
:10BE100099F80030A34202D805B0BDE8F08F04EBDA
:10BE200044050AEB8505A88800B9688801A914F0C3
:10BE300086F8B27A9DF80E309A4244D1B8F1000FDC
:10BE40000FDA317A9DF80C203389914209D82048C5
:10BE500000780844824236DA521A1B0A1341D90785
:10BE600031D5384614F05FF8BDF80A3004469A061A
:10BE700002D5F3889B06CFD5EB7903F00C03042B96
:10BE800008D16888F8F7B2F800236A88194618467E
:10BE900003F06CF900212846FFF7C6FBFFF7AAFC68
:10BEA0003846F5F741FA844208D22B7A01228BF802
:10BEB000003031460023384603F04AF8B8F1000F4D
:10BEC000AADA0024A4E70134E4B2A1E73348002051
:10BED000BD51002035480020643B00203E48002032
:10BEE00008B50BF0E4FF074B1B88C01A80B2B0F511
:10BEF000807F05D9BDE8084000210348F5F75EBC06
:10BF000008BD00BF56450020145000202DE9F04721
:10BF100088B004460D4613F034FF01462046F5F77D
:10BF20000BFC10F0030340F0848010F00C0F06D1DE
:10BF30002946204608B0BDE8F047FFF785BC2046FB
:10BF400013F087FDC10659D4204613F01AFF0146AD
:10BF50002046F5F7F1FB0746204613F087FE06461C
:10BF600002300DF09DFA05A98046204607F00C0727
:10BF700096F806A013F0E3FF73780C2F0CBF03278D
:10BF80000627012113F0010F204618BF0327F5F7FC
:10BF900039FA2B4B81461B78033B012B1DD9BAF193
:10BFA000010F1AD94FF6F773984502D8337A1F2B31
:10BFB00013D9301D0DF074FAF179824611F002FFA9
:10BFC00006465046F7F764FBDEB173685A1C04D08E
:10BFD000834340F6024308BF1D461A4B1B88A34209
:10BFE00012D1B5FA85F04009FAF774FD204613F036
:10BFF0005EFD0022014607200CF048FD08B0BDE8B8
:10C00000F08740F60245E8E706F020FD8246484604
:10C01000F5F78AF906464846F5F76AF9F6B202904E
:10C02000424639462846CDE900A605AB0CF09BFDFB
:10C03000DCE7012BE2D110F00C0FDFD178E700BF75
:10C04000AC4700204C450020002210B5094B1C785D
:10C05000094BD1B28C4201D8002010BD197A81421F
:10C0600002D19979022902D00C330132F1E7012083
:10C07000F3E700BF35480020643B00200146002262
:10C0800010B5084B1C78084BD0B2844201D8002070
:10C0900010BD187A884202D198790128F8D00C3363
:10C0A0000132F1E735480020643B0020002210B443
:10C0B0000A4B1C780A4BD1B28C4203D85DF8044B72
:10C0C000FFF798BB197A814205D19979012902BFFE
:10C0D0000021198059800C330132ECE735480020EB
:10C0E000643B0020024B1878003818BF01207047CD
:10C0F00035480020044B1B6813F0300F03D020217B
:10C10000302012F0ECBE7047882C0020002310B5C0
:10C11000044608491A4601EA00414FF07F60FEF7E5
:10C120005BFFE30703D50021302012F0D8FE00208A
:10C1300010BD00BF00007207044B5B8823F47843F6
:10C1400023F08D0303800020704700BF882C00205F
:10C1500008B500220346C3F80220C3F806200B4AA4
:10C1600002301268D1B212F0200F18BF41F0100156
:10C170001980930701D4FEF7A5FF054B1B78023BFE
:10C18000032B8CBF1720002008BD00BF882C002087
:10C19000AB47002038B505460C46FDF723FB98B1A8
:10C1A0000E4B187878B10E4B1B681A040FD58CB162
:10C1B00013F0420F00D17DB103F44073B3F5407F1B
:10C1C0000CBF0020232038BD40F60840FBE740F6B6
:10C1D0000B40F8E72046F6E72320F4E7A7470020C6
:10C1E000882C0020F0B504468DB007A80D461646F1
:10C1F000E5F74EF81022002103A814F018FB5CB1FB
:10C20000234603AC03F11007224618685968083327
:10C2100003C2BB421446F7D1012703A986EA0703EC
:10C2200007A88DF81C708DF81D30E5F709FC80EA31
:10C23000070401A8E4B2E5F7FFF8B6B101A88DF84C
:10C2400006500CF026FF64B1002303A907A88DF85F
:10C250001D300CF091FE0C4B1B78432B01D1F7F7EE
:10C2600069FB0A4B1D700DB0F0BD01A88DF8075099
:10C270000CF00FFF002CF6D003A907A88DF81D7055
:10C280000CF07AFEEFE700BFAB470020A647002086
:10C29000F0B5012593B007460DA80C46E4F7F8FF6A
:10C2A00005A90DA8ADF834500CF085FE01A8E5F7FE
:10C2B000C3F809A90DA88DF835509DF806600CF05B
:10C2C0007AFE0DA89DF80750E5F782FB70BB731B43
:10C2D000DBB2802B28D91FB1A64225D0A54223D19D
:10C2E00005A90DA80CF048FE03A8E5F7A5F803A8DA
:10C2F0008DF80F600CF0CDFE0122294609A8FFF74A
:10C3000071FFF7F7CDFB01214FF4007003F0F8FE49
:10C31000FDF752FAB0F1004F01D9FDF753FA044B83
:10C3200018780CF03AFC012013B0F0BD0020FBE7B8
:10C33000A647002070B50E46144605460320FFF7B9
:10C340006DF946F00402294620460CF079FE0022E1
:10C35000014B1A6070BD00BF842C0020F0B587B07F
:10C36000078805461022002102A814F060FA3B4B12
:10C370001B78002B6FD1B80557D407F08403842BAA
:10C380005CD0374C12F08CFE17F4045F276005F187
:10C3900002061CD0BA040AD5304605F0F9FB002885
:10C3A0004AD1236823F4005343F48073236030465A
:10C3B00012F083FE00283ED10CF01AFC18B9236855
:10C3C00043F480332360236843F020032360226812
:10C3D000334642F4004112F0400218BF05F1230237
:10C3E00047F2FF102160FEF7F7FD0DF10600FFF7A1
:10C3F000A3FE236813F4805FBDF8063022D043F01B
:10C400002003ADF80630BDF80600FFF77FFE236875
:10C410009B0506D5012295F8221005F11200FFF7C1
:10C42000E1FE00200F4B186006E005F1120012F04B
:10C4300044FE0028A1D0292007B0F0BDB907A0D53F
:10C440002320F9E723F02003ADF80630FDF7BAF911
:10C45000FEF7A0FBD7E70220EEE700BFAB470020C6
:10C46000882C0020842C002008B5054B1B7833B1A4
:10C47000FFF740FEBDE808400248FEF73FBE08BD9A
:10C48000A7470020F747002010B5154B1B78D3B104
:10C49000144B1B78033B012B15D9002013F032F904
:10C4A000044698B1E4F7C2FA237913F0300F0AD1A9
:10C4B00048B1012803F0CF0206D0811E4B424B4108
:10C4C0005B011343237110BD1023FAE7F6F7F0FE6A
:10C4D0000028F8D021462046BDE8104004F0B2B94B
:10C4E000A7470020AC47002008B511F04BF9054BD9
:10C4F00018B91868C0F3800008BD1868C0F3005070
:10C50000FAE700BF882C00202DE9F047064689464F
:10C510001046002188B015469846F5F70DF9102809
:10C5200007460AD8684B0341DB0706D4C8F340042A
:10C530009DB9002008B0BDE8F087644B1C78002C42
:10C54000F6D0FFF7D1FF00280CBF4FF4F0744FF482
:10C55000D074FC4004F00104EAE7002318F0010F56
:10C560001A4629464FF005000CBF4FF0080A4FF459
:10C57000027A0CF08DF80028DBD0C82332460093F5
:10C5800051460023284606F001F9ADF80E000028B8
:10C59000CFD018F0080A4AD14FF6F773A7F10F026F
:10C5A000D2B29E428CBF09230123012A01D843F055
:10C5B0004003474A8DF810301378591C11708DF8DC
:10C5C0001130002C4FD09DF81030052F43F0200380
:10C5D0008DF8103033D03F4B1D78002D5AD04FF6D8
:10C5E000F77300259E424FF00F0248D9012304A99A
:10C5F0000DF10E00F4F7D2FF00289AD1002C4DD196
:10C60000BAF1000133463A4618BF0121BDF80E00C9
:10C61000CDF800900CF0D5FEADF80E00002888D0C3
:10C6200018F0040F4DD0314611F0F9FD82E749466C
:10C630000DF10E0005F06EFA0028ADD179E7012169
:10C64000BDF80E00F4F7DEFE0121F5F775F80123C1
:10C65000834013F0620F1CD11E4B1B78E3B14FF6E1
:10C66000F7731825BEE71B4B25461B780222002BCB
:10C67000BCD04FF6F7739E42B8D8052FB6D0BAF1AA
:10C68000000FB3D19DF8103043F040038DF8103007
:10C69000ACE710250F22A9E71825FBE7BAF1000F38
:10C6A0000AD002234A46009029460DF10E00FEF7FB
:10C6B000BFFA0028A4D03CE741235246CDF800A0A1
:10C6C000F2E711F096FD35E79FFEFEFFA747002039
:10C6D000A8470020994700202DE9DF431E46144B50
:10C6E00080461B680F469B0791460A9C1BD4204638
:10C6F00014B10CF04EFEC0B20622CDE902403B461A
:10C700000020CDE900890B4910F0F9FE024650B136
:10C710000021002E0CBF01230323084604B0BDE80E
:10C72000D043FFF7F1BE002004B0BDE8D08300BFC6
:10C73000882C00203F6704082DE9F04F8DB081461A
:10C740008A461F4693469DF85C803AB903A8FEF7D7
:10C75000B9FCB0BB00200DB0BDE8F08F154600223B
:10C760002321104610F0C7FCADF80A000028F1D0D4
:10C77000F4F7BEFD0523044618F0100F00F8023B45
:10C78000677020D01122002114F051F804F1130633
:10C79000032F4FF0080237D15946304614F02DF8D8
:10C7A000C8F3801306F1090533720CF0EEFD002882
:10C7B0003ED000232B706B700123033505F8013C3C
:10C7C00036E003ADCBE701261022169914F015F8D8
:10C7D00006FA07F313F0620F02D104F11206D7E74D
:10C7E00007A8E4F755FD05A88DF81C60E4F724FEC2
:10C7F0009DF8162018F0200F9DF8173008BF13463B
:10C8000004F11306A374C3E75146304613F0F5FF55
:10C81000012306F10802121B28460093BDF80A10F6
:10C820000823D2B2F4F74CFF042F06F11005BCD058
:10C830002D1BE9B20DF10A0010F091FD18F0040F64
:10C840000BD0484603F0EEF8FF281FBF074A32F826
:10C85000103023F4804322F81030434651464846B6
:10C86000BDF80A20FFF750FE75E700BF9044002096
:10C8700070B5032690B08DF8076010F083FF18B9EB
:10C880000224204610B070BDF5F776F90028F7D0E5
:10C8900002AD2846FEF716FC0028F1D01B4B1C68A1
:10C8A00014F00204ECD140F20F43194AADF82430E1
:10C8B000136804A8CDF826305368CDF82A30E4F781
:10C8C000E7FC95E8030005AB83E80300062304A812
:10C8D0008DF81D308DF81060E5F706F801210DF197
:10C8E0002E020DF10700E4F769FF22461A2109A87C
:10C8F00010F001FC024608B91924C2E701232946B9
:10C900002046FFF701FE0028BBD1F5E7882C002068
:10C91000F74700202DE9F04F06460F46002199B059
:10C920001F2210A803930F9113F081FF304613F0DC
:10C9300028FA01463046F4F7FFFE8DF81B0030461A
:10C9400013F094F99DF81B3045788146C5F34005F6
:10C950009806304648BF45F0020513F0E4FA044655
:10C960003046F4F7E1FC0023001B5FFA80FA0093E5
:10C970005346232B28BF2323224631460FA8F4F722
:10C980009FFEA04B9DF83C801B789DF83DB0002B8E
:10C9900039D0FFF7A9FD00280CBF4FF4F0734FF416
:10C9A000D07323FA08F3D9072DD5AA072BD4B8F1F1
:10C9B000080F22D1BBF1040F22D1FAF76DFDF8B9AF
:10C9C0002246314605200DF11B030BF04DFEB8B198
:10C9D000A8F10508B8F10D0F12D8DFE818F02D0006
:10C9E000A601CA01EF01F5011100110011001100AB
:10C9F000FB019D02A902D702D702B8F1050F09D0A9
:10CA000019B0BDE8F08FB8F1100F0AD17E4B1B783A
:10CA1000412B02D0FAF740FDD2E7039B002BF9D15E
:10CA2000EEE7FAF739FD0028CAD0B8F1050FC7D0F4
:10CA3000B8F1110FC4D0E3E7BBF1050FE0D83046E1
:10CA400013F077F8059009F102000CF029FD8146FA
:10CA50000DF11E00FFF770FB01239DF83D70BB40F8
:10CA600013F06203039305D0BDF81E309B0701D578
:10CA7000AE07C5D510F086FE0028C1D0FAF70CFD30
:10CA800008B9002DBCD00DF13E0A504612F015FB3E
:10CA9000039B0490BBB1032F9DF84EB01AD10DF14A
:10CAA0004F0410F06FFE814540F01881032DA7D18F
:10CAB0009DF856105246003918BF01210DF14E0065
:10CAC0000CF0C0FC9CE7032FDDF80CB07BD10DF11E
:10CAD0004E04E6E74D4B1B689C0729D5FF22082131
:10CAE0000DF1570010F091FD804608BB034601464A
:10CAF0000DF157020220FEF76FFA10F043FE814558
:10CB00000DF157060DF14F0422D04FF6F7739945FA
:10CB100040F2E98000220821204610F076FD00282E
:10CB200000F0E180002259465046FFF75BFB67E7C3
:10CB30000DF157060DF14F04304612F00CFA0028A3
:10CB400046D010F01FFE814540F0C9804FF000082C
:10CB50002046F5F717FD002800F0C180012F59D0BD
:10CB6000042F7FF44DAF12F019FA10B1032D7FF4AA
:10CB700047AF049B002B7FF443AF3246022150465F
:10CB8000FFF7D8FB224B1B7863B1FFF771FEFEF76E
:10CB90003FFD022806D10120FEF734FD01210846A1
:10CBA000FEF7ACFB184B1B78022B1FD1032130463C
:10CBB0000BF0F5FFFEF72CFD014600287FF420AFB7
:10CBC000FEF79CFB1CE70DF156060DF14E04B3E792
:10CBD0000D4B1B78432B7FF413AF012F7FF410AF65
:10CBE00010F0D0FD81457AD1B846B1E7412B7FF4F2
:10CBF00007AF064B1B6858057FF502AFF8F7BAFB85
:10CC0000FEE600BFA7470020AB470020882C00208D
:10CC100025480020BA4C2378022B22D02378412BC0
:10CC20003FF4EEAE049B33B9FAF736FC59460246A0
:10CC30005046FFF7D7FAFAF72FFC00283FF4E0AE92
:10CC400012F0ACF9AF4F98B13B681A0502D42378C3
:10CC5000432B0DD1AB070BD440F61A40F7F7D6FAA9
:10CC6000CEE612F09BF90028D8D0A907D6D4C7E6A3
:10CC7000386810F0020002D1059903F0E3FD237833
:10CC8000112B16D13B685C0513D50020FEF74CFB39
:10CC9000044600287FF4B4AE11F00CF940F61C40B5
:10CCA000F7F7B4FA21462046FEF728FBF7F7BAFA61
:10CCB000A6E6A80701D5FFF71DFAB8F1000F9DD031
:10CCC0000BF096FF18B94FF4803112F008F90022EA
:10CCD0008D4B30461A6012F035F98FE70026039B22
:10CCE000002B7FF412AF4FF6FF73204608A9ADF872
:10CCF0002030F5F78BFB20B1204610F01EFDADF87B
:10CD000020004FF6FF73BDF8200098423FF478AE44
:10CD1000049B3246002B0CBF042315232146CDE98A
:10CD200000A33B46FFF708FD6AE610F02BFD002844
:10CD30007FF466AE754B1B78002B3FF461AEA907FC
:10CD400004D4704B1B689A013FF55AAEBAF10C0F30
:10CD50000DF1450094BF002412AC0CF0A1FB394644
:10CD6000024600949DF847000DF13D0304F062FC7B
:10CD700046E60DF13D00F5F705FC28B102223946E3
:10CD80000020FAF71FF83BE6614B1B78013B012BB3
:10CD90003FF636AE0DF13D0002F0F2FD4FF6FF73A7
:10CDA0009842044606D10DF13D0010F0C6FCA042A9
:10CDB0003FF426AE0021FAF715F921E62A46384657
:10CDC0000FA904F035FD1BE69DF83D100120FFF78B
:10CDD0005FFA15E64E4B1B78013B012B3FF610AE78
:10CDE000EB077FF50DAE0DF13D0002F0C9FD4FF6EA
:10CDF000FF7398420546804673D10DF13D0010F057
:10CE00009CFC4045054607466BD10DF13D00F6F709
:10CE10002FFAB84205463FF4F3AD3046F4F784FAF2
:10CE200000220934E4B2071BFFB23946104610F065
:10CE300062F9ADF81C0000283FF4E2AD4FF00109A3
:10CE400000232A460821CDF8009005F09FFCADF89C
:10CE50001E0000283FF4D4AD2146304613F045F8BB
:10CE60004FF0000A80461622514609A8CDF820A0AE
:10CE700013F0DDFC43462246314608A8CDF800A059
:10CE8000F4F71EFC4B46424608A90DF11E00F4F7CC
:10CE900085FB00287FF4B4ADA7EB0807FFB2394645
:10CEA00007A810F05CFA284602F0BCFDFF2818BF66
:10CEB000184A444418BF32F81030E4B21CBF23F4BF
:10CEC000804322F81030BDF81C0023463246002172
:10CED000009710F06CFA2946BDF81E0011F09FF97A
:10CEE0008EE5284602F09EFDFF28074695D0F6F70E
:10CEF0007DFC002891D0384603F0C4F98DE700BFCF
:10CF0000AB470020882C0020842C0020A74700205D
:10CF1000AC470020904400201E4B1B78013B012BA6
:10CF20003FF66EAD2A4638460FA9FCF7DDF967E5F6
:10CF3000194B1B78022B20D1002F7FF461AD08A87C
:10CF4000FEF7C0F800283FF45BAD144B1F709DF84E
:10CF50003D30002B14BF64246524FEF759FB0328E1
:10CF600006D138463946FEF7C9F93846FEF756FB72
:10CF7000214608A80BF013FE42E5043B012BDBD948
:10CF800038460CF014FA0028D6D139E530460CF0BA
:10CF900010FA35E5AC470020AB47002025480020BB
:10CFA0002DE9F34105460E461746984611F0F6FF67
:10CFB000044640B101233A4631462846CDF8008068
:10CFC000FFF78AFB044611F0E9FF30B1FFF78CFA56
:10CFD00078B10A4B1B689B010BD400233A463146BB
:10CFE0002846CDF80080FFF777FB002C0CBF0446E5
:10CFF000012404F0010002B0BDE8F081882C00207B
:10D0000070B58AB005A8E4F743F9022301AA1546D2
:10D010008DF81430084B03F110061446186859684F
:10D02000083303C4B3422246F7D1294605A8E4F7E2
:10D0300007FD0AB070BD00BF45670408014B1878B2
:10D04000704700BF05520020014B1870704700BFA9
:10D0500005520020014B1888704700BF9E510020E8
:10D060004FF6FF732DE9F043994280460D4685B097
:10D070000BD000274FF6FD791C4EE3F7A7FCFCB25E
:10D08000A0420BD84FF6FF701DE0F5F77BFA0028A1
:10D09000EFD005B0BDE8F04310F074BB36F81430A3
:10D0A0004B4517D86946204612F00BF80822414636
:10D0B0000DF1050013F091FB4FF6FF7360B99D422F
:10D0C00004D136F8140005B0BDE8F08326F81450FA
:10D0D00011F074FF0137D0E79D42FBD036F81430D1
:10D0E000AB4208BF26F81490F4E700BF6C3C002068
:10D0F0002DE9FF4706460F4600254FF6FD79DFF87C
:10D100003C80DFF83CA0E3F761FCECB2A04202D81F
:10D1100004B0BDE8F08738F814304B450CD86946A8
:10D12000204611F0CEFF082231460DF1050013F024
:10D1300054FB08B90AF804700135E4E76C3C0020A0
:10D140000A470020014B33F8100070476C3C002068
:10D15000F0B5064600250D4F85B0E3F737FCECB27D
:10D16000A04201D805B0F0BD37F81430B3420BD15E
:10D170006946204611F0DCFF9DF80030022B1CBFF1
:10D180004FF6FD7327F814300135E6E76C3C0020BC
:10D1900030B585B004460D46E3F718FCA0420FD920
:10D1A000084B33F814204FF6FD739A4208D86946AD
:10D1B000204611F0BDFF29460DF10500FFF750FF95
:10D1C00005B030BD6C3C002030B585B00446E3F7B7
:10D1D000FDFBA04219D92046FEF736FF0546B0B93F
:10D1E0006946204611F06DFF9DF800302BB169466D
:10D1F00020468DF8005011F080FF4FF6FF7200209E
:10D20000044B23F8142005B030BD2820FBE740F67E
:10D210000440F8E76C3C00202DE9F0410B7805460E
:10D220000E461BB9BDE8F041FFF7CEBFE3F7CEFBDA
:10D23000A84231D92846FEF707FF78BB374617F8D2
:10D24000058B4FF6FF713846FFF70AFF0446384654
:10D2500000F01EFAB0FA80F04009B8F1000F15D0C6
:10D26000B8F1030F15D04FF6FF724FF6FD739442DD
:10D2700008BF1C460B4B314623F815400A4B585546
:10D28000284611F03AFF0020BDE8F0814FF6FF7408
:10D29000F0E74FF6FE74EDE72820F5E740F604408E
:10D2A000F2E700BF6C3C00200A4700202DE9FF4157
:10D2B0000D4604464FF6FE780F4F0E0AE3F786FB45
:10D2C000A04204D8FF24204604B0BDE8F08137F81E
:10D2D000143043450CD16946204611F0F2FE9DF80A
:10D2E0000520EBB29A4203D19DF80630B342EAD052
:10D2F0000134E4B2E2E700BF6C3C00202DE9F04FBE
:10D300000C461746984600254FF6FD7B87B09DF8E2
:10D3100040A0DFF85C900190E3F758FBEEB2B0421A
:10D3200001D8FF2616E039F816205A451ED8304697
:10D3300002A911F0C6FE3FB99DF80920424515D15A
:10D340009DF80C20524511D144B939F81620019BA3
:10D350009A420BD1304607B0BDE8F08F0822204634
:10D360000DF10D0113F039FA0028F3D00135D3E7A0
:10D370006C3C002010B5144611F0A3FE2046BDE819
:10D3800010400822014913F038BA00BFF7470020C7
:10D390002DE9FF47074615460846082224491E4640
:10D3A00013F01BFA044600283FD14FF6FF7ADFF84E
:10D3B0008490E3F70BFB5FFA84F840450BD885B304
:10D3C00038460BF0D9F901250C9B187001203570F7
:10D3D00004B0BDE8F08739F8183053451FD06946CE
:10D3E000404611F06EFE7A789DF801309A4216D1CF
:10D3F0007A88BDF802309A4211D13A799DF804300A
:10D400009A420CD108220DF10501781D13F0E5F9BF
:10D4100028B9002DD7D140460BF0C4F9D3E7013429
:10D42000C7E7FF200BF0BEF9CEE70020D0E700BF32
:10D43000F74700206C3C0020F0B50025154E164F34
:10D4400085B0E3F7C3FAECB2A04201D805B0F0BD55
:10D450006946204611F035FE9DF80030032B06D9B1
:10D460000023694620468DF8003011F046FE9DF8F5
:10D47000002062B14FF6FD734FF6FE71032A08BF1C
:10D480000B4626F81430002301353B55D9E74FF6FB
:10D49000FF73F6E76C3C00200A470020F8B50E4603
:10D4A00004464FF6FF770C4B0C4D1B7803EB430300
:10D4B00005EB8305A54202D800242046F8BD238849
:10D4C000BB4206D008223146A01C13F086F9002882
:10D4D000F3D00C34EEE700BFC0510020DC3B00204D
:10D4E000044BFF211A78044802EB4202920013F029
:10D4F0009EB900BFC0510020DC3B0020F8B50446B7
:10D500000C4B0D461B781046A3420DD90C27022167
:10D5100017FB04117C43084E0822314413F06DF9C7
:10D52000335B00202B80F8BD0023136053604FF65F
:10D53000FF73F6E7C0510020DC3B002038B50446FD
:10D540004FF6FD75FFF704FE0022084B1878084BD4
:10D55000D1B2884200D838BD33F80C1C0132A14248
:10D5600008BF23F80C5C0C33F2E700BFC051002069
:10D57000E83B002070B505460E460846FFF7DEFF83
:10D5800031462846FFF76CFD29460648FFF786FF1F
:10D5900000B970BD044624F80C6B11F00FFD29464C
:10D5A0002046F3E7DC3B002010B5082286B0234973
:10D5B000044613F012F920B906B0BDE8104010F08F
:10D5C000E1B8082220461E4913F007F920B91D4B87
:10D5D000B3F8E40006B010BD0023012221464FF647
:10D5E000FF700093FFF78AFEFF2806D0164B33F832
:10D5F00010004FF6FB739842ECD903A8FEF7A8FD84
:10D6000058B9BDF80C305B0607D5082221460DF14C
:10D610000E0013F0E2F80028DCD021460B48FFF79B
:10D620003DFF40B14FF6FB724FF6FF73008890420A
:10D6300088BF1846CEE74FF6FF70CBE7F7470020CC
:10D6400076370020903600206C3C0020DC3B002028
:10D6500070B5002204464FF6FB7608460A4B1D784B
:10D660000A4BD1B28D4201D8002009E01988B1429D
:10D6700007D8A14205D10822991C13F0BEF8012059
:10D6800070BD0C330132ECE7C0510020DC3B0020C0
:10D6900037B5014605460E48FFF700FF044640B186
:10D6A000807A294611F068FD80F00100C0B203B015
:10D6B00030BD03460090012229464FF6FF70FFF768
:10D6C0001DFEFF2816BF034B2046185CE9E700BF8C
:10D6D000DC3B00200A4700202DE9F341224B0446A1
:10D6E0001B780F468342154638D9FEF7C7FCB8BBF6
:10D6F0004FF6FD739D421D4E0ED004EB440326F8F9
:10D7000023504FF6FF739D421FD12046FEF7CEFCFB
:10D71000002002B0BDE8F0810DF106013846F4F7B3
:10D7200075FE4FF6FF72BDF806303846934218BFBB
:10D730001D460C236343F55206EB0308FFF7A8FFD1
:10D74000B0FA80F0400988F80A000C2303FB04605B
:10D7500008223946023013F050F8D9E72820D8E7DC
:10D7600040F60540D5E700BFC0510020DC3B00205B
:10D7700038B504460D46FFF7BBFC21460448FFF7C9
:10D780008DFE00B938BD857221460C30F7E700BF29
:10D79000DC3B00200023074A1370074A1370074A36
:10D7A000118801B11380064B1A880AB100221A8031
:10D7B000704700BF37480020364800205C450020F5
:10D7C0005A4500202DE9F04F4C4C9846238889B0EB
:10D7D00005900F4610469DF848A05BB952B10FF076
:10D7E000D7FD20804FF4FA61454809B0BDE8F04FFD
:10D7F000F3F7E4BFDFF81C91B9F80050002D6AD0B0
:10D800002846F3F791FDC0F347042846F3F770FD6F
:10D81000DFF804A10294BAF80030DFF800B10193F8
:10D82000BBF80030054600930022434601203549ED
:10D830000FF065FEADF81E0010B305EB440801249F
:10D84000454512D1E4B9BDF81E50CDB12E4B1B7821
:10D850002BBB2B4600223946059800F049FA0023DD
:10D86000ABF80030AAF800300AE0012329461A4636
:10D870000DF11E00F3F792FE023504460028DFD0BA
:10D880000023224AA9F800301378013BDBB2137061
:10D89000002BA7D109B0BDE8F04FFFF77BBF0FF019
:10D8A000EBFE01462846F3F747FF0A21804628464B
:10D8B000F3F742FF0646A64202D8FF2CCFD1C8E7B5
:10D8C00004F10B012846C9B2F3F736FF8045C0D8F2
:10D8D0000134E4B2EFE70E4C237823B904F0EAFDFB
:10D8E00008B901232370524641460520F5F738FA5E
:10D8F0000028CFD1207009B0BDE8F08F5C45002032
:10D90000345000205667040838480020374800206B
:10D91000364800205A450020DA440020DC4400202C
:10D9200030B5154D87B02C889CB923464FF4A072B2
:10D9300048F2380103A811F003FD2146204610F0FB
:10D94000ACFB22460D4B009403A9FFF73BFF07B049
:10D9500030BD204612F08AF904300BF0A1FD03A976
:10D960000446288812F0EBFA0023009320462A8808
:10D9700003A900F08DFBEAE75C45002000F8FF07F3
:10D9800037B5002001A910F088FB0D4C0146237823
:10D990000C4D7BB10C4B019A187810F09DFB207850
:10D9A000F7F70EF8002323702B700848F3F7A2FF57
:10D9B00003B030BD2B78002BF7D0FFF7B1FFF4E7B1
:10D9C0003A480020374800203948002034500020D1
:10D9D00008B50548F3F7B2FA0448F3F7AFFABDE823
:10D9E00008400348F3F7AABA5C4500205A450020D6
:10D9F000584500202DE9F04F89B089460446CDE90D
:10DA000005239DF84870139E30B316F801ABBAF1A8
:10DA1000000F23D00AF1FF34A400E4B23146012004
:10DA20000BF052FDC00E1BD1DFF844B1314601208E
:10DA30000BF04AFD9BF8005034442279BDB1002F11
:10DA400047D180234846CDE90277CDE90077414AA6
:10DA5000059900F04DF93CE08246DFE75446DDE7EA
:10DA60001B28ECD9314601200BF02EFDE7E7DFF84B
:10DA70000481FF2A00EA08080BD14246E379A17924
:10DA8000607901EB032189B209B0BDE8F04F10F0D5
:10DA900023BB314909688B070AD5FE2A3AD10123F5
:10DAA0000135EDB2202D4FEA43030AD1FF250AE0EC
:10DAB00029462846079210F0F0FA4845BFD1079A48
:10DAC000EBE79845ECD1254B1B78FF2B04D0AB42FC
:10DAD00004D009B0BDE8F08FFF2DFAD00020F2F796
:10DAE00041F9A842F5D029460020F2F741F9002873
:10DAF000EFD09BF800306479002BEAD1FFF74AFEA3
:10DB000017484FF41051F3F759FE164B8BF800509D
:10DB10001C70DEE7052A92D8BAF1010F8FD8B8F150
:10DB2000000F8CD0002FD4D17379002BD1D00E49A7
:10DB3000098821B9082B28BF08230C490B704346DC
:10DB400048461292DDE9051209B0BDE8F04FFFF733
:10DB500039BE00BF56670408882C002006520020FA
:10DB600034500020394800205C4500203748002010
:10DB70003A48002000F8FF07014B1880FFF7D0BE9D
:10DB80005A45002037B5184B1B78022B03D01725B8
:10DB9000284603B030BD00210DF10700F4F778F8F6
:10DBA00005460028F3D1114B1B78013B012B01D90D
:10DBB0000225EDE7F3F7DAFF0028F9D00AF09DFF20
:10DBC0000446F3F7D3FF0A4B4FF47A7118700B2316
:10DBD000B4FBF3F203FB12440A34A4B261430548D8
:10DBE000F3F7ECFDD4E700BFAB470020AC470020C3
:10DBF0009C470020B42B00202DE9F043384B002433
:10DC00001E784FF4F813374FA5B003933D78ADF865
:10DC10001040F6F781FFBDF90E30ADF81200A342B7
:10DC2000ADF8144006DB304B1C780134E4B21C70B4
:10DC300044F080048DF82C40A94602244FF00008DF
:10DC40008DF82D60B14529D3002221460BA83D70E7
:10DC50008DF82D800FF04FFAE8B1B8F1000F09D020
:10DC600000234FF6FC71CDE9000303AAFF23062031
:10DC7000FBF7DAFFB5422FD20AF03FFF0B23B0FBD0
:10DC8000F3F24FF47A7102FB13000A3080B2414381
:10DC90001648F3F793FD25B0BDE8F083484606A982
:10DCA00002F016FB98B9512C11D804F190030DEB3A
:10DCB0000302083406AB013508F1010803CBE4B2D6
:10DCC00042F8640C42F8601CEDB25FFA88F809F182
:10DCD00001095FFA89F9B5E70448F3F70BFEDAE7C3
:10DCE0009C4700209D4700203C480020B42B00208A
:10DCF0000CB42DE9F04F8BB014AA0E4652F8041B59
:10DD000007460992002940F08F80BDF85400ADF815
:10DD10002200002800F0A18033794FF6F778002B1D
:10DD200040F0868047458CBF4FF009084FF0080847
:10DD30004C4B1C78FF2C40F08380B6F90230002B4E
:10DD4000A9BF494B347A1C780134A2BFE4B21C70DD
:10DD500044F08004DFF81CB122460021F3F700FDF7
:10DD60009BF80030BDF82200002B6CD0DFF808A132
:10DD70004FF00009BAF800300793F3F7D5FA0546DB
:10DD8000BDF82200F3F7B4FAEBB2CDE90193FF231B
:10DD9000CDE9030900932246334639460798FCF73C
:10DDA000DDF84FF6FF7305468BF80090AAF80030B7
:10DDB000382D33D13246394640460DF122030BF05F
:10DDC000FEFA00284BD04FF6F7739F4226D8B6F9DB
:10DDD00002307088002B21DA48F204022349244BD8
:10DDE0004FF00008904214BF894699460FF0CAFCD4
:10DDF000494603468A220120CDF800800FF07FFBC0
:10DE0000814658B122464146F3F7AAFCFF23324629
:10DE100039464046CDE90098FBF706FF28460BB08F
:10DE2000BDE8F04F02B0704701200FF02EFB6EE707
:10DE3000002347458CBF4FF006089846337177E7BB
:10DE4000FF221A7086E7CDE900033246FF233946E8
:10DE50004046FBF7E9FE0546AAE71925DEE7054639
:10DE6000DCE700BF085200203C4800206767040838
:10DE70005C6704083B4800205E45002070B54FF405
:10DE8000003300240546164688B0ADF81A100DF18F
:10DE90000F0204A90593ADF81840ADF81C40049496
:10DEA0008DF80F400BF062FA9DF80F302846019371
:10DEB000049B044A009305A93346FFF719FF08B0F5
:10DEC00070BD00BF6067040830B54FF48035002492
:10DED00087B00395BDF82850CDE900128DF81030B9
:10DEE000074A034603A9BDF82C008DF81140ADF890
:10DEF0001250ADF81440FFF7FBFE07B030BD00BF75
:10DF000035680408B1F1006F2DE9F04314462CBFC9
:10DF1000392238228BB01D464FF00003ADF81E2089
:10DF20004FF480022CBF4FF001099946FF2C0646A2
:10DF3000ADF81C300892ADF824304FEA11471FFAB3
:10DF400081F80FD110F0BDF8B9F1000F19D1154AC1
:10DF5000CDE9020543463046CDE9007407A9FFF735
:10DF6000C7FE1AE0FE2C0AD110F0ABF80130C0B2A7
:10DF700010F0C1F8B9F1000F12D00B4A02E0E8B27C
:10DF8000F8E70A4ACDE9030501233046CDE90174DB
:10DF9000CDF8008007A9FFF7ABFE0BB0BDE8F0831A
:10DFA000034AD5E764670408336804086367040814
:10DFB000346804084FF498124FF0806310B586B0AF
:10DFC000CDE903230023ADF814300FF0DBFB04464A
:10DFD000F6F7A2FD054B01900093054A234603A9DD
:10DFE0004FF6FD70FFF784FE06B010BDF747002026
:10DFF0006A67040830B500244FF4806587B0CDE926
:10E0000000128DF81030084A034603A94FF6FD7040
:10E010008DF811400394ADF81250ADF81440FFF79D
:10E0200067FE07B030BD00BF6E67040870B51546C7
:10E030001E464FF498124FF0806386B0CDE903235B
:10E0400000230122ADF814300D4B04461A700D4B1D
:10E050001880084661B1FBF7D1FD2346CDE9005693
:10E06000094A03A94FF6FD70FFF742FE06B070BDE6
:10E07000064B8DF8161019700223ADF81230ECE73C
:10E080003B4800205E4500206A67040808520020D3
:10E090002DE9F04F9BB00E4605460EA91046CDE97E
:10E0A0000A329DF8907011F0A2F8BDF838A08046B1
:10E0B0005046F3F739F9B6F902300446002BB6F8AA
:10E0C0000690B6F802B004DA0022B14B1A700020B4
:10E0D00049E05046F3F728F94045F5D3A4EB08048E
:10E0E000E3B2002F18BF4FF4A079152B099328BF76
:10E0F00015230024013308F1FF325146DBB2D2B2BE
:10E1000014A80094F3F7DCFA6FEA4B436FEA534329
:10E11000A0499DF8502008684968ADF846300FAB1B
:10E1200003C3ADF84840ADF84440ADF84A90ADF8AF
:10E130004C20BBF1000F24D10DF15100F4F722FA6D
:10E14000A0B10FF01FFB5C4606460DF1590A0DF118
:10E1500051030A9A9AF80080012A2DD157B384F00E
:10E16000010404F001001BB0BDE8F08F0DF1510077
:10E1700001F006FC4FF6FF74011B4C4206464C4171
:10E18000E3E7BBF1010F40F09280BDF851600FF062
:10E19000F9FA86420AD030460FA911F00CF980F046
:10E1A0000104E4B20DF1530A0FABD2E77A4B0DF143
:10E1B000530ACEE70A9CD4E797B3002C6DD1B8F18F
:10E1C000010F6AD837D10FF0DDFA0FF0DBFA2246E3
:10E1D00006469AF80170704B00210120CDE90061DC
:10E1E00002976E490FF08BF9ADF83A00002854D031
:10E1F000002C54D1B8F1010F51D12646DFF8B4A15B
:10E200009AF800305FFA84F8434538D9404601F067
:10E2100099FCC20702D5BFB1013FFFB20134EFE75D
:10E22000B8F1010F05D1002CCDD081229AF80170F0
:10E23000D2E7002CF9D1B8F1010F94BF00220122DE
:10E240009AF80170D201C7E7404601F069FB01234B
:10E25000ADF8340002220DA90DF13A00F3F79EF952
:10E26000D8B9BDF83A00F3F75FF88046484610F099
:10E27000F4FC08F1010801368045F6B2CEDBA6B108
:10E2800032460C21BDF83A00F3F76AFA002228461C
:10E29000BDF83A3011A9FFF72BFD012063E70C21EF
:10E2A0000DF13A000FF05BF8F0E70D21F8E70A9B5B
:10E2B000002B7FF40CAF7388342B57D1099B092BAB
:10E2C0007FF405AF002F7FF402AF9DF959603A4605
:10E2D000B41008210DF1510004F020040FF095F95D
:10E2E000D0B12F4B1B78012B3FF4F1AE022B27D17D
:10E2F0002C4B1B6813F0807F25D12A4B1B685B02D7
:10E3000001D5002E30DA00232846274A11A9FFF74D
:10E31000EFFC264B1C70DAE60DF15100F4F732F9F0
:10E320000028DED10DF1510001F02AFB4FF6FF73FA
:10E33000984208D02146F8F755FE034618B903E085
:10E34000033B012B06D9C8232846174A11A9FFF71A
:10E35000CFFCBCE6164BB3F8E430AB42CDD0114B4A
:10E360001B6813F0805FC7E78D23EDE7099BCDE9BC
:10E37000059204930DF15103CDE9028331462846FD
:10E38000CDE9007A0B9B11AA00F074F89FE600BF5C
:10E390002F4800200C640408F74700207267040827
:10E3A000AC470020882C0020DF67040807520020BB
:10E3B00090360020D0510020024B187840F08000A9
:10E3C000704700BF3C48002038B50A4B05461C7812
:10E3D00024B10FF0D7F9B0FA80F46409F8F7D4FE4D
:10E3E00008B144F04004E2F703FB44EA402028402F
:10E3F00038BD00BFA7470020014B1888704700BFF9
:10E40000A6510020014B188000207047A651002023
:10E41000084B10B504461880F6F77EFB04F0100494
:10E4200000F00403A3421EBF9843034B1870002062
:10E4300010BD00BFA4510020AA4700204FF6FF7175
:10E44000034602881B798A4217BF074901200A80C8
:10E4500041881EBF054A00201180FF2B1EBF044AC1
:10E4600000201370704700BFA2510020A05100206F
:10E470003D4800202DE9F04FB7B00D93BDF80431B1
:10E48000439C0E93BDF8143183460F939DF81831C9
:10E490002046B1F80290884692469DF800519DF8BA
:10E4A000086110930AF0FCFFB9F1110F074600F262
:10E4B00089800FF067F9B84200F08E80B9F1060F3D
:10E4C00019D14FF6FD739F423ED0DDB9BC4B1B788E
:10E4D000033B012B36D9384601F0A4FAFF2814BFBC
:10E4E0008923812300225146CDE900725846B54A5E
:10E4F000FFF7FEFB06E02DB9B9F1030F08D8B9F11B
:10E50000010F0AD80022B04B1A7037B0BDE8F08F67
:10E51000A9F10403022BF5D8D8E7A94B1B78033BDC
:10E52000012B0DD9384601F07DFAFF2814BF89234D
:10E53000812351465846A54A0097FFF7D9FBE1E7EA
:10E540008023F6E78023CDE7A14B1B785A074BD4F5
:10E550000FF018F9002703463A4601209949009721
:10E560000EF0CDFF2379ADF86C000F930028CCD0CE
:10E570000E9806EB4309F2F7D7FE5FFA89F909F125
:10E5800005085FFA88F88045BFD241460E98F3F738
:10E59000D3F8109008EB40080E98F2F7C5FE8045BE
:10E5A000B3DADDE90F321343DBB2002B40F03182E6
:10E5B000002DAAD1A84642460421BDF86C00F3F70D
:10E5C000CFF878E1824BB9F13A0F1B7813D948F2B2
:10E5D0003B03994508D016E07D4B1B785B070DD5B2
:10E5E000A9F10403022B09D8B8F8063043F480439C
:10E5F000A8F8063089E7B9F11B0F1ED8A9F102036C
:10E600009AB2132A5ED9109B324602930F9B48465A
:10E61000CDE900530D995B460AF0B5FE0F287FF453
:10E6200074AF0122684B1A70694B1B789B0740F14D
:10E63000F483002D7FF469AFD6E7A9F11C021E2AEE
:10E64000E1D801A151F822F06DEE020807E60208B8
:10E6500007E6020889EA020807E6020867EB0208F3
:10E6600067EB020807E6020807E6020807E6020869
:10E6700007E6020807E6020807E6020807E60208BE
:10E6800007E6020807E6020807E6020807E60208AE
:10E6900007E6020807E6020807E6020897EB020809
:10E6A00097EB020803EE020807E6020807E60208F5
:10E6B00023EE020807E60208BDEE0208D3EE0208C8
:10E6C000E1EE0208132B9ED801A252F823F000BFFE
:10E6D00021E70208E9E7020807E80208E5E802087E
:10E6E00051E5020807E6020807E6020807E6020805
:10E6F00007E6020807E6020807E6020807E602083E
:10E7000007E6020807E6020807E6020807E602082D
:10E7100007E6020821EA020807E6020899EE020865
:10E7200000241BAB5A4631460D9800931DAB1D9437
:10E730008DF86C400AF01BFE0FF024F8204B0546C4
:10E740001B78012B03D0022B14BF02240124E2F713
:10E750004FF9162894BF0020012044EA4014F6F730
:10E76000DBF91C4B0646B3F80080FBF753FA1A4B53
:10E7700007464FF6FF70B3F80090FFF725FE174BE2
:10E780009DF86C201988124B1B7813F002031CBFF4
:10E79000134B1B780B921D9ACDE90701CDE9093285
:10E7A00040235146CDE9014358460023CDE9057980
:10E7B000CDE903680B4A0095FFF79AFAA5E600BF7A
:10E7C000AC4700205C6704082F48002067670408F6
:10E7D000E5460020A6510020A2510020A0510020B3
:10E7E0003D480020786704080EF0CCFFA24BA34AF6
:10E7F0001B88CDE9400300235146584637B0BDE899
:10E80000F04FFFF775BAA4781DA9631EDBB2EF2B9A
:10E81000204610D9F22C0ED00DF0AFFF82240EF05E
:10E82000B1FF00235146CDE90003954A23465846DF
:10E83000FFF75EFA69E60DF0A0FF002850D00EF059
:10E84000A1FF9DF878209DF87A100492BDF87620FB
:10E8500049000392BDF87420C9B2CDE901429DF888
:10E86000792003465200D2B208320A4400920120B5
:10E87000002284490EF043FE9DF87930ADF86C001B
:10E880008DF8673000283FF440AE002601230DF1DB
:10E8900067011A461BA8F2F781FE054600287FF49F
:10E8A00034AE9DF86730EAB2934209D89DF87A30C9
:10E8B0008DF8673016B1BDF86C3033E00126E5E71E
:10E8C000314620460DF09CFF0123ADF8680002227E
:10E8D0001AA91BA8F2F762FE01350028E1D014E660
:10E8E00083249CE70EF04EFF0446EFF76DFA2346B3
:10E8F00000900022012062490EF001FE00283FF442
:10E9000004AE00252C46ADF87400EFF75DFAEEB2C8
:10E91000B0420DD822460421BDF87400F2F720FF62
:10E92000BDF87430002251465846FFF7E1F9ECE596
:10E930003046EFF72BFAFF288DF86C000AD0012340
:10E9400001341A461BA91DA8E4B2F2F727FE0028DD
:10E950007FF4DBAD0135D8E71846B4F80290EFF745
:10E9600015FAFF288DF8680000F0D1821DA90DF07E
:10E9700004FFBDF874304B4507D04FF6FF72914548
:10E9800040F0C582180400F1C2829DF879301393DB
:10E99000731DDBB214930F9B1293002311934FF05E
:10E9A0000009CDF834900EE0149B0E9803EB410162
:10E9B000C9B20EF00FFD002315901399DAB28A4206
:10E9C00018D309F10109129B5FFA89F18B42EBD848
:10E9D0009DF87A301393169B14930D9B002B40F0F7
:10E9E0008982119B002B40F0928201231193109B8E
:10E9F0001293D4E711999DF8680017930DF000FF6A
:10EA00000D9B159A824208BF01230D93179B01337A
:10EA1000D3E709F106095FFA89F3B846169377E25E
:10EA2000A61C31463846A57AEDF78AF80122314610
:10EA30003846FAF783FB384610F06CFE304600F09B
:10EA40009FFF2288824207D04FF6FF72904203D088
:10EA500000F0E8FF10F075FD85F00804C4F3C00471
:10EA600021463046FEF784FE2146304637B0BDE8E9
:10EA7000F04F0AF0D1BC00BFA4510020596804082F
:10EA80005C67040885670408AE4B1B78033B012BC9
:10EA90007FF63BAD0EF076FE58453FF436AD0AF0FA
:10EAA0002CF80B23B0FBF3F24FF47A7102FB130046
:10EAB0000A3080B24143A448F2F780FEF3F756F8DB
:10EAC00000283FF422AD0123002218469F4994F804
:10EAD00000900EF014FDADF8680000283FF415AD6D
:10EAE00000270136F2B23D463C463E460DF16C0829
:10EAF000FBB24B4514D3002C3FF407AD01232A464B
:10EB00001DA91AA8F2F74AFD00287FF4FEAC2246A0
:10EB10000221BDF86800F2F723FEBDF8683001E776
:10EB2000082340460E9900960D92F2F7C9FD414622
:10EB3000002000F047FFFF280D9A0FD0844B1B5C8C
:10EB40000F2B0BD998E8030005F1D8036B44643B05
:10EB500083E8030008350134EDB2E4B202F10803A2
:10EB60000137DAB2C4E7002D7FF4CFAC19073FF5C7
:10EB70003BAD4B4622465146584604F0F3F8002878
:10EB80007FF4C3AC842351465846724A37B0BDE87F
:10EB9000F04FFFF7ADB823780F98109310F05DF8A1
:10EBA00000210646584605F031F9664BB9F1310FA0
:10EBB0001B780746A3F103030BD1012B34D9664B15
:10EBC0001D78664B1B781D441623EDB20D93002271
:10EBD00009E0012B2CD9624B1D780523002D14BFB1
:10EBE000002284220D930024109B012000935D4994
:10EBF000234601940EF083FC00283FF486ACF61BFC
:10EC0000CDE90E44F3B2DFF86C81574F1193ADF8A4
:10EC10006C00E6B2B54210D80E9A0221BDF86C0025
:10EC2000F2F79EFD0F9AC7E4162301250D93CEE758
:10EC30000523002584220D93D5E7162200211DA867
:10EC400011F0F5FDB9F1320F40D13B7903F0030229
:10EC5000032A24D18DF876200E9B0133DBB20E936C
:10EC60000E9A109B934215D2BDF86C00F2F75CFB34
:10EC70000D9B1844119B98420CDC01230D9A1DA991
:10EC80001BA8F2F78BFC00287FF43FAC0F9B0133ED
:10EC9000DBB20F93013408F112080837B9E7B979EC
:10ECA0000029D9D13149C3F3C203CB5C1DA8012A85
:10ECB00008BF43F0010339888DF876300AF0F2FB83
:10ECC00079880DF177000AF0EDFBC5E71DA80FF07C
:10ECD00050F94FF0FF33CDE91F331F4B1B78B34280
:10ECE00060D998F804306F2BD4D830461FA9F4F7B8
:10ECF00031FE1F4BB8F80020B3F8E43092B9003B66
:10ED000018BF01235B0143F004038DF88630022312
:10ED10008DF88730B8F802301B0A11468DF889301B
:10ED200021A8D0E79B1A18BF01235B0143F005031C
:10ED30008DF8863002238DF887300F238DF88830C8
:10ED4000E8E700BFAC470020B42B0020DE670408D2
:10ED5000E9460020DF670408A5470020A4470020FB
:10ED6000CE510020DC670408C643002091670408E8
:10ED700090360020704100200132D2B2561EF6B209
:10ED800030461393129200F0DDFEDDE9122310F0FD
:10ED9000010FF1D065490978611A994205D0013314
:10EDA000DBB2E9E701220023E8E7614B1FA91878ED
:10EDB0003044C0B2F4F7CEFD304600F0B1FD129001
:10EDC000304600F0BFFE10F0010F129A0FD116234B
:10EDD0008DF88630574B1B780133DBB20F2B28BFE1
:10EDE0000F238DF88830544B33F8163094E73046B3
:10EDF000129200F0A7FE10F0020F129AE7D1122330
:10EE0000E6E71A073FF5F0AB23465A4651460F98FE
:10EE100004F000F800287FF478AB002D7FF475AB88
:10EE2000B0E695B1454B1B78033B012B7FF66DABEC
:10EE30000EF0A8FC18B9BBF1000F7FF466AB207888
:10EE400037B0BDE8F04FF5F7E1BC0EF09BFC20B108
:10EE50003A4B1B78033B012B01D8802393E62B46CA
:10EE600051465846364AFEF743FFE8E70EF08AFC63
:10EE7000B8427FF44AABA01CF3F784FB00283FF4B0
:10EE800044AB0EF07FFC04460EF07CFC2D4B2E4A6A
:10EE9000CDE940032346AFE420460AF001FBFFF72B
:10EEA00093FA00283FF431AB409000235146584676
:10EEB000264A37B0BDE8F04FFEF71ABF5246594612
:10EEC0000020CDE940540D9B37B0BDE8F04FFEF770
:10EED00091BD524659460120CDE940540D9BF3E7C0
:10EEE0002B46514658460D9A409437B0BDE8F04F36
:10EEF00004F020B801231AA91A461BA8F2F74EFB0A
:10EF000000287FF402AB08F101085FFA88F80137A6
:10EF1000FBB20D93EEF758FF0D9B98423FF61CADE8
:10EF2000B8F1000F3FF444ABFFF745BBA547002005
:10EF3000C9510020244800204E440020AC47002046
:10EF4000DF670408F74700208D6704086767040837
:10EF50002DE9F04389B004460D46164610F0E3FF54
:10EF60000DF10A020146204610F098FE284F044693
:10EF7000DFF8B080002844D101233B702B88BDF816
:10EF80000A1033B103460246072009F06DFB002842
:10EF900037D0204BD8F80010B3F80090ADF80C90A3
:10EFA00089B108220DF10E0011F027FC0C211A4B3B
:10EFB0001A481B788DF81630194B1A78E3B2934231
:10EFC00006D3FF230BE0CDF80E10CDF81210EDE7BD
:10EFD000013401FB04FC30F80CC0CC45EED1BDF887
:10EFE0000A008DF81730F2F79FF90446BDF80A00C1
:10EFF000F2F77EF929460090E3B2304603AA09F001
:10F00000AAFD0023C8F800303B7009B0BDE8F083CA
:10F010003F4800206C4500203E480020D03B0020A7
:10F02000C051002030380020F8B5144B04461D882C
:10F03000134B0580196819B10822023011F0DDFB6D
:10F04000104B0C201B78104EA372104B1978002324
:10F05000DAB28A4201D3FF2205E0013300FB03F755
:10F06000F75BAF42F4D10A4BE2721B782373094B72
:10F070001B786373084B1B682361F8BD6C45002047
:10F08000303800203E480020D03B0020C0510020F6
:10F09000204800201F4800201C38002073B5ADF820
:10F0A00006000DF106000EF038F8014608B102B076
:10F0B00070BD0DF106000EF0A7F80446F2F718F93E
:10F0C000C67A002EEDD1204610F086F9FF28E8D050
:10F0D00000F020FD054BD3F80451002DE1D033465C
:10F0E000224641213046A847DBE700BF903600208A
:10F0F00073B5002200210C2000F06EFD002119489C
:10F100000EF010F801250446164E84B1204610F08A
:10F1100063F9FF2805D1214630460EF059F8044620
:10F12000F3E704220023009500F02AFDF3E72146CF
:10F130000D480DF0F7FF012504460B4E0CB902B047
:10F1400070BD204610F048F9FF2804D008220023A3
:10F15000009500F015FD214630460EF039F80446C2
:10F16000ECE700BF70450020724500202DE9F84F04
:10F1700010460E461746994610F086FC254A264B47
:10F180000021B0F5006F14BF9046984640460DF040
:10F19000C9FF4FF0000A0446DFF880B00CB9BDE8A3
:10F1A000F88FBC4228D12046F2F7A2F8857A80F881
:10F1B0000BA0013DEDB2857216B13F2E00D02DBBE4
:10F1C00007F025FC0546204610F05EFCB0F5006F08
:10F1D0004FF00002214615D10F480EF034F8FFF72A
:10F1E00087FF284607F019FCDBF8045125B14B4690
:10F1F0003A4631460020A847214640460DF0E8FF38
:10F200000446CBE703480EF01EF8EAE7FFF770FF6D
:10F21000F2E700BF724500207045002090360020C4
:10F2200000232DE9F34706460F464FF6FF78284C9A
:10F23000DFF8A090ADF8063020460DF06EFF0546D1
:10F2400048B9294620460DF06DFF8246F2F750F886
:10F250000389B34217D94C4501D1FFF749FF00217B
:10F2600020460DF05FFF054607F1FF3A5FFA8AFA84
:10F27000D5B94C4516D1BDF80600FFF70FFF404643
:10F2800002B0BDE8F0877B1EDBB2FD2BD4D9294646
:10F2900020460DF0B9FF2A4651460DF106000DF04B
:10F2A00047FFC9E74C46C7E7BAF1FD0F09D9284621
:10F2B000F2F71EF803899B1B9BB2984528BF98461E
:10F2C0000381294620460DF083FF0546D0E700BFA5
:10F2D000724500207045002008B508F0E8FD0B4A93
:10F2E000FF2113881080C31A98B2FFF799FF4FF6D9
:10F2F000FF7301469942064803D1BDE80840F2F782
:10F30000F9BABDE80840F2F759BA00BF74450020C9
:10F3100054500020174B00282DE9F041164D18BF1E
:10F320001D460F4628464FF000010CBF4FF008085D
:10F330004FF002080DF0F6FE044610B92046BDE875
:10F34000F0812046F1F7D4FFC37A064623B1214667
:10F3500028460DF03DFFEFE7204610F0C4FB424683
:10F360000146384611F039FA0028F0D1B378002B65
:10F37000EDD1E3E77045002072450020014B186095
:10F38000704700BF3438002010B504460548F2F736
:10F39000B1FA0023044A1380044A1380044B1C80F2
:10F3A00010BD00BF54500020724500207045002061
:10F3B0006E45002008B50448F1F7C0FDBDE80840DF
:10F3C0000248F1F7BBBD00BF724500207045002028
:10F3D000014B1880704700BF6E4500202DE9F341B6
:10F3E0000446884608F063FD324B074620461E88D7
:10F3F0000FF0F2FF0546204610F046FBB0F5006F17
:10F4000032D1FF2D06D00123042200932846002389
:10F4100000F0B6FBB8F1000F1DD107F0F8FA214655
:10F42000054625480DF0A2FE284607F0F6FA2348C7
:10F430000EF098F8224BA8B31988711A17FA81F0C8
:10F4400086B22046F1F754FF032306818372002021
:10F4500002B0BDE8F08107F0DAFA00222146054645
:10F4600015480DF065FEDFE716480DF0BBFE0428D9
:10F470001ED8FF2D06D00123082200932846002322
:10F4800000F07EFBB8F1000F05D107F0C0FA21466D
:10F4900005460C48C6E707F0BAFA002205462146A1
:10F4A0000848DEE7314605481F80F2F787F9C8E7CC
:10F4B0001C20CDE76E4500207045002054500020F0
:10F4C00074450020724500202DE9FF4708460C4690
:10F4D00010F0BFFA00F48058204610F040FB0546BB
:10F4E000204610F013FBB0F5404F1BD1B8F1000FD0
:10F4F00014D029460020FFF70DFF054670B1F1F743
:10F50000F7FE0023404A81780446009218462A46B6
:10F510000193F1F769F808B90123E372012004B0FF
:10F52000BDE8F087284609F0BBFF814600F07AFA73
:10F53000FF28074637D00125A0F12006C0F120039F
:10F54000324925FA03F305FA06F61E438540D1E950
:10F5500000232A433343C1E9002300F09BFA044609
:10F5600038B1384600F0EEFA10F00C0F14BF012449
:10F570000024B8F1000FD1D04FF0000A03A90120F8
:10F58000ADF80C90FFF7C6FE8146F1F7B1FE80465C
:10F59000B9F1000F1ED1BAF1000F14D1FF2FBDD069
:10F5A000002CBBD128E01A4B1B684BB1484698474A
:10F5B000044628B1B8F1000FB0D000252E46DBE795
:10F5C000B8F1000F01D10020A9E7002501242E4643
:10F5D000A246D3E774B100230B4A81780092184603
:10F5E0004A460193F1F700F8002897D1012388F8E3
:10F5F0000B3093E7FF2F91D0064BD3E9001229433C
:10F600003243C3E9001289E76DF102084816002071
:10F61000343800204016002038B5044610F034FA83
:10F620000546204610F05FFAA5F500630446014642
:10F6300058425841FFF76EFEB0B9B5F5006F01D0E2
:10F64000002038BD204609F02BFF00F0EBF9FF2821
:10F65000F6D0064B00B21B6833F8100000F4E260ED
:10F66000003818BF0120ECE70120EAE73838002015
:10F670002DE9F7434FF000090746ADF8049000F07C
:10F6800061FA10F00C0F29D04FF00208154D2B88AD
:10F69000A5F80090ADF806300DF106000DF03DFD27
:10F6A000044630B1B8F1010F14D04FF001080E4DEF
:10F6B000EDE721460DF106000DF0A6FD06460FF020
:10F6C0008BFEB8422246314614BF284601A80DF0F1
:10F6D0002FFDE1E7BDF80400FFF7E0FC03B0BDE853
:10F6E000F08300BF72450020704500202DE9F04FE7
:10F6F000DFF8208185B0D8E9003213437CD105B012
:10F70000BDE8F08F02EA040103EA0700014327D0B5
:10F7100022EA040223EA0703C8E90023DAE9002306
:10F7200002EA040503EA070C55EA0C056FEA040037
:10F730006FEA070124D1304600F004FAC2070FD562
:10F74000304600F0E7F9DBF81831002B45D11D46B3
:10F75000304600F0E5F8DBF800310BB12946984758
:10F7600024197F4109F10109284B5FFA89F61B78BA
:10F77000B342C4D9D8E9002352EA0301C2D1BEE79B
:10F7800002400B403046CAE9002300F0DBF9C30712
:10F79000E6D51F4B30461B6833F8163003F48873E8
:10F7A000102B10D000F0B6F9DBF8183113BB1D4652
:10F7B0000123102200933046002300F0E1F90020DD
:10F7C000F0F776FEC4E700F0A5F9DBF81831012563
:10F7D000002BBDD00122039502E000252A460395A7
:10F7E0000392002130469847039A002AB0D0002D9A
:10F7F000AED1DDE70025EDE74FF0000901244F46CB
:10F80000DFF814A0DFF814B0AEE700BF0952002003
:10F81000383800204816002040160020903600207E
:10F82000F8B50346084613B309B3402A1FD8114957
:10F8300000260B6010490027086010494FF0FF3583
:10F840000A7000210C4604338A4205DC0021520074
:10F8500010F0EDFF0020F8BDC3E9036703F8044C86
:10F8600023F8024C1D605D6001311833ECE7212064
:10F87000F1E700BF3C380020383800200952002052
:10F88000F0B5144CDDE905672568EDB1F0B9124813
:10F89000007888421AD901EB41014FEAC10C05EB0F
:10F8A000C10415F8311011B92169C90710D400201D
:10F8B00005F80C0062801A6846F0010662605A681A
:10F8C000C4E90467A260F0BD0220FCE72120FAE74A
:10F8D0002E20F8E73C380020095200200E4B30B5AE
:10F8E0001A68A2B10D4B1B78834212D900EB40007D
:10F8F00002EBC003C100002400200025C3E9044539
:10F9000050544FF0FF3258805A609A6030BD022048
:10F91000FCE72120FAE700BF3C3800200952002014
:10F92000094B1B6863B1094A1278824208D900EB7F
:10F93000400003EBC0031A69D20701D5588870470D
:10F940004FF6FF70704700BF3C380020095200207E
:10F95000094A0346106870B1084A12789A4209D9D8
:10F9600003EB430300EBC303186910F0010002D05E
:10F97000181D7047002070473C38002009520020B5
:10F98000F8B50E4B05461C6834B128B100260C4B67
:10F990001F78F3B29F4202D84FF6FF7009E00822A9
:10F9A0002946201D10F019FF20B92369DB0701D576
:10F9B0006088F8BD01361834EBE700BF3C38002002
:10F9C00009520020F8B5154B04461D680E46E5B1F6
:10F9D000134B1F78874218D900EB400305EBC30592
:10F9E00026B92B69DA0712D42046F8BD0822314621
:10F9F000281D10F0F2FE50B92B69DB07F4D4013456
:10FA0000E4B2A74205F11805F0D1FF24ECE7013478
:10FA1000E4B2A74205F11805E2D1F6E73C38002030
:10FA2000095200200A4B01461B6830B52BB1094A28
:10FA300014780022D0B2844201D8FF2030BD5D8806
:10FA40008D4202D11D69ED07F8D401321833F1E778
:10FA50003C380020095200200C4B1B689BB14FF62C
:10FA6000F77291420DD80A4A1278824209D900EB06
:10FA7000400003EBC0031A69D20704D50020598067
:10FA80007047212070470220704700BF3C3800209B
:10FA9000095200200F4A03461068D0B10E4A12786E
:10FAA0009A4215D919B203EB430300EBC300036973
:10FAB00013F001000DD0094A126832F8112002F447
:10FAC000E2622AB913F00C0F14BF01200020704726
:10FAD000012070473C3800200952002038380020AF
:10FAE0000A4A0346106878B1094A12789A420AD93C
:10FAF00003EB430300EBC300036913F0010003D0E1
:10FB0000C3F3001070470020704700BF3C3800204E
:10FB100009520020094B1B686BB1094A12788242D6
:10FB200009D900EB4000C20003EBC0000169C9071E
:10FB300001D5985C7047FF20704700BF3C3800201B
:10FB4000095200200C4A0346106890B10B4A127803
:10FB50009A420DD903EB430300EBC300D0E9043212
:10FB600013F001004FF0000104D018461146704711
:10FB700000200146704700BF3C3800200952002099
:10FB800070B51C46124B9DF810601968D1B1114B2D
:10FB90001B78834218D900EB4000551E01EBC001D1
:10FBA0002543D1E9040301D0C5070FD52EB1104379
:10FBB0002343C1E90403002070BD20EA020023EAC8
:10FBC0000403F6E70220F7E72120F5E72D20F3E70D
:10FBD0003C38002009520020134BF0B51B6803B3DA
:10FBE00000266FEA000C6FEA010E104C2778F4B281
:10FBF000A74201D80020F0BDD3E9044514F0010F5D
:10FC000007D014F0020F04D132B104430D43C3E90D
:10FC1000044501361833EAE70CEA04040EEA050548
:10FC2000F5E70220E7E700BF3C380020095200203A
:10FC30000B4B70B51B682BB100240A4A1678E2B250
:10FC4000964201D8002070BDD3E9042502400D4042
:10FC50002A4304F1010403F11803F0D00120F2E774
:10FC60003C380020095200202DE9F0470026FF27EC
:10FC7000B246164DDFF8588098F800305FFA86F9E2
:10FC80004B4502D83846BDE8F0872B792F2B0FD98A
:10FC900028460EF060F82B796C7903F0070304F026
:10FCA000030483422CBFE4182418E4B2A24506D909
:10FCB0005446B946A2464F4612350136DCE728883D
:10FCC00001F0A6F80028F3D1F4E700BF704100204E
:10FCD000A54700202DE9F04F89B082460FF029FF9B
:10FCE0000290504610F04DF80026411C0546C9B25E
:10FCF0005046F1F721FD3446B346B146B04600F018
:10FD00001F00023500EB4000EAB27D4F50FA85F546
:10FD1000EDB2AA4276D97B4E3378002B6FD0A40087
:10FD2000B4FBF3F4E4B2042C029808BF0324F3F705
:10FD3000BFFA054600283FD1FFF796FFFF285ED0A7
:10FD4000714B05B2049018780DF0ECFF80452CBF84
:10FD500004EB08012118B8F1000F14BF012302239E
:10FD6000674F05EBC50507EB450553FA81F32846B8
:10FD700003930DF0F0FF95F804C06B790CF00701C8
:10FD800003F0030388422CBF1B185B18039ADBB2F5
:10FD90009A4234DA049AB8F1000F04D119B13378D9
:10FDA000033B5B452BDC104602990DF07CFF05B24E
:10FDB00005EBC50507EB45052B791E09B8F1000FCA
:10FDC0007ED0414628460DF0F0FF032128460DF075
:10FDD000F2FFB9F1000F09D1002E40F0848008F045
:10FDE0008CFEC0F30B014948F1F7E8FC6B795046F3
:10FDF00023F003031C446C710FF030FEA87309B0AC
:10FE0000BDE8F08F4ED0424B51461B8807A8ADF895
:10FE10001C304FF000038DF81E30002300930323A5
:10FE20000392F1F74DFC9DF81E30BDF81C101B0924
:10FE3000039A18BF09F10109CDE9041318BF5FFA4D
:10FE400089F903920DF09EFC0499039A8842059B60
:10FE500003D19DF81E8008F00F082E4890F800C0CE
:10FE600014E017F80E0C10F0070003D00BF1010B93
:10FE70005FFA8BFBAA4207D037F812EC8E4503D10C
:10FE800013B108B10134E4B20136F6B2AA4207F167
:10FE900012070BD1B4450FD917F80E0C10F007005C
:10FEA000E4D1F1E700234FF6FF71D6E737F8120CE3
:10FEB000884201D8B445D4D80332123FD2B228E7E1
:10FEC000022E14D95B0707D0414628460DF073FF78
:10FED000B9F1000F83D089E7032128460DF06BFFAD
:10FEE000B9F1000F82D1062E3FF679AF7EE7314699
:10FEF00028460DF060FF59EA06063FF470AF75E73B
:10FF000070410020C951002020480020F42B00201F
:10FF100099670408A54700202DE9F0430823002431
:10FF200085B08DF808300646022301214FF6FC709B
:10FF3000CDE9004402AA0FF000FFADF80A00D8B1E5
:10FF40002746DFF8A080DFF8A09099F80020E3B200
:10FF50009A4224D8BDF80A4020460FF012FF411CF7
:10FF600047F060022046C9B2F1F7FAFB0022BDF863
:10FF70000A001146F4F70EF808F0BFFD184AC0F366
:10FF80000B01137801F55A51013113B1013B890876
:10FF90001370304605B0BDE8F043F1F70FBC18F818
:10FFA0000E5C6F2D17D8404630F8123D2D01ADF88C
:10FFB0000C300DF0D0FE05F0700528448DF80E00D1
:10FFC0000123032203A90DF10A00F1F7E7FA002843
:10FFD000D2D10137FFB2013408F11208B5E700BFF2
:10FFE000A147002082410020A547002010B5054C04
:10FFF0002046F1F77FFC2046BDE810400021F1F7D4
:020000040803EF
:10000000DDBB00BFF42B00202DE9F043284D87B065
:10001000F6F76AFA2A7827492748FFF701FC0921F1
:100020002A78264810F003FC0026224FDFF894803F
:10003000DFF894902B78F4B2A34202D807B0BDE861
:10004000F0830B232246182103A807F09FFF4FF6E9
:10005000F670BDF814209DF81630511E89B2814209
:1000600015D80020C3F3C003DB1840EB0001CDE935
:100070000031214603ABFFF703FC0028DED14FF42B
:10008000805327F8143048F8240029F8140001237D
:1000900022461B210DF10A0007F078FFBDF80A2067
:1000A000064B01361A558022054B1A55C2E700BF90
:1000B000D051002090440020F0100020E94600209C
:1000C00078470020B02A00204E44002010B50A4B8B
:1000D0001C78FFF7A7FCFF280DD0012C38BF0124A6
:1000E000064A230232F8101019B101EB1313A3EBE7
:1000F000111322F8103010BD204800204E4400207B
:100100002DE9F047002506460F46AA46DFF8449041
:10011000DFF8448099F80030ECB2A34202D8504690
:10012000BDE8F0872046FFF70DFDC2070CD520463D
:10013000FFF708FD830707D438F8143037B133438D
:100140004FF0010A28F814300135E3E723EA0603EB
:10015000F6E700BFD05100209044002010B5084BB6
:10016000084A1C780023D9B28C4201D8002010BD67
:1001700032F8021B013330EA0101F4D10120F6E725
:10018000D051002090440020F0B50C464FF6F77196
:1001900087B08A4286461D469DF8306002D900200D
:1001A00007B0F0BD596818680DF10C0CACE80300FD
:1001B0002A49ADF814200978A142F0D900218DF820
:1001C0001660B61006F002060191704621460096B0
:1001D000FFF756FB0028E2D1214B224A43F82400C6
:1001E0009DF83830204E1B0222F814304FF4A04303
:1001F0002146182026F8143003AA0B2307F0CFFE5F
:100200009DF83430194A13F0040F17BF0123184B1F
:10021000135536F814300BBF1B7843F00803135501
:1002200026F81430214601231B20224407F0B7FE94
:100230000021104B104A1B782846234442F8231013
:1002400003F0B2F80D4B1855284603F0D5F80C4AC8
:100250000120137801331370A2E700BFD0510020B2
:10026000B02A00204E44002090440020E94600209F
:10027000B5510020C9510020E42200207847002019
:10028000A4470020054B1B78834206D90021044B6C
:10029000044A1B78034442F823107047D0510020D1
:1002A000C9510020E4220020074B084A1878002397
:1002B000D9B2884200D870471188013321F48051A7
:1002C00022F8021BF4E700BFD05100209044002028
:1002D00030B585B004460D46E0F784FBA04202D855
:1002E000172005B030BD2046FFF72CFCC007F7D51E
:1002F0000B232246182101A807F048FE9DF80E2086
:1003000001AB03CB69609107286030D412F0080F6D
:100310000CBF042303232B722046FFF701FB154B70
:1003200068811B5D20466B73FFF7F4FB124A28734C
:10033000135D4FF47A7103F00F03AB73135D00206C
:1003400013F00F031FBF03F1FF32022393403C223F
:1003500018BF5343094A08BF0A2352F82420B2FBAE
:10036000F1F29A422CBF00239B1A2B61B9E70223BA
:10037000D1E700BF78470020E9460020B02A0020DE
:10038000F8B5194E0446337883422BD0FFF7C8FAEC
:100390004FF6FF77B84225D020463470FFF768F952
:1003A0002046FFF79BFA0546E0B9104A1378013B57
:1003B0001370F4F7ADF9294620460FF0A2F8802219
:1003C0000B4B204623F814500A4B1A550A4B23F8BE
:1003D00014500DF00FF92A463946112008F056FB4B
:1003E000FF233370F8BD00BF0A520020A44700204D
:1003F00090440020784700204E4400202DE9F04F23
:1004000082460E4615464FF000088BB01F469DF8F9
:1004100054309DF850B005934E4B5FFA88F41B782A
:10042000A34207D84FF6F7739D421AD817F0020877
:100430003ED018E02046FFF773FA0B238146224690
:10044000182107A807F0A2FD4FF6FF737EB9994562
:1004500016D14FF6F7729DF82630954203F0EF0360
:1004600011D94FF6FF7528460BB0BDE8F08F9945BE
:1004700006D00822304607A910F0AFF90028E8D0CE
:1004800008F10108C8E79F4207F002092DD0F3F7F1
:10049000ADF900285BD1304B304A1B7853FA88F312
:1004A00012F8238020460FF04CF8B9F1000FDAD192
:1004B000E0F798FA2A4B1B788342D2D000210846F5
:1004C000FFF780FAFF280446CBD0059B0146CDE913
:1004D00001B32A46334650460097FFF755FE0028E1
:1004E000BFD0F4F715F9C14612E02046FFF718FA1D
:1004F000A842CCD1B9F1000FB5D1304602F054FF7B
:10050000184B5FFA88F803F80800304602F074FFD1
:10051000594620460EF0C9FF2046FFF701FA05466E
:100520000DF030F900230146012228460FF043FE6A
:10053000F3F75CF928B9084B084A1B78234442F8C2
:10054000239020460BB0BDE8F04FFFF7E9B94FF01C
:100550000008A7E7D0510020C9510020E422002064
:10056000A447002078470020F8B50026104F3C78BB
:10057000F5B2AC420FD800250E4B64002246294646
:100580000D481D7010F053F922462946BDE8F84089
:100590000A4810F04CB92846FFF76AF800212846AF
:1005A0000EF0AFFF2846FFF799F90136DFE700BFED
:1005B000D0510020A4470020904400204E44002049
:1005C000024B80211A78024810F031B9D051002036
:1005D0007847002073B5044616460D460EF0C8FF56
:1005E00003230020CDE90030054B224629469B5DC0
:1005F000FFF704FF001B18BF012002B070BD00BF51
:100600009C67040838B5FFF70DFAFF28044614D09C
:100610000A4D35F810301B070FD5094B094A1B78D6
:1006200001461354012302441B2007F0B8FC35F89F
:10063000143023F0080325F8143038BD904400200E
:10064000B5510020E94600202DE9F04F794B0546D1
:100650001B788946022B17468BB004D00026304603
:100660000BB0BDE8F08F0EF0E1FE06460028F5D194
:100670004FF6F9739D4262D04FF6F8739D4276D0E3
:100680002B0A28460DF11E018DF81C308DF81B50E9
:10069000F1F7E2FE002814BFB0464FF02008B34641
:1006A00014BF06230E23022229463846039300F086
:1006B000EBFC01220446039B002840F0B880DFF8E1
:1006C00080A18DF818209AF800204946CDE9000055
:1006D0008DF81A208DF81D0006AA4FF6FC708DF8D3
:1006E00019800FF02AFB81460028B7D00DF04AF898
:1006F000B8420FD048460FF0B9FA3946043008F036
:10070000D1FE384604A90EF056FE70B1484604A941
:100710000FF09AFB484B1B78033B012B2BD84FF66D
:10072000FF7148460DF07BFD06469AF80030FF2B1E
:100730000EBF01230133DBB28AF800308FE74FF0A0
:1007400008084FF0200B3C4B1B78033B012B85D94D
:100750000DF018F8B84281D10DF014F8FC238DF893
:100760001B30FF2305468DF81C3006239BE74FF016
:100770001008C346E7E70EF0D6FF80460028D4D025
:100780000DF000F8A8422DD12C4B1A7852BB032152
:100790004846F3F7FFFB0028C7D09AF80030A8F8C6
:1007A000007088F80430002388F8053088F8083095
:1007B0000CF0E8FFA84202D1204B1B7853B10CF09B
:1007C000E1FFB84206D12CB1237923F0030343F0B3
:1007D0000103237100224FF6FF710C2008F056F937
:1007E0000126A2E75946284608F1070200F078FCE6
:1007F0000446002899D0002203214846F3F7CAFB9B
:100800000028CAD1237903F00303012B8DD10CF00A
:10081000B9FFA84203D1094B1B78002B85D023795F
:1008200043F0030323714FF6FF7323807DE71646E1
:1008300015E700BFAB470020AC4700200B5200205B
:100840004048002037B50E4B05461B780C46033B4D
:10085000012B11D9E0F7EAF801280FD0821E53428C
:100860005341590128460DF1070200F039FC18B137
:10087000002144800EF03EFF03B030BD1021F1E7AF
:10088000AC4700202DE9F0438BB0857AB0F8069094
:1008900004460E4617460CF075FF8145804605F06C
:1008A000400541D1002160880DF06AFA0246002E11
:1008B00044D1082304A9C14501EB03060CBF234919
:1008C00002A90868496803C6A2B3022100268DF870
:1008D000172001228DF81010217A45F020058DF89F
:1008E0001210A18808338DF81310090A8DF814101E
:1008F000E188CDE900268DF81510090A8DF816104B
:100900006088314604AA8DF811500FF016FA05469A
:1009100080B161880FF0E1F879003246284601F095
:10092000FE01F3F737FB06E0E08802A90EF043FD75
:100930000028B7D100200BB0BDE8F08330687168A3
:1009400006AB03C345F010051023B3E7F7470020BB
:100950002DE9F74388461E46074691460FF086F973
:100960000021044630460DF00BFA054608F1070158
:100970003846C9B2F0F7CEFE7DB1B9F1000F02D111
:1009800003781D44EDB2057063781A0716D56946E1
:100990003046F1F761FD024618B1002003B0BDE812
:1009A000F083082168460CF030FE0028F5D120467F
:1009B0000FF01DFA082269460FF01FFF0CF0E2FE4F
:1009C0000146201D08F06EFD6378DB0603D538462E
:1009D0000B490FF039FA3146A01C08F063FD31468F
:1009E00038460FF07AF8074A13780133DBB21370F8
:1009F000E371A3790BB10120D0E70123A371FAE7DA
:100A0000F7470020A9470020FF232DE9F04F8FB0C2
:100A10008146164605918DF822301AB301230BAAA0
:100A20000EF0DBFD9DF836500446EF0625D5002775
:100A3000059BBDF8308003F108024946D2B209A8EF
:100A400008230097CDE90977F0F73AFE3A46404689
:100A500009A9F8F773FB002840F08C80A90627D578
:100A600010220DE013460BAA0EF0B7FD9DF836508C
:100A70000446A80663D5062202E0AA0618D5082275
:100A800000230599BDF832700A44CDE9093349467F
:100A90000093D2B209A80823F0F712FE384686F078
:100AA000010209A9F8F74AFB002863D1002E46D0BD
:100AB000BDF830700CF066FE874249D038460EF023
:100AC000B5FC8046002E45D1BDF82EB00021584619
:100AD0000DF056F9BDF82C300390184606930EF031
:100AE000A5FC06460CF04EFE069B834242D0B64B58
:100AF0001B78033B012B3DD915F04003049339D1FA
:100B0000039B0BB9002E35D09DF83570039B05F083
:100B100018051F44FFB2082D8DF835706CD12023C5
:100B20000493002C40F042810EF0FDFD054608B311
:100B3000002E40F0B28033460126B24674E0BDF884
:100B400032700CF01FFE8742B8D14FF00108BBE7AE
:100B50004FF00108002C43D09C4BE279678803EBEF
:100B6000C20633F83220BDF832309A4205D04FF633
:100B7000FF7323800FB0BDE8F08FBDF82EA0B8F151
:100B8000000F08D0002130460EF0B4FDA6F802A0F8
:100B90000EF014FAEEE7BDF830000EF0B3FD054696
:100BA000414630460EF0A6FDA6F802A0884E2DB1B3
:100BB000414628460EF09EFD63886B800EF0FEF9DC
:100BC0003378002BD6D03B46002248460599FFF7E4
:100BD000BFFE0028CED0394648460DF020FBC9E7BD
:100BE0000EF0ECF97A4B1B78002BC3D0B8F1000F54
:100BF000C0D14FF6FF77E6E7102D01D1049590E7BD
:100C0000B8F1000F8DD1002C3AD0C2460021BDF8BA
:100C100032000DF1220200F063FA03460028A9D049
:100C2000002E40F0CB8025460499BDF830000DF130
:100C30002302079300F054FA044600289AD0644A2D
:100C4000079B1278002A79D0BAF1000F26D102460C
:100C50002C466179B9427FD92546A4F802B0677164
:100C60001446002B00F09F809DF82230EA799A42CA
:100C700000F09980002E40F08F80EB71002540E05D
:100C80000EF051FD044600283FF474AF4FF0010A06
:100C9000BCE7002201261346DBE70126B8F1000F6E
:100CA0001FD107F02AFF7E23B0FBF3F202FB1300F3
:100CB00005993A460531C9B25FFA80FA4846F0F71D
:100CC0004FFD4FF6FF7148460EF007FF039B032BC5
:100CD0002CD9AAF17E0A022148465FFA8AF2F3F77C
:100CE00059F9069BA5F802B02B809DF834306F713E
:100CF0002B7100232B72002E42D19DF82230EB7114
:100D00000125B8F1000F3FF435AF484609A90FF0AF
:100D10007BF800283FF42EAF2A4609A90BA8FFF75D
:100D2000B1FD27E7002625463446BAE7039B012B91
:100D300094BF0AF1020A0AF1420ACCE7BAF1000FA5
:100D4000CFD16979B94209D9A5F802B06F71002BEA
:100D50008AD1002E92D024E025461446049A002A17
:100D60003FF408AF8F427FF405AF039307F0C5FE51
:100D700083077FF4FFAE039BA5F802B06F7170E7A5
:100D8000FF23EB71002CBBD001252379A4F802B01E
:100D900023F003032371B4E7FF23EB71002C3FF42E
:100DA0006DAF0025F1E7002CD3D167E7002E7FF46B
:100DB00070AFB24625460126534635E7BAF1000F1B
:100DC000B0D15646524644E7AC470020C643002007
:100DD000CF51002070B50C4B4FF6FF751C780023E7
:100DE00002460A489C4201D1002005E0068896424E
:100DF00006D1AA4201D10B7070BD8679002EFAD0BF
:100E000001330830DBB2EDE7CE510020C6430020AD
:100E1000002210B50A4B1C780A4BD1B28C4201D883
:100E2000002010BD5988814204D11979890701D168
:100E3000997911B108330132EFE70120F1E700BFE2
:100E4000CE510020C643002010B5084B01461C7847
:100E50000023074AD8B2844201D8FF2010BD914236
:100E600003F10103FAD00832F4E700BFCE510020AD
:100E7000C643002038B50446FFF7E6FFFF280546C5
:100E800003D13F210B48DBF74BF94FF6FF732046A8
:100E90002380A37103210EF02DFC074B07481A781D
:100EA00000210732D21002FB0500BDE838400FF0E8
:100EB000BEBC00BFA1670408D05100203747002006
:100EC000F8B504460026124D124F3A78F3B29A4212
:100ED00009D800224FF6FF710F4B1D780F4BD0B28F
:100EE00085420BD8F8BDFF2C02D0AB79A34202D1CA
:100EF0002846FFF7BFFF08350136E6E7FF2C02D092
:100F0000187AA04201D1198019720A330132E6E73A
:100F1000C6430020CE510020CD5100207643002052
:100F2000FF28F8B504462CD0164B1B78834203D813
:100F300080211548DBF7F4F84FF6FF75134A32F8B5
:100F4000341002EBC4000379A94203F0030318D064
:100F5000012B16D100220E4B1F780E4BD6B2B74292
:100F600003D8BDE8F840FFF785BF1E88AE4205D024
:100F700093F807C0A44504D0B14202D00A3301322D
:100F8000ECE7F8BDCE510020A1670408C64300205D
:100F9000CD510020764300202DE9F74306F090FF65
:100FA000324B1B78033B012B21D9314B1D88451B4C
:100FB000ADB2E5B118804FF6FF7700202D4A1378C7
:100FC0002B44C3F3C81403F07F0313702A4B2B4A3E
:100FD0001E78C3B29E420DD800264FF6FF77284CEC
:100FE000DFF8A09099F80020F3B29A4216D803B027
:100FF000BDE8F0831388BB420DD0137999070AD15D
:1010000004EB9311022928BF022103F03F0389B2A8
:1010100043EA8113137108320130DAE734F80A8C9D
:10102000B84506D014F8043CAB4205D95B1B04F864
:10103000043C01360A34D5E70CF0A4FB804534F8B3
:101040000A3C04F8027C24F80A7C09D018460DF109
:101050000701FFF7BFFE18B19DF80700FFF760FF1B
:1010600014F8030CFFF75CFFE3E700BFAC47002078
:101070007645002041480020CE510020C643002084
:1010800080430020CD510020F0B500244FF6FF77BB
:1010900003461048DFF844C006780F48E5B2AE4278
:1010A00001D800200FE005889D4210D13AB1012AF5
:1010B00016BFC57905793CF83550A94207D1BB4226
:1010C00002D114238371F0BD057A002DFBD00A30C4
:1010D0000134E3E7CD51002076430020C6430020D1
:1010E000F8B50D46114607461646FFF773FE002871
:1010F00036D102464FF6FF7C1E4B1F4C1978D3B2F7
:10110000994206D800231C4C8B4221D1F8BD0834EB
:10111000F5E7B4F800E00132E645F8D13370012379
:10112000278023710021A17165B1144B45F008059A
:101130001A782571D31DDA103078114B02FB00307C
:101140000FF075FB2379204603F03F032371DDE7A1
:1011500022799209022AE1D001330834DBB2D3E7C5
:10116000037904469A071EBF23F0030343F00103EB
:101170000371D7E7CE510020C6430020D051002094
:101180003747002073B50DF107010546FFF722FE32
:1011900040B103799A0705D113F0300404D043F02D
:1011A0000303037102B070BD28460EF0B3FA094B79
:1011B0004FF6FF711D7823469DF80760064AD8B2A6
:1011C0008542EFD9D0790133B04204BF118011724A
:1011D0000A32F4E7CD5100207643002010B5134BBE
:1011E0001B7883421DD9124B1B78033B012B18D966
:1011F000104A04B202EBC0039879A0B932F8342047
:101200000A805A884A801B7903F003020A719A09FE
:1012100052014A71C3F30112C3F381038A71CB7186
:1012200010BD0120FCE72D20FAE700BFCE510020C1
:10123000AC470020C643002030B50A4BCC081B78D1
:10124000094D0733DB1000FB0340012301F00701C8
:101250008B402C5CDBB212B11C432C5430BD24EA11
:101260000304FAE7D05100203747002070B50B4B3C
:1012700004461B78834204D840F24B210848DAF731
:101280004FFF0025074E3378E8B2834200D870BD87
:1012900000222146FFF7D0FF0135F4E7D0510020AE
:1012A000A1670408CE510020FF2810D0FF290ED0DE
:1012B000084BCA081B7801F007010733DB1000FB5D
:1012C0000323054AD05CC84000F0010070470020AD
:1012D000704700BFD0510020374700200148EFF78A
:1012E0002DBE00BF784500202DE9F04397B006469B
:1012F0000F4614460CF046FA20B10225284617B0D6
:10130000BDE8F0833A4B1D6815F00205F5D10DF1EB
:10131000340834B940460CF083F998B140F61245D0
:10132000ECE720460DF0C9FE0028F3D122464446E2
:1013300002F1100C234610685168083203C362455D
:101340001C46F7D14FF0010911A8DFF7A1FF05A94D
:1013500011A8ADF8449007F02EFE03A8E0F76CF852
:1013600009A911A89DF80E408DF8459007F023FEBD
:101370009DF80D209DF80F3072B31B1BDBB2802B44
:101380002AD81022404609A90FF027FA0028B4D124
:101390004FF6F7739E4288BF0023164A88BF3B6012
:1013A00012788ABF7B6023232123012A1BD0022AC3
:1013B00008BF2123CDE900830022012339463046AE
:1013C000FBF7BAF988B14FF6F7739E4296D90A4BEC
:1013D0001A780A4B1A7091E7611C00224046C9B284
:1013E000FAF700FFD4E72323E4E7192586E700BFD7
:1013F000882C002042480020A947002043480020B4
:1014000013B50CF0BFF990B91E4B1C6814F0020420
:101410000DD16846E0F710F89DF802309DF80320E2
:101420009B1ADBB2802B02D99DF801301BB9022434
:10143000204602B010BD0CF0A5F9134B19780CF042
:10144000C1FCD8B92146FAF723FF09238DF80030F3
:101450000E4B22461B78022168468DF801300BF0B6
:101460004AFE024608B91924E2E7012321464FF655
:10147000FF70FBF749F80028DAD1F4E740F60C4496
:10148000D6E700BF882C002043480020A647002054
:101490002DE9F0471E464D4B8CB01B68154607469C
:1014A00088469DF8509003F0080A0CF06BF9A842AA
:1014B0003FD1B9F1000F14D06EB9ADF806603D46CA
:1014C00004242246414628460EF0CCF900F00100E3
:1014D0000CB0BDE8F0870023ADF806303D46062489
:1014E0003AE03846FEF79EFAFF28044605D0F2F7A8
:1014F0007DF910B12046FEF7C5FE96B10023ADF888
:101500000630F7F7C9FE0028E8D0062440460DF162
:10151000060202A90DF039F9D8B94046F8F7DAF811
:1015200017E0ADF80660F7F7B7FE0028C7D004242F
:10153000ECE73EB3BAF1000F2ED000230B24ADF838
:101540000630B9F1000F0AD1F7F7A6FE2F460028A2
:10155000DCD13D46002EB4D0BAF1000FB1D004F07A
:101560000402414642F0110228460EF07BF9224661
:101570000646414628460EF075F9002814BF30464D
:101580000020A3E7BAF1000F14D00124ADF80660E3
:10159000B9F1000F95D1D7E70B24284602A9F0F73F
:1015A0005BFF074668B902A807F0D3FE20B9ADF883
:1015B0000600EDE70124F0E744F00204ADF8067000
:1015C000E6E70023ADF80630E2E700BF882C0020F4
:1015D000F7B506460F4615460CF0D4F828BB144B59
:1015E0001C6814F0020420D14FF6F7739E421CD8F9
:1015F000F4F77AF960B101232A463946304600945F
:10160000FFF746FF002808BF1924204603B0F0BDAD
:101610000CF0B8F8A8420CBF06220B2239460CBFCA
:10162000304628460EF01EF9ECE70224EDE700BF35
:10163000882C00202DE9F0471E46744B8CB01B7897
:1016400007460D461446DDF85080002B3ED00CF0C6
:1016500099F830B36E4B1B68980722D44FF6F77396
:101660009C4233D843463A4631462046FBF798FC25
:101670000CF088F8854200F0C5803046FEF780F90E
:10168000A04203D1FEF7CEF90DF05BFFBA1E534224
:1016900053412946002220460CB0BDE8F0470EF029
:1016A0008ABDE7B1F91ED1F1000949EB01094FF6F6
:1016B000F7739C4216D90321204607F031FA032321
:1016C0003A4631462046009507F077FA0CF05AF872
:1016D000A84200F097804FF6FF739C42CBE74FF093
:1016E0000109E4E72B463A463146204606F098FFCA
:1016F0002146CDE900082B463246384607F03EFE2B
:1017000080460146204607F00BFAB8F1000F61D180
:10171000B9F1000F12D100233A4631462046009518
:1017200007F04BFA88F001032A4631462046CDF8EF
:10173000009003F00103FFF7ABFE99E7002FEAD01A
:1017400003AA9246334B03F1100E94461868596869
:101750000833ACE8030073456246F6D107A8DFF70B
:1017600097FD0323306871688DF81C3008AB03C304
:101770009DF8293007A843F002038DF82930E0F7DF
:1017800027F990B13068716808AB03C3042307A838
:101790008DF81C30E0F71CF938B1022307A88DF84A
:1017A0001C30E0F715F90028B5D1514607A8E0F73D
:1017B00047F90028AFD0F4F779F80028ABD103231C
:1017C0003A4631462046009507F0F7F90BF0DAFF6C
:1017D000A84250E743463A4631462046009507F076
:1017E000ECF9B8F1010F9DD0B8F1020F7FF440AFD2
:1017F000284607A9F0F730FE20B93246284607A947
:101800000DF0EBFF0CB0BDE8F08700BFA74700204C
:10181000882C0020B1670408044B1A880AB1002202
:101820001A8000210846F9F769BD00BF78450020FD
:1018300000232DE9F0478EB004460E46CDE9033370
:101840004F780BF09FFF50B1AE4B1B689A0706D440
:10185000092103A807F0A3F90EB0BDE8F0872046E0
:1018600003A9F0F7F9FD0546002840F04481022F56
:101870003DD0042FECD1DFF7C1F8002800F0118132
:10188000DFF7BCF8022840F00E8109AE2B462A464D
:101890003146284607F0C5FC012103A89DF82550D4
:1018A00007F092FD2840FF2800F0218105AD284671
:1018B0000BF0B6FE002840F01C8195E80F0086E88A
:1018C0000F003A46314603A807F0BAFB024600284B
:1018D00040F00D81032303A9CDE9005320463B4688
:1018E000FAF72AFF00280CBF13210621B1E7854B28
:1018F0001B689B07ACD402360822314682480EF0A2
:101900006CFF0028A4D0DFF785F8002800F0C9801C
:101910007E4B7F4D1B78F3B9FFF77EFF29880029A6
:1019200053D103AF3146384607F064F9002800F080
:10193000B68030460DF10A01F0F768FD38B90DF1B7
:10194000240A50460BF06CFE8046002873D0FFF747
:1019500063FF0F217DE72988B9BB0846EFF78EFDAD
:101960002880002800F0C9800123082203A9284606
:10197000EFF714FE3146012308222846EFF70EFE4A
:1019800001233A4609A92846ADF82440EFF706FEA0
:101990002888EFF7C9FC29460646204602F036FAA9
:1019A0002888EFF7C1FCF6B2864208D1FF238DF8F4
:1019B0002430012328461A4609A9EFF7EFFD00213C
:1019C0000120F9F79BFC0C2143E70846EFF790FC58
:1019D00007462888EFF78CFC2C88112100F10808B5
:1019E0002046EFF7A9FE102181462046EFF7A4FE1E
:1019F0000822044603A940460EF0EFFE00287ED1DF
:101A00000822314638460EF0E8FE002877D104EB74
:101A100009244646A4B285E728884FF0010828B17A
:101A20001221EFF789FEFF2881461ED13246B946C2
:101A30002046402304E03A46B1464346BDF80A003A
:101A400043F00303CDE900A349460323FAF774FEEC
:101A500000283FF47CAF0721484607F0A0F8B8F112
:101A6000000FD9D0FFF7D8FEF6E600210846EFF7C1
:101A700005FDADF8140048B1204605A902F0C6F9ED
:101A8000BDF81400EFF750FC0028CFD114230093C9
:101A90004A46394620462B8802F070F9C6E7FFF720
:101AA000BBFE1121D5E6DEF7A9FF012801D00621F2
:101AB000CFE605AE2A462B463146009503A8F9F736
:101AC0002FFB024608B10A21C3E60E4B20461B68D5
:101AD00003A95B0003F0040343F00303CDE90063B3
:101AE0003B46FAF729FE0028E1D11321B1E6052192
:101AF000AFE61221ADE60B21ABE61021A9E60E21DF
:101B0000A7E600BF882C0020F7470020E34600200E
:101B100078450020012330B50D4C85B022788DF832
:101B20000430D5188DF805200E228DF806200A689D
:101B30002570CDF807204A6801A9CDF80B200B22AB
:101B4000EFF72CFDB0FA80F0400905B030BD00BFC2
:101B5000A847002070B500230C4686B002AE0546AB
:101B60001A46314620460093F9F7DAFA58B90323AA
:101B70002146CDE9006328460423044AFAF7DCFD38
:101B800080F00100C0B206B070BD00BFF747002072
:101B9000142330B518498BB07F22054609880DEB18
:101BA000030006F0F3F9BDF81430DA0721D413F07E
:101BB000060FC3F3410208BFC3F341220F4B0DF1DF
:101BC00016019C5C684622460EF043FEBDF82630A6
:101BD00004F128026A4402F8283C02341B0A02F885
:101BE000273C69462A46E0B20CF0ACFD00200BB061
:101BF00030BD2320FBE700BFD2200408C1670408E2
:101C000010B58AB0ADF826200022CDE90522049255
:101C10000CAA02924FF6FF7201464FF49474012011
:101C20000192074A039004FB0122DC3200924CF639
:101C300020010DF126020DF037FE0AB010BD00BFE5
:101C40009036002000B58BB0ADF824309DF83030D0
:101C500003208DF82630002303900A4909A8CDE916
:101C60000130CDE90533049301F1DC030093B1F8B1
:101C7000D83002204CF660410DF016FE0BB05DF836
:101C800004FB00BF9036002010B54FF6FF741E4ACB
:101C90008AB0B2F8E400B2F8DA10A042ADF826003B
:101CA000B2F8D8304FF6FD70ADF8241018D081424C
:101CB0004FF0000094BF48F660014CF66001CDE99A
:101CC0000500CDE90300CDE9010094BF09AADC328B
:101CD00000920DF1260204200DF0E6FD0AB010BDC1
:101CE00081424FF000008CBFDC3209AA00928CBF09
:101CF0004CF6604148F66041CDE90500CDE90300AE
:101D0000CDE90100014AE6E7903600207637002051
:101D100000B50E4B0022B3F8DA308BB0ADF82430AA
:101D20004FF6FF73CDE90522CDE90322CDE901226B
:101D300009AA00924FF400610DF126020720ADF8C8
:101D400026300DF0B1FD0BB05DF804FB903600209D
:101D500030B58BB08DF825301B0A8DF82630002366
:101D60000E4991F8D440D1F8D850B1F8D800CDE957
:101D7000053304930723DC31039308ABCDE901035A
:101D800000914FF6FF734CF62041082008958DF81E
:101D900024400DF089FD0BB030BD00BF903600200F
:101DA00070B54FF6FE76274C1D46B4F8DA30B4F81D
:101DB000D810B34294F8D800A2B04FEA112131D123
:101DC0004FF44043DC348DF80B008DF80C10ADF867
:101DD000083003CC0DF11504CDF80D00CDF811102D
:101DE0002270120A6270002211461046A270E27040
:101DF000ADF806200DF018FFADF8060080B102A97D
:101E00000434621A0123D2B20DF10600EFF7C6FBCB
:101E1000BDF806002A460121EFF708FBBDF80600D1
:101E200022B070BD4FF400448DF80D301B0AADF8A0
:101E300008408DF80B008DF80C108DF80E300DF168
:101E40000F04CDE7903600202DE9F04F002485B037
:101E5000DFF8E0B0BDF838A01F46BBF8DA305046D6
:101E600000931546BBF8D890ADF80E40EFF75CFA3A
:101E70005FFA80F83846EFF757FA22462146C6B295
:101E800020460DF0D1FE08EB06021632ADF80E002A
:101E900023462146D2B20DF10E00EFF77FFBBDF8CD
:101EA0000E00002840D0EFF723FAE222034680F824
:101EB00013904FEA19290474427480F81490082290
:101EC0000BF1DC01153001930EF097FC019B03F13F
:101ED0001D04BAF1000F08D05046EFF709FA424648
:101EE000014620460EF0B5FC444447B13846EFF7B2
:101EF000FFF93246014620460EF0ABFC3444009B0D
:101F00002570A3701B0AE3704123237100232D0A5F
:101F100063710748657001F047FA4FF47843A07188
:101F2000BDF80E00A4F8073005B0BDE8F08F00BF83
:101F30000F4800209036002018B1034B0020196094
:101F40007047024BFAE700BF4038002044380020B9
:101F50002DE9F8431046174607F0A2FADFF81C8176
:101F60000546D8F800302BB9424B1B6813B9002046
:101F7000BDE8F88315F4406905F040060FD136BB83
:101F8000B5F5804F52D24FF48074D8F80030002B52
:101F900056D1384B1B68002BE9D0002262E0F81CB8
:101FA00007F07EFA4FF6FF73984214BF0124022413
:101FB00086B1052605F44043B3F5004F44F008040C
:101FC00024D0B5F5804F23D244F4807420E04C46F1
:101FD0000326EFE7B5F5804F4FF00506F4D3B9F5CA
:101FE000406F14BF022008203044384407F058FAEC
:101FF000214B05F44045B3F8D83083420CBF44F080
:10200000080444F00404B5F5004F01D144F0800405
:10201000B9F5006F0ED1B81907F042FA164BB3F8B4
:10202000DA308342B1D144F01004AEE74C460326C7
:102030000220D9E7B9F5406F08BF44F02004A4E7B7
:102040000022D1B233F8110033F911100029A0DBBE
:10205000A04202F10102F4D1012089E7A04202F17D
:102060000102F9D0D1B233F8110033F9111000296F
:10207000F4DA7CE740380020903600204438002015
:102080002DE9F04F104685B01646984607F008FA3D
:102090005D4F00F00803B7F8D810044600F00709B8
:1020A000F01C02930391B7F8DAB007F0F9F906F1E2
:1020B000050A0546504607F0F3F903464FF6FF7050
:1020C000854218D00399A1EB050CDCF1000545EB26
:1020D0000C056D004FF6FF718B420ED145F00405E3
:1020E00000F0E8F9029B6BB1B9F1000F11D042206A
:1020F00005B0BDE8F08F0125ECE79B4508BF45F032
:102100000805EDE7B9F1030FF1D8DFE809F0021B8C
:10211000795D00F0CFF908B9A807E8D524F00804E4
:10212000A4B2B4F5004F05D0B4F5624F02D0B4F5B7
:10213000404FDCD10025294697F8242100200DF0DE
:1021400073FD3CE0D7F8FC30E3B900213246084685
:10215000FFF7FEFED8B948F6410224F038039BB2DF
:102160009342C4D10A2D49D0062DC0D197F8F3303F
:10217000023B012BBBD8EDF7BFFD0028B7D140F6DD
:10218000040505E04146304698470028DDD0082583
:10219000E20648BF45F08005A30648BF45F48055D8
:1021A00005F00C03042BC6D1F01D07F079F997F860
:1021B00024313246009341462B460DF00AFD08B308
:1021C0000E9B1880002093E7A90705D14FF6FF73F7
:1021D000B7F8D8209A428AD104F44063B3F5006F6F
:1021E0000AD0B3F5406F82D10822504607490EF05D
:1021F000F4FA00287FF47BAF0C25C9E70425C7E774
:10220000432075E7192073E7903600206C370020D3
:10221000034B1A781AB1FF2A04BF00221A707047C4
:102220004548002070B5084C084E2378F55C1DB178
:102230003E210748D9F774FFFF2223782846F2543D
:102240000023237070BD00BF444800204548002093
:10225000C6670408034B044A1B78D05CFF3818BFDC
:102260000120704744480020454800200023074AC9
:1022700007491360074A1360074A1360074A116051
:102280000121074A1170074A136070475438002033
:1022900083FC0308503800204C3800207450002084
:1022A0000C5200205C3800200E2A70B50C46064601
:1022B0001546194603D9FFF7D9FF502070BD0128F4
:1022C00007D10020EDF732FDB0B1FFF7CFFF21209D
:1022D000F4E780220021224B1A70224B1960224B16
:1022E0001B684BB13420EFF7C9F8204B188018B9A0
:1022F000FFF7BCFF0120E1E724F0FF6323F4FF2395
:102300001BB1FFF7B3FF4F20D8E774B92046EDF7B4
:1023100029FD0124032510F0800F43B21BBF00F0FC
:102320001F039C409C4044F078440020104B24F054
:1023300078441E700F4B10491D70104B1C60104BE1
:102340001870104B1A68EEF70DF918B1FFF78EFFF1
:102350000420B3E79DF810200B4B1A70AEE700BFC6
:1023600046480020583800204C3800207A4500208C
:102370004B48002049480020E92603085C3800202B
:102380004A480020543800204748002010B5164B1A
:10239000187860B1154C2368CBB14FF470720020EF
:1023A0001349EEF70DFB2368013B236010BDEDF7E9
:1023B00021FD1049104A91F90040136884420B4CEA
:1023C00003F1010313602368B8BF087053B90B48C9
:1023D0000BF0C8F80028E9D1BDE8104001460748D5
:1023E000EFF7ECB90822DAE74B480020603800200C
:1023F0008D230308464800205838002078500020DC
:102400007FB5244B00251A7801232348234903FA7A
:1024100002F200781A440A60ADF80E5020B39842D8
:1024200036D11F4C1F4B20781B680DF10E019847C9
:102430001D4EBDF80E20307092B11C4B2946009302
:10244000284602230195EEF7CFF83278237822B19F
:10245000012A12BF1B230133DBB2237004B070BD0D
:10246000013818BF0120F0E778235A43013A0A6087
:1024700008220F49EEF7A4FA0B49094A09781378A4
:1024800021B1012912BF1B230133DBB21370E5E731
:102490001846E3E7494800204B48002060380020F8
:1024A0004A480020745000200C52002025270308C1
:1024B0008D230308054B1B682BB9054B18680038A2
:1024C00018BF012070470120704700BF503800201E
:1024D0004C38002037B505461C46FFF7EBFF68B9BE
:1024E00074B1084B1A60084B0A461C600123294648
:1024F00000930323FFF7D8FE03B030BD4D20FBE768
:102500002520F9E7483800205038002013B504464C
:10251000FFF7D0FF58B962B1074B1A6001230A4692
:10252000009321460323FFF7BFFE02B010BD4D20EC
:10253000FBE72520F9E700BF4C3800202DE9F041EA
:102540000446DDE906861D469DF82070FFF7B2FFC0
:1025500088B99EB1A2B10B4B01201A600A4B0A4602
:10256000C3F80080094B21461E602B460697BDE844
:10257000F041FFF799BE4D20BDE8F0812520FBE733
:102580002120F9E7745000205438002050380020F2
:102590000148EEF7D3BC00BF7A4500202DE9F04199
:1025A0000020EDF741FF0F4B0F4C1E680F4B2088AA
:1025B0001D680F4B0F4FD3F8008010B13978EEF73C
:1025C000CFFE00203870FFF751FEEEF7B5FA0EB1DE
:1025D0004046B0471DB12088A84700232380BDE8AE
:1025E000F08100BF503800207A4500204C38002090
:1025F0005C3800204C480020F8B52F48EFF77AF9F6
:102600002E4B187830BBEDF7ADFB2D4F06463B68DF
:1026100003B32C4B2C4D1C6824B195F900301A469D
:102620001946A047294B1B6883B1294C2378312BCD
:102630000CD8284B1888EEF75BFE23785A1C2270C2
:102640002A78C25423785A1C2270C65480232B70D7
:1026500000233B60204C23781A2B22D81F4A127883
:10266000012A09D100211E4A156825FA03F0C00786
:10267000DAB20ED501B122700020EDF773FB21789C
:10268000884212D10022174B1A70FFF7B9FE40B9E9
:10269000F8BD0133D8B21A284FF00101E5D90A4438
:1026A0002270BDE8F840FFF779BF0020EDF76CFB22
:1026B0000028E7D0F5E700BF785000204B48002005
:1026C0005838002048380020464800204C38002068
:1026D0004C4800207A4500204A4800200C52002037
:1026E0005C3800204848002008B50B4B187880B9AA
:1026F0000221EDF709FB094B1B782BB100214FF6A6
:10270000FF720846EDF7DAFABDE808400448FFF723
:1027100073BF00210846ECE74B48002047480020E3
:102720007850002038B5144B0C461D78012D21D16E
:1027300081B90846EDF716FB104A05FA00F0136858
:102740000F4923EA0003136020462A46BDE83840BB
:10275000EEF736B90B4A13780133DBB2022B137054
:1027600004D9BDE838400848FFF746BFFFF748FEE8
:102770000028F6D138BD00BF4B4800205C3800204F
:102780008D23030848480020785000202DE9F043AD
:102790001E46574B8FB01B780746033B012B0C4658
:1027A00015469DF8588007D8F3F7EEFE20B1EFF7F5
:1027B00043FA08B144F400544E4B1B7813B924F487
:1027C0000074A4B2200509D546B9284604A9EFF73C
:1027D00043FE002846D024F40064A4B2ADF81840AB
:1027E000ADF81A500AF0CEFF434BADF81C00B8F11B
:1027F000000F02D01A78424501D293F800803F4A78
:10280000E105137848BF0DF1210103F10103DBB2AB
:10281000137058BF08A922058DF81E808DF81F304F
:1028200006D53368083141F8083C736841F8043C28
:10283000E30407D5324A0831136841F8083C53686D
:1028400041F8043C0DF11808A1EB08005FFA80F98B
:1028500000214846EEF712FE064628B900200FB0C8
:10286000BDE8F08304AEB9E7EEF742FD41464A46C3
:102870000DF0EFFF3046EEF757FD80463046EEF79D
:1028800037FD0023024600934FF6FF7004235FFAE2
:1028900088F10DF09EF9ADF80E000028DED040F270
:1028A00001131C421AD14FF6F7739D4216D8EEF76A
:1028B0003BFD0DF10E010446284601F0A7FABDF8D4
:1028C0000E00EEF731FDE4B2A04207D9BDF80E00CC
:1028D0000DF0CCF9437843F004034370BDF80E00CB
:1028E0003A460121EEF7A2FDBDF80E00B7E700BFA2
:1028F000AC470020A7470020B7510020A94700207F
:10290000F7470020024B18780130C0B218707047AA
:10291000A9470020F0B50829D58889B028D00C290E
:1029200026D0AE0424D405F040030B43424C267855
:1029300016B105F0200423432FB2002FB8BF43F097
:102940008003032920D11223AC068DF80430937A3A
:1029500010D48DF805300DF1060401A9621A012387
:10296000D2B2EEF71BFEB0FA80F0400909B0F0BD1C
:102970000B46DBE732228DF805308DF80420002E5F
:10298000E9D00DF11304E8E70C298DF804300ABFF3
:10299000138953798DF80530548805BF1B0A8DF8CB
:1029A00006308DF805300DF1070318BF0DF1060351
:1029B0001C70240A5C70148802399C70240ADC7034
:1029C000147901291C7111D8917A002F597131DACB
:1029D000022112899971DA71120A03F109041A723B
:1029E000002EBAD0AB06B8D50534B6E7A9071AD47D
:1029F000002F0CDA117A51B1917A59711189127A3A
:102A000003F1080492B102229A71D971E8E70B4CE4
:102A1000217801F1010C84F800C091729C1D002FF7
:102A20005971DDDAEAE7917A9C1DF8E70122090A7B
:102A30009A71EAE79C1DD3E7A7470020A84700202A
:102A4000014B1880704700BF7C450020014B18885F
:102A5000704700BF7C4500202DE9F843074605F08C
:102A60002BFA05461B480AF07DFD1B4B60B31C6822
:102A70003C1B2C44A4B20022184BDFF868901B7852
:102A8000174D03EB830399F8006005EB43055FFAEC
:102A900082F846450AD9AB8805F10A00A34216D947
:102AA0000A23B21A29465A430DF0A7FE013689F8C7
:102AB0000060AC80B8F1000F03D139460548EEF74D
:102AC0007DFE2846BDE8F8833C461D60D3E70546F9
:102AD0000132DCE798500020643800204D48002087
:102AE0009E4000204E4800201FB5154A154C137813
:102AF000013BDBB213706168206801AA03C221891F
:102B00001180114A1278D21805D00A2320465A4360
:102B1000E1180DF072FE9DF806301B070DD0BDF8D0
:102B20000C00FFF799FF03468288ADF8082001AA40
:102B300003CA1288186059601A8104B010BD00BF22
:102B40004D4800209E4000204E480020002108B53E
:102B5000084B09481970094B1970094B1A7802EB98
:102B6000820252000DF063FEBDE808400548EEF712
:102B7000C1BE00BF4E4800209E4000204D480020AE
:102B8000C751002098500020F8B50024084D094F87
:102B9000094E3B783178E2B20B449A4204F10104C9
:102BA00000DBF8BD2846EEF7C9F90A35F1E700BFAA
:102BB0009E4000204E4800204D480020F8B51646A3
:102BC0000C4B0D4A1B781278074613440B4A0D46EE
:102BD000127893420CD03046FFF73EFF0135068154
:102BE00007808570044605F062F9E0800120F8BD99
:102BF0000020FCE74D4800204E480020C75100202F
:102C000010B5064C207828B10548F5F7DFFA10B169
:102C1000034B188810BDFFF767FFF3E74D4800200E
:102C20009E40002008B50A4A0346107860B1094A60
:102C30001088984209D121B99378103323F00F03FB
:102C40009370FFF751FF012008BD0020FCE700BF93
:102C50004D4800209E4000202DE9F74F002605F04A
:102C60002BF9DFF8F890B24699F80070B3463A466F
:102C7000DFF8EC801FFA80FEB8F800C0344CAEEBF1
:102C80000C039BB201932378324D009303EB830333
:102C900005EB4303ACEB0E0C5FFA86FEBE4515D385
:102CA000BAF1000F01D0009B2370BA422AD3002F43
:102CB00037D00A222378C8F8000002FB03532648C5
:102CC000998803B0BDE8F04FEEF778BDB3F804E0A3
:102CD00001998E4512D84FF0010A009993F802E04D
:102CE00001310EF1FF3EC9B2013AA3F804B083F8F6
:102CF00002E00091D2B20A330136CDE7E644A3F8F0
:102D000004E0F8E789F800204AB10A222378C8F8DD
:102D1000000002FB035310489988EEF74FFD23781B
:102D200013B903B0BDE8F08FFFF76AFF064600282D
:102D3000F5D00CF0BCFE014630460BF070FA20B125
:102D400000212888FFF76EFFE9E740F60241F8E727
:102D50004D4800209E400020985000204E48002002
:102D6000643800202DE9F04192F808801F4608F1F0
:102D7000FF33DBB2EF2B05460E46144688B00BD965
:102D800082238DF80E30314628469DF80E30204AB9
:102D9000FAF7AEFF012037E00E22002104A80DF063
:102DA00046FDB4F809308DF81180ADF81230E37AA1
:102DB00003F07F02032A08D0012B24D103238DF8CE
:102DC0001030A389ADF815300EE0032B14BF022399
:102DD00001238DF81030E368CDF815302369CDF864
:102DE0001930237D8DF81430A7F121014A420DF1ED
:102DF0000E034A41009321460DF10F0304A8FAF790
:102E0000C7FA0028BFD1002008B0BDE8F08100BF9C
:102E1000DF6704082DE9F04F00241D7895B0CDE957
:102E200002010492234622460120CDE90054404984
:102E30000AF065FBADF81E00F8B1A346264627460A
:102E40000DF120090DF1380ADDF7C0FD5FFA84F8B5
:102E5000404516D83A460221BDF81E00EEF780FC28
:102E600032460421BDF81E00EEF77AFCDDE90310BE
:102E70000022BDF81E30FAF73BFF012015B0BDE877
:102E8000F08F4A4640460AA9FAF774FA9DF82820BE
:102E900022B12DB1013DEDB20137FFB20134D3E7CC
:102EA000BBF1000FF8D199E803009DF829308AE8BA
:102EB00003008DF84030BDF82A30032A8DF84130E8
:102EC0004FEA13238DF8423017BF032301238DF8F7
:102ED00043309DF82C30DDF83110DDF82D0014BFA3
:102EE0008DF84C308DF8433011AB03C302980CBF02
:102EF0004FF00E084FF015080BF0AFFE0590BDF82F
:102F00001E00EEF711FA059900EB080399420BDB5E
:102F10000123424651460DF11E00EEF73FFB00280B
:102F2000ABD10136F6B2B7E74FF0010BB4E700BF03
:102F3000DC6704082DE9F04FDFF8D89087B007462A
:102F4000109BB9F8000088461D7898B90024CDE997
:102F500001442C4B0094224601201B782A490AF098
:102F6000CEFA0346ADF81600002241463846FAF77D
:102F7000BFFE3EE0EEF7D8F9C0F3C706002EE5D05D
:102F8000B54239D2DFF87CB0741BE4B2082C28BFFC
:102F90000824CDE902540196B9F800300022FF3B25
:102FA00018BF012300939BF80030184901200AF054
:102FB000A6FA4FEAC40A0AF10701ADF81600C9B231
:102FC0000DF116000AF0CBF9CDF800A0EB000721B7
:102FD000B9F80020BDF816002C440AF0E8F9E5B273
:102FE000002241463846BDF81630FAF781FEAE425F
:102FF000CAD807B0BDE8F08F8F22054901200AF03A
:103000007EFAAEE753480020DB670408DA6704085D
:10301000DF670408804500202DE9F043037805466A
:103020000E46144685B0B3B9144F90F801803B7832
:1030300090F80290434501D000F08CFAB9F1010FED
:1030400087F8008007D16F790025A8460634E4B2DE
:10305000EBB29F4202D805B0BDE8F08308232246B8
:103060000DEB03003146CDF80080EEF729FB083464
:1030700002A800F05BFA0135E4B2E9E7534800200A
:103080007FB5154B15461B780126033B012B98BFD6
:10309000124B8DF8090098BF1D780D230DF10B0020
:1030A0000C468DF808308DF80A6006F0FBF9002315
:1030B0003146CDE900632046062302AA8DF80D5063
:1030C0000CF03BFE30B121460BF0A9F87040C0B2C5
:1030D00004B070BD1920FBE7AC4700204F4800202A
:1030E000034B03220120B3F8E410FFF7C9BF00BF70
:1030F0009036002010B50B4B04461B78033B012B88
:1031000003D98C210848D9F70BF8084B93F9D6302E
:10311000A34204DB6FF00E03A342B8BF2346044A68
:10312000137010BDAC470020E16704089036002002
:103130000D52002008B5094B1B78033B012B03D926
:10314000A4210748D8F7ECFF064B93F9000010F1D3
:10315000800F04BF044B93F9D60008BDAC47002094
:10316000E16704080D520020903600202DE9F04F51
:1031700085B005460CF0DDFC074628460CF001FE44
:10318000411C0446C9B22846EEF7D6FAA11CC9B2C2
:1031900081462846EEF7D0FA033400EB4000E6B251
:1031A00050FA84F42846EEF7BFF8E4B284424BD8D4
:1031B000DFF8A8B0A6420ED3B9F1010F44D13946C9
:1031C0000220234B1A78C2F1B302D2B205B0BDE897
:1031D000F04FFFF755BF1F4B32461B882946ADF80D
:1031E0000C30002303A88DF80E3000930323EEF774
:1031F00067FABDF80CA09DF80E800AF0C3FA50459E
:1032000010D1154B1B78033B012B0ED8FFF792FF13
:10321000404440B2FFF76EFF0D4B1B78C3F1B30380
:103220008BF800300336F6B2C4E73846FCF7FAFBF9
:1032300000F03CF982463846FCF7F4FB08EB0A0143
:1032400049B200F049F9EDE705B0BDE8F08F00BFE5
:103250001F480020F6670408AC4700204F480020B4
:103260008022014B1A7070470D52002008B50748A4
:10327000EEF740FB0649074A0B780BB9137823B1E8
:1032800000231370044A0B70138008BDB85000204F
:1032900052480020514800207E45002008B50448CF
:1032A000EDF74CFEBDE808400248EDF747BE00BF11
:1032B0007E450020804500202DE9F843294B074634
:1032C00093F9D6608E4204DB6FF00E068E42B8BFD3
:1032D0000E46254D2C88BCB921462020EEF7CEF8AD
:1032E000288010B90020BDE8F883202128460AF084
:1032F00036F8E1B2FF2228880134EEF731FA202CAB
:10330000F7D10022194B1A70DFF8609099F800107D
:103310000229E7D84FF0000801EBC101CCB204EB61
:10332000080117F808202888C9B208F10108EEF74B
:1033300017FAB8F1080FF2D104F108010124288826
:10334000F2B2C9B2EEF70CFA99F80030084801332E
:1033500089F80030074B47F2E8611C70EEF72EFA4F
:103360002046C0E7903600207E45002051480020CE
:10337000B85000205248002038B5084B04461B784E
:10338000074D1BB9287808B9206038BD054B0021CE
:103390001888EEF7BFF920602878F6E75248002039
:1033A000514800207E4500202DE9F341064601A842
:1033B000FFF7E2FF38B100240D4BDDF804801F78E1
:1033C000E3B29F4205D80B4B93F9D60002B0BDE89B
:1033D000F08104EBC40545440822314628460DF02F
:1033E000FCF901340028EBD195F90800EEE700BFA5
:1033F00051480020903600202DE9F04F85B08146DD
:1034000003A8FFF7B9FF002844D105B0BDE8F08F4D
:10341000A8EB050505EBC5052A46304606F109016E
:103420000DF0EBF94FF0FF3372191C44735187F81C
:1034300000A053601372E4B20134E4B297F8008044
:10344000A0451CD9039B04EBC40B03EB0B0608221D
:103450004946304601930DF0C0F90028ECD1651CB7
:1034600008F1FF3AA845019B5FFA8AFAD0D14FF0E4
:10347000FF3287F800A043F80B20726032723B786D
:10348000002BC2D1054A06481370064A1380EEF796
:1034900031FABAE70024044FD0E700BF52480020B9
:1034A000B85000207E45002051480020FF2810B56C
:1034B000044608D0FCF746FBC30704D5044B185755
:1034C00010F1800F02D1034B93F9D60010BD00BF5D
:1034D0007847002090360020FF2838B504460D4676
:1034E0001AD0FCF72FFBC30716D50C4B93F9D63037
:1034F000AB4204DB6FF00E03AB42B8BF2B46084A69
:10350000084913550878084A18B992F900009842FA
:1035100002DA00201370087038BD00BF903600201A
:10352000784700200E5200205048002010B5084C6B
:103530000146228822B9082109F0DDFD208010BD56
:103540002046BDE8104001230822EEF727B800BF4F
:10355000804500200022014B1A80704780450020E2
:10356000F8B50F4D07462B88C3B90120F8BDE1001F
:1035700001F0F8012888EEF7CDF8082239460DF061
:103580002CF901360028F0D02888EDF7CDFEF4B2F2
:10359000C0F3CF039C42EAD30020E7E70026F3E71D
:1035A000804500202DE9F04F02290546144687B0DA
:1035B0004CD019B9012007B0BDE8F08F0CF0CFFA5C
:1035C000074604F11E092388012B51D1E1782846D2
:1035D0000331C9B2EEF7B0F8E17806460231284669
:1035E000C9B2EEF7A9F841F6016300EB062080B2FC
:1035F000984223D194F803A028460AF10201C9B2E7
:10360000EEF79AF80AF1030610F0010F8046F6B2C1
:1036100018D118F0020F1BD118F0040F0ED0237927
:10362000B34213D331462846EEF786F864280DD10D
:1036300005F063FA00F07F00642807D806344C4593
:10364000C1D1B7E7F0F74AFE0028E2D10020B2E787
:103650002379B342FAD331462846EEF76DF8384B5A
:103660000AF1040A1B785FFA8AF68342D4D2EDE7A6
:10367000022BE3D1E17828460231C9B2EEF75CF8BB
:103680001B28DBD1E17828460331C9B2EEF754F8A4
:103690001928D3D1E17828460431C9B2EEF74CF8A5
:1036A0004A28CBD14FF0050B4FF00008DFF894A06B
:1036B000E178284601315944C9B2EEF73DF8E17886
:1036C000064659442846C9B2EEF736F800EB0626FE
:1036D000B3B20A2B06F03F061FD102A8CDE9048839
:1036E0000AF047FCE278294602325A44D2B204A8D2
:1036F0000823CDF80080EDF7E3FF082204A90DEBC5
:1037000002000DF06AF80028A0D1023623795E4449
:103710005FFA86FB5B45CBD890E7412BF5D1E1788A
:10372000284602315944C9B2EEF706F89AF800303B
:10373000C3F1B303C11849B23846FFF7BDFDE4E752
:10374000204800201F4800202DE9F74F81460C46F5
:1037500092461E46EDF7E8FD83461CB9B521414867
:10376000D8F7DEFC4846EDF7DFFD112803D800202E
:1037700003B0BDE8F08F48460CF078FA054605F036
:103780008FFE0922074600212846ECF765FE00253A
:103790000AEB4A0280460021204652000DF047F80D
:1037A000BB053570E3D5012208F110085FFA8BFBE9
:1037B0005FFA88F80634554505D037784744FFB29C
:1037C000791C594501DB0220D2E7C9B24846019273
:1037D000EDF7B2FF394600904846EDF7ADFF009B8C
:1037E00096F800C000EB032398B21BB2002BACBFCD
:1037F0004FF0000E4FF0010E0CF1020CACBF00F0C8
:103800007F01C1B25FFA8CFCACBFC009C0F3C3201A
:1038100086F800C0019A04F8021C24F8060C04F88B
:1038200004EC2DB16FEA030C4FEADC7C9445CAD15D
:10383000CA199345C7DB002B04F8037C0BDB7E28F9
:103840000BD07F280BD00122337801351944317019
:10385000EDB20634AFE70F2801D00022F4E70120D3
:1038600086E700BFFA67040838B505460D4B0E48D9
:103870001C88EDF78FFF012D0CD10C4B1C88FA2111
:10388000614358B1884209D28408012C204638BFD0
:10389000012038BD022D08BF0224F0E70248EDF7F1
:1038A0008DFFF2E79A400020542B00209840002022
:1038B000012208B5054B06481A700021EDF77EFF7E
:1038C000BDE808400020FFF7CFBF00BF2B47002016
:1038D000542B00201E4B73B51A8802F108039BB2CB
:1038E000012B02D81B4B1B7823B902B0BDE87040F6
:1038F000EEF700B80024184B184D1C70184B1C70C4
:103900002B787BB14FF6FC73164E0093224623466C
:10391000214630880BF01CFD4FF6FD732C70338070
:1039200001200FE0104B10461978F3F78FFF0028A5
:10393000F6D10C4B1A884FF6FD739A42F0D0012352
:1039400002202B7002B0BDE87040FFF78DBF00BFB2
:103950009C4000202B4700202E4700202C470020B1
:103960002D470020964000202F470020012808B551
:103970000AD002280CD020B9084B18700848EDF77F
:10398000B9FF4FF0FF3008BDBDE80840FFF790BF1A
:103990000020BDE80840FFF767BF00BF2B470020AD
:1039A000542B002002280FD840F6024399420BD135
:1039B000064A13780133DBB21370054A12789A4233
:1039C00002D80220FFF7D2BF704700BF2D4700206A
:1039D0003047002038B5A0F61343012B04460D46AE
:1039E00015D80E4A13780133DBB213700C4A1278E3
:1039F0009A420CD84FF6FD720A4B0020198891426A
:103A000001BF00221D80084B1A70FFF72DFF2946C9
:103A10002046BDE8384005F0A2B800BF2E47002080
:103A200031470020964000202C470020F8B5174F62
:103A3000174EB7F800C03588AC4525D801F1080508
:103A4000ADB2012D20D8134D92009B0029803A8001
:103A500033809DF81820104B1A709DF81C200F4BD6
:103A60001A709DF820200E4B1A7000220D4B1A7010
:103A70004FF6FD720C4B1A8018B1FFF719FF0020AA
:103A8000F8BDFFF773FFFAE70220F9E79A4000203C
:103A9000984000209C400020314700203047002003
:103AA0002F4700202C4700209640002000234FF68F
:103AB000FD71054A1370054A1370054A1180054AC5
:103AC0001370054A137070472E4700202D470020C1
:103AD000964000202C4700202B47002030B5094B92
:103AE00002461B7833B1084B084C19780023D8B232
:103AF000884201D3FF2004E0013334F8235095427B
:103B0000F5D130BDC351002033470020AA3C00202E
:103B10000022FF21044B05481A70054B1970054B14
:103B20001A7892000CF083BE33470020AE3C002090
:103B300032470020C3510020F7B58DF807100DF172
:103B40000701044604F0C6FD234B1D78002D41D02B
:103B50002046FFF7C3FF214EFF283178204B05D1C7
:103B6000204A107885422DD9451C1570884219D0FD
:103B70001C4A1B4D92F800C00022D7B2BC450CD99C
:103B80002F4697F803E00132864505F10405F4D18C
:103B900002B203EB8202D278FA7002B203EB820225
:103BA000D170307002B203EB820123F82240FF2271
:103BB0008A709DF80720FF2A02D003EB82039870D9
:103BC00003B0F0BD0A46104603EB8202D278FF2A0A
:103BD000F9D1CBE7FF20F3E7C351002032470020A3
:103BE000AE3C0020334700202DE9F843FFF776FF75
:103BF000FF28044669D04FF6FF72354F03B2DFF855
:103C0000DC80344E27F8232098F80050A54202D1DA
:103C10000020BDE8F883337820B28100A34207EB8F
:103C2000800090F803E010D00023294A5FFA83F95E
:103C30004D45944606D99CF803900133A14502F105
:103C40000402F3D18CF803E001E086F800E0013DC6
:103C5000EDB22A1BD2B20431920039440CF0CDFDF2
:103C600088F800503378FF2B04D0A34224BF03F11F
:103C7000FF33337000214FF6FF70154BCAB2AA42D2
:103C80000CD300234FF6FF71134ADCB2AC42BBD217
:103C9000013332F823008842F7D1B5E79A78A2427F
:103CA0000BD11880DA78FF2A04D0A24224BF02F197
:103CB000FF32DA7001310433E0E7FF2AF2D0A2428A
:103CC00024BF02F1FF329A70ECE72D20A1E700BF7C
:103CD000AE3C002032470020AA3C002033470020A1
:103CE000F8B51C4B05461B78084673B3FFF7F6FE84
:103CF000FF28044629D02846FFF7F0FEFF2806D00B
:103D0000154B164E1A780023D9B2914218D3FF21D1
:103D10002846FFF711FFFF28014616D00546104F31
:103D200023B207EB830237F823009678FFF704FFEE
:103D3000A84208BFFF25FF2E214608D12846F8BD1E
:103D4000013316F823108142DED1FF25F6E7344611
:103D5000E6E700BFC351002033470020AC3C002001
:103D6000AE3C0020014B1878704700BF334700205D
:103D7000014B1878704700BFC35100202DE9F04176
:103D800080460E461F46002386B001A814469DF8C3
:103D900030508DF80330FBF747F9ADF804802EB1B1
:103DA0003368CDF806307368CDF80A303846EDF741
:103DB0009FFA0DF103034219214601A804F0DDFE2C
:103DC0009DF8033093B931464046DCF78DFF0E4B2A
:103DD0001B785BB10B2C09D8FF214046FFF7ACFEE6
:103DE000064605EB4404E4B2A54202D106B0BDE8A4
:103DF000F0812946384609F0EDFA3146FFF79CFE7E
:103E000002350646EDB2EFE7C351002000232DE94D
:103E1000F3470DF107028DF8073004460E4604F013
:103E20004BFC9DF80730054663B92046FFF756FE68
:103E300004465EB13088EDF777FA5FFA80F8FF2C20
:103E400044D10025284602B0BDE8F087B046F6E729
:103E500001320C2AF5D02DB207EB8505AD78FF2D88
:103E6000F6D112F0FF0AECD04FEA4A050235EDB266
:103E7000002EE7D008EB05013046C9B209F06FFA11
:103E80000028DED1524641463088EDF769FC0AF140
:103E9000FF3208F1010108F102093088D2B2C9B23B
:103EA0005FFA89F9EDF75CFC24B207EB8404A4788F
:103EB000FF2CC7D023B2494637F82320308809F1B8
:103EC000020909F097FA5FFA89F9EDE72546002221
:103ED000004FC0E7AE3C0020FF2818BF064B10B5CE
:103EE0001BBF03EB800433F820302D200B801EBF56
:103EF000A3780020137010BDAE3C002008B5FFF77A
:103F0000EDFDFF2803460AD1002008BD0230C0B2F3
:103F10001BB202EB83039B78FF2BF7D1F5E702205E
:103F2000004AF5E7AE3C0020037810B504466BB9B3
:103F30004378082B0AD1084B1B88562B07D100F079
:103F400077FD2072002363600123237010BD007A87
:103F500000F074FDF6E700BF1045002003788BB930
:103F600043782F2B0FD0302B0CD1084B084A1288E6
:103F7000522A0BBF1B78028903811A700023436009
:103F8000012303707047034BF0E700BFB1510020DD
:103F900010450020E046002070B51F4B1F4C1980D3
:103FA00003880546238183781646E37209F056FBA1
:103FB0000822A072291D20460CF01FFC6B7B237485
:103FC000174B63610323237346B1EDF72DFE10B148
:103FD0001620EDF7DDFD4FF4FA610EE00CF08BFBDF
:103FE000C30705D404224FF6FD713046F2F7EAFE0E
:103FF000EDF71AFE58B94FF4FA710322094B0A483B
:104000001A700A4B1E70BDE87040EDF7D7BB162042
:10401000EDF7BEFDEFE700BFA85100209C3800205F
:1040200000F8FF076C480020F85000206A48002084
:1040300038B50A4D0A48EDF75DFC2A78094CFF2A8D
:1040400004D0217811B9084609F005FEFF232B7032
:104050000023054A2370137038BD00BF0F520020A3
:10406000D8500020564800205548002008B50C4A7A
:104070000B46117811B90B4A10809370094A002041
:1040800001F0B2FA084B002219880648FFF784FFB6
:104090000120EDF77DFD034804F09DFD012008BDE2
:1040A000684800206838002084450020024B1878BA
:1040B000003818BF012070476C48002010B5074C2D
:1040C0002378062B05D1152803D100232370F9F797
:1040D00071FF2078003818BF012010BD6C48002007
:1040E000024B1878031F5842584170476C48002013
:1040F0002DE9F041294B80461B780D4613F00F0740
:1041000086B049D190F82830022B45D1061D0123F5
:104110003146821C0CF057F90446C8BBB8F826009B
:1041200000F083000CF0F3FA98F828201C4BD8F824
:1041300004001A706B46D8F80810CDE9034403C395
:10414000B8F800302046ADF8083098F8023041F653
:1041500006318DF80B3003238DF80C30114B8DF8A0
:104160000A5005930AF0BBFEB8F824106B460029EC
:1041700008BF4FF44171012098F82820F0F70AFF9A
:1041800004463846EBF7B0FD10B1384608F07BFF27
:10419000204606B0BDE8F0810224F9E7AB470020D5
:1041A0006B48002000F8FF07024B1878431E584266
:1041B000584170476C480020024B187808B9024BF0
:1041C000187870476B480020AC4700207FB510235B
:1041D000072202A90120EDF707FC9DF80B00F0F77C
:1041E00017FC172004F0DFFC00210DF10700EDF7AC
:1041F0004FFD172805D10020EDF7CAFC07B05DF888
:1042000004FBFFF7D9FF022808D9054BB3F8E420D7
:104210004FF6FF739A4201D10320EDE70220EBE74E
:1042200090360020014B1870704700BF6B4800208B
:104230002DE9F84F324BDFF8D88093461A7898F87A
:10424000003005460C4602F00F020BB1062B55D18B
:104250004223D340D90751D42A4F97F800A00CF03D
:104260004AFAC20707D5FFF7A7FF012803D048F68F
:10427000990009F0B0FA0CF03EFA830704D540F03B
:10428000100080B20CF043FA0DB91F4B1D681F4E91
:10429000337833B900F088FC284600F049FC01234C
:1042A000337009F0DBF9DFF86C9089F800002046E4
:1042B00009F0B9F9044620B1002333702046BDE867
:1042C000F88F0BF1FF33032B17D801230422294663
:1042D0000A2087F800B088F80030EEF741FD044668
:1042E0000028EBD0002599F9000088F8005009F06B
:1042F0009AF987F800A03570E0E730700224DDE716
:10430000AB4700206B480020983800206948002007
:104310006C480020574800200022014B1A7070475B
:104320006948002070B5044620B91A48FFF780FE9E
:10433000002003E0184B1B780BB1022070BD174E14
:104340003378002BF9D1134809F00CF9B8B91148AA
:1043500009F008F9054648B9014609F08DFC104BF3
:10436000022218702946284609F075FC631C0CD0FF
:1043700021460848EDF722FA00233370D8E70548B4
:10438000EDF708FAA042E2D3D7E70248EDF7B2FA18
:104390000123F2E7D850002056480020554800205D
:1043A0000F520020014B1870704700BF5648002084
:1043B00008B5054809F0D6F820B9044B187800F084
:1043C000010008BD0120FAE7D85000205548002020
:1043D00030B5414C41488BB0EDF78CFA2378032B74
:1043E0005DD1FFF7E9FE02289CBF062323703C4BFA
:1043F0001D78002D40D03B4B186810F002000EBF16
:1044000041F6043141F6063100200AF068FD00252E
:10441000354B1D70354B1988FFF7CEFE344B0246E5
:104420002846F0F7B7FD002846D1324D0CF063F96D
:104430002B78002B0CBF4FF0FF336FF480731840C4
:1044400020F0010080B20CF062F901232B70FFF71D
:10445000B3FE022806D94FF4FA612048EDF7AEF911
:10446000072323700020EBF73FFC98B300200BB02C
:10447000BDE8304008F007BEF2F7F4FF29460122FC
:104480001D48F7F7AFFE68460CF04FF92A4641F693
:10449000063140200DF11503F6F79EFDB7E7072B17
:1044A00007D10023FF22194601202370F0F7C8FA34
:1044B000D8E7043B012BD5D8104B1B782BB101203A
:1044C0000BF0D5FF00220D4B1A7000232370FFF76D
:1044D0007DFEC7E70BB030BD6C480020F8500020CF
:1044E0006A480020882C0020AB470020A8510020FB
:1044F0009C380020105200205848002054480020CA
:104500002DE9F047034605466D4F8EB03E7803AA6D
:1045100006F00F0600F1280C144618685968083395
:1045200003C463452246F7D1186820604224F44052
:1045300014F0010440F0C180DFF8988198F8006021
:10454000002E40F0BA8095F82830013B032B00F292
:10455000B4800CF0D0F8C20749D501213046F7F7F6
:1045600019FE044600286FD101F002F94FF6FF71E1
:104570000120544AF0F716FCEB8CDB0733D52C1DD9
:1045800032460821204609F040F860BB6868A968F7
:1045900004AB03C32B88ADF80C3000238DF8193021
:1045A000AB788DF80E300BF06AFF0128044608D175
:1045B0000CF0A1F810F0010070D041F28830FFF744
:1045C000B1FE304603A900F071FF044600286AD10D
:1045D00001233B70042341F288313B4888F80030C6
:1045E000EDF7ECF830E00023CDE90433D3E709F030
:1045F000E6F8824609F065FD0DF1040906464846D5
:1046000009F0B7FC08224846291D0CF0E6F8A8BBC3
:104610006A7BB31A002BB8BF5B42C82B134617DD69
:10462000B24228BF3346DBB29E421DD0FFF7C4FD25
:10463000022811D909F0A6F8012201462846FFF701
:10464000ABFC0022214B1A7020460EB0BDE8F0876B
:10465000B24238BF3346E6E7104609F04CFDA87871
:10466000F0F7D6F90524EFE7B242FBD009F004F8E1
:1046700031460246284600F0EBFFF3E704AB99E829
:10468000030083E8030095F828308DF81960022BA9
:1046900014BF02260126ADF80CA081E70BF0E7FE5F
:1046A0000B4B1C708DE70A4D2B78002BCCD00120D2
:1046B0000BF0DDFE00232B70C6E70224C4E700BF29
:1046C000AB4700201B680408F8500020105200205F
:1046D000544800206C480020F7B50F4F04463B7843
:1046E0000D46012B164614D10020EBF73BFB2B4661
:1046F000CDE9000622460020084908F000FF084BDB
:10470000188030B102233B7003B0BDE8F04009F0DF
:1047100092BA03B0F0BD00BF6C48002015680408D1
:10472000824500202DE9FF411E4E00243378012BE5
:104730000CD11D4B347093F9000008F074FF204633
:1047400004F047FA012004B0BDE8F081022B26D125
:10475000164D012004F03DFA08212888CDE90244D5
:1047600008F056FE0D2107462888ECF7E5FF0823E0
:1047700080460094224629880DEB0300ECF7A0FF49
:10478000094B2C8093F9000008F04DFF01223846B8
:10479000C8F3C01302A900F03DFA3470D2E72046F6
:1047A000D1E700BF6C480020574800208245002018
:1047B000F0B51E465F4B0C461B780546D9071746D9
:1047C0008DB006D422462946012000F00DFF0DB021
:1047D000F0BD5A0703D40BF08EFFC307F2D50021BA
:1047E0000DF10F00EDF754FA18B99DF80F30012BB9
:1047F000E8D0FFF7E1FC022D5BD00228E7D8208B40
:104800000BF003FFFF28DDD03246002008AB04F197
:10481000100100F045FF0028D4D13B4604AA07F15F
:10482000080C164618685968083303C663453246B3
:10483000F7D1186830609B88B380BDF81630BDF89A
:1048400018209A4238BF0023BDF814203CBFADF8B1
:104850001630ADF81830BDF812309A4238BF002338
:10486000BDF81C203CBFADF81230ADF81430BDF8D7
:104870001A30BDF814109A423EBF0023ADF81C3028
:10488000ADF81A30BDF81C30BDF816200093BDF805
:104890001200BDF81A300BF001FF002892D1A67863
:1048A00075B94EB9244B1E680421601804F027F92D
:1048B00009E00228A3D88AE7012303FA06F6F3E702
:1048C000012303FA06F623461C4A04F1280E9446F7
:1048D000186859680833ACE8030073456246F6D19E
:1048E0001868174BCCF800003A881D70154B164F0E
:1048F0001A800DF1300C08AB1A4603CA62453860C5
:104900007960134607F10807F6D12DB90321304627
:104910000E4AEEF7F9F85AE700232046A21C211DA3
:104920000BF051FD00287FF44DAFA1782088FFF7F0
:104930009DFB4CE7E14600209838002068380020B5
:104940006848002084450020584800206D40030836
:10495000F0B51A4F1C463B780546042B164685B029
:1049600029D11748ECF7C6FF00233B7025B105B0ED
:10497000BDE8F040FFF72ABC08F004FF054696B1F9
:104980001023072269460120EDF72EF802AB03CB76
:104990009DF803306060A370BDF80030A1602380F3
:1049A00009F08FFB607301222946204605B0BDE85F
:1049B000F040FFF7F1BA05B0F0BD00BF6C48002031
:1049C000F850002008B50BF096FE20F4987080B2E5
:1049D00040F001000BF09BFE0022014B1A7008BD55
:1049E0006C48002010B50446FFF7E6FB022811D8FA
:1049F000094B1B7873B18C420CD193070AD5204622
:104A0000EEF756FC30B1017921B9BDE810400348FA
:104A1000ECF7D4BE10BD00BFA4470020F42B00204B
:104A2000014B024A1A607047E437002068680408A6
:104A3000014B1878704700BFE1460020014B187009
:104A400000207047E1460020014B1868704700BF06
:104A500098380020014B1868704700BF9438002038
:104A6000014B1860704700BF98380020014B186058
:104A7000704700BF943800200148ECF75FBA00BFD0
:104A80008245002008B503F017FA00F5FA50012816
:104A900038BF0120014B186008BD00BFB4380020AA
:104AA00030B500290CBF03240B2489B0DAB11149B9
:104AB0000A78551C0D70112142F080020C9DCDE941
:104AC0000412CDE906354CF25E024FF48053CDE975
:104AD00002320B23002200930E21074B019408F0B1
:104AE000FFFC09B030BD054A1921127842F080025E
:104AF000E4E700BF784800202368040877480020D6
:104B000073B500252C46094E3378E8B2834202D8AB
:104B1000204602B070BDE9F739F9694607F02DFE6D
:104B200008B10134E4B20135EEE700BFE1470020EF
:104B300008B520B908F0A0FD012303FA00F0030531
:104B40000FD40C231B2B08D020FA03F1C90703F163
:104B5000010208D5DBB2054A13700522044B1A7016
:104B600008BD0B23F7E71346ECE700BF76480020AB
:104B70007548002073B50A4E04463368094D8342D8
:104B800008D00023022101A8019303F0B8FF019B84
:104B900034602B60FFF776FF286802B070BD00BF5D
:104BA000BC380020C0380020002313B5022101A822
:104BB000054C019303F0A3FF019B2360FFF762FF05
:104BC000206802B010BD00BFB8380020012210B527
:104BD0000E4B86B01B681146009302A80023FFF716
:104BE0005FFF0BF0A8FC04460BF085FD084BCDE9F8
:104BF00000400E22102102A808F072FC00221021B1
:104C000002A808F078FA06B010BD00BFB83800203E
:104C1000DE6704082DE9F04FA5B01E4693460D91BE
:104C2000804608F0AFFD0DF1480A514607460020C6
:104C3000EDF72EF881460BF05EFD40EAC615FFF752
:104C40005FFFB9F1170F0446ADB217D108F014FD9C
:104C50004FF6FD798DF85300012114A803F04FFFA2
:104C6000BDF85030013B9BB24B45F5D8042150466E
:104C700003F045FFBDF8500008F0ADFDBBF1000F9B
:104C800001D045F03005EB0748BF00234FF000028C
:104C900048BF8DF8583011464FF00103CDF8008021
:104CA00018A848BF4FF6FF77FFF7FAFE0BF0CCFCD1
:104CB00083460BF040FC0F900BF09AFC0E904046A0
:104CC000FFF758FFDFF89C800E9A98F800100F9BB2
:104CD000CDE90A41BDF85010CDE9025208919DF886
:104CE0005310CDE900B307919DF858100490CDE919
:104CF00005A10E222721194B099718A808F0F0FBEF
:104D0000012C28D10020E9F741F810A9054607F049
:104D100034FD18B9204625B0BDE8F08FC6B1BDF806
:104D2000403098F800202E2104929DF844200095F0
:104D30000392BDF8422018A8CDE901322722084B82
:104D400008F0CEFB2E210D9A18A80BF004FCE2E728
:104D50004CF25E03E5E72721F5E700BF2C68040865
:104D600033680408E04600202DE9F04F2E4BA3B035
:104D700006461446B3F800800F46FFF7C1FE002236
:104D800005461146032300960DA8FFF789FECDE9DD
:104D900000540E225121254B0DA808F0A1FB11252E
:104DA0000026DFF89090DFF890A0DFF890B008F0D0
:104DB000800899F80030A34201D9042E09D13A465F
:104DC00029460DA88DF844600BF0C5FB23B0BDE863
:104DD000F08F2046E8F7DAFF0BA9099007F0CDFC29
:104DE0000134E0B1099BB8F1000F1AD0BDF82C20B6
:104DF00006949AF800100DA805919DF83010CDE9A1
:104E000000B30491BDF82E10094BCDE902212A46CA
:104E1000512108F065FB01361035F6B2EDB2E4B26F
:104E2000C7E74CF25E02E3E786450020DE67040830
:104E300039680408E1470020E0460020F7470020D9
:104E400000232DE9F04FDFF8749399B099F80070C2
:104E5000064617F00107CDE90233B0F802B000F0C2
:104E600098810378032B00F29481CD4B1B78002BA3
:104E700040F0838133780DF10808012B8CBF172493
:104E800011240023A4F10802594640460093D2B2EF
:104E90000823E51DECF714FC43462A465946092031
:104EA00003F0E2FB002800F074815846ECF73CFA6E
:104EB00004F10D03834280F26C812146708808F072
:104EC00089FA8246A11C7088ECF736FCBAF10B0F08
:104ED00040F08E8120F00C03032B40F08981337861
:104EE00000F00C00012B00F25681082840F051819F
:104EF0007088E11C08F06EFAB0F5805F40F07881B0
:104F00007088611D08F066FA4CF25E03984240F02A
:104F10006F8129467088ECF70FFC04F10901824685
:104F20007088ECF709FC1628054600F26181BAF199
:104F3000000F40F04781C10740F14981708804F1BA
:104F40000A0108F065FA8146002800F02281002D50
:104F500000F05081934B1B68834204D0924B1B6836
:104F6000834240F01681DFF858A2DAF80030002BB7
:104F700000F00F8102F0A0FFDAF80030C01AB0F1A3
:104F8000004F40F20681FFF77DFDEB1EDBB20C2BDC
:104F900040F24381162D00F240810F2D40F22A810C
:104FA000A5F10C0A5FFA8AFA7088ECF7BDF97F4B1D
:104FB00013F80A302344984200F03381012D40F069
:104FC000E8807088ECF7B0F904F12E03984240F0C5
:104FD000E080584604F10801ECF7AEFB744B04F195
:104FE0000E0A18702C2200210DA875880BF01FFCEA
:104FF00098E80300002614AB83E8030002230DF1B8
:10500000100BCDE906668BE80300514628468DF863
:105010004030CDF84490ECF78FFB04F10F018DF890
:105020005F002846ECF788FB04F110018DF85C0066
:105030002846ECF781FB04F11101ADF85A0028462F
:1050400008F0C8F904F11301ADF84C00284608F047
:10505000DFF904F1170208232946129000960EA8E2
:10506000ECF72EFB04F11F012846ECF765FB04F179
:1050700020018DF841002846ECF75EFB04F1210188
:105080008DF83600284608F0A5F904F12301ADF8A3
:105090003400284608F09EF904F12501ADF85800C7
:1050A0002846ECF749FB04F126018DF85D002846FF
:1050B000ECF742FB32468DF85E0008210EA808F09E
:1050C000A4FA002800F005813046EAF74BFE8DF87F
:1050D00036009DF85C2002F00303012B00F00A81EA
:1050E000022B00F00181002B53D1BDF84C008DF84C
:1050F0005C700BF08AFAFF284BD09DF85D30012BD5
:1051000029D12846ECF710F904F12706801B062860
:105110003FDD31462846ECF70FFB04F128018DF8FE
:105120001800284608F056F904F12A01ADF81A00D3
:10513000284608F04FF904F12C01ADF81C00284670
:10514000ECF7FAFA04F12D018DF81E002846ECF771
:10515000F3FA8DF81F009DF85D4008A8651E18BF82
:105160000125F9F761FF012C0CBF5A4600222946A0
:1051700008AB0DA803F02BFD0BE00E4B93F900409C
:105180000D4B93F900500BF05FFA28448442BFF6B0
:1051900071AE012042E000283FF4AAAEF9E700BF5B
:1051A000B0510020BC380020B83800205D680408E9
:1051B000774800201F480020B1510020E146002020
:1051C000B4380020BAF1110F09D1C2070DD4072D50
:1051D0003FF4B4AE99F800309807DAD5AEE6BAF1EC
:1051E000190F02D1C3073FF5A9AE072D3FF4A6AEB4
:1051F000FF25A3E6AA46D7E6A5F11003DBB2062BEE
:105200000BD80123AB4013F4281240F0118113F4A2
:10521000A81F7BD1162D00F02C81002019B0BDE80D
:10522000F08F05F0FD03112B01D0152D0FD1974AFA
:105230001378FF2BADD00133AB42AAD1FF234046F8
:105240001370934908220BF0C8FA0028A1D15846E0
:1052500004F10801ECF770FA8E4B022D04F10E0AEE
:10526000187049D0C8D8002D7FF4BCAE04F10F01EE
:105270007088ECF761FA884B884C1B6820804B459E
:1052800087D0C10685D5864B93F90060854B93F98D
:1052900000700BF0D9F9384486423FF77AAFFEF739
:1052A00083FF68B10BF027FAC2077FF572AF22883F
:1052B000D3073FF56EAF49464046FFF70DFA68E762
:1052C00023882A4641464846C3F3C013FFF7A2FC91
:1052D0005FE79DF83630002B3FF45BAFBDF834300C
:1052E000002B7FF4F6AE54E712F0040F0CBF042736
:1052F0000327FAE60227F8E651467088ECF71CFA15
:10530000414602464846FFF72FFD42E7102D00F0C8
:105310008680122D18BF0227758800262C220021B6
:105320000DA80BF084FA52460823294600960EA8D1
:10533000ECF7C6F904F116012846ECF7FDF90096E2
:1053400082461023294604F1170208A8ECF7B8F9A1
:1053500004F127063FB131462846ECF7EDF904F198
:1053600028068DF8410031462846ECF7E5F9711C16
:105370008DF83600284608F02DF8F11CADF8340001
:10538000284608F027F8711DADF81000284608F0EF
:1053900021F8F11DADF81600284608F01BF806F1BB
:1053A0000901ADF81800284608F014F806F10B01C1
:1053B000ADF81200284608F00DF806F10D01ADF821
:1053C0001400284608F006F806F10F01ADF81A009F
:1053D000284607F0FFFF14ACADF81C000FBB2946B0
:1053E00020460823009706F11102ECF769F92846D8
:1053F00006F1190107F0EEFF012303FA0AF3ADF8F5
:105400004C30294BADF858001B683846129304AA5B
:1054100008AB0DA9CDF84490FFF7CAF9B9E61746D5
:105420007AE798E8030084E803004FF6FF70E3E7AB
:105430007688112D5146304610D1ECF77DF90DAA32
:10544000054604F10F0130460BF0AFF800273A464D
:10545000414628460DABFFF77BFA9AE6132D03D1A0
:10546000ECF76AF90546F2E7ECF766F9022705461C
:10547000EDE7514670880DAA0BF097F808F082F915
:1054800001460DA80AF0FEFF83E600BF115200207E
:105490006D48002077480020BC3800208645002059
:1054A000B15100201F480020C03800202DE9F041F4
:1054B0000546C88CA8B00C460AAA91F82A10C0F379
:1054C000400000F069F928B9012212A917A809F0D3
:1054D00088FD20B10125284628B0BDE8F081208B49
:1054E0000BF093F8FF280646F4D00DF13808434638
:1054F000012017AA04F1100100F0D2F80028E9D128
:10550000002D5FD0012D0CBF122714272369012223
:105510000021009317A83B46FFF7C2FA231D009312
:105520000E224221CDE90168294B17A807F0D8FFC8
:10553000002D49D02822637B8DF88330BDF83430AC
:1055400042210893BDF8323017A80793BDF82C30DC
:105550000693BDF82A300593BDF830300493BDF8AA
:105560002E300393BDF82830029323880193A3784B
:105570000093184B07F0B4FF45BB08F003F9164B36
:105580004221019000933822144B17A807F0A8FF7E
:10559000422104F11C06324617A80AF0DCFF05463A
:1055A00068B912A8F9F740FD12A90AA803F00DFB8B
:1055B0000B4B0C4A1F70E3691360236A5360FFF7BB
:1055C00061FA88E71027A1E72722B7E73921E0E74A
:1055D0004168040845680408F74700204F6804083C
:1055E000115200206D48002070B50D460646116A24
:1055F000D0698EB005AB144603C31DB3012D0CBF9B
:1056000013231523226907A8009200221146FFF7F1
:1056100047FA8DF82A60BDB923880434039314F83F
:10562000023C1B210293637A0F2201930094074BE3
:1056300007A807F055FF1B2105AA07A80AF08BFF52
:105640000EB070BD1123DDE70F21F5E752680408A5
:1056500070B504460D46164690B0216AC06907AB86
:1056600003C3236909A80093012216230021FFF731
:1056700017FAA38C0E22049334F8043B1C21CDE9C5
:105680000263CDE90045054B09A807F029FF1C215D
:1056900007AA09A80AF05FFF10B070BD5768040898
:1056A0002DE9F04306468FB008890D461746984607
:1056B0000AF0ABFFFF2856D00F2809AC01D0042810
:1056C00035D12A686B6812BA1BBA2046CDE905228B
:1056D000CDE90733DBF7DCFD052305AD20468DF86A
:1056E0002430DCF701F92A4629460120DCF792F93B
:1056F00095E80F000DF1040C8CE80F002046DBF755
:10570000C7FD092320468DF82430DBF7CDFD01A924
:10571000204603F031FC2046DCF7E6F842463946E5
:105720003046DCF777F900200FB0BDE8F0830028A1
:10573000E4D1A6462B686A680C4D93FA83FC12BA32
:1057400005F11009734628686968083503C34D459B
:105750009E46F7D1CDF828C00C9201AD94E80F0019
:1057600085E80F00CAE72120DEE700BF7268040861
:1057700007B5084B4FF6F7711A784FF6FF630093A1
:10578000531C003A18BF012202200AF087FF03B021
:105790005DF804FBE046002070B586B00DF11603FD
:1057A0000093064605AB0D46144604A90DF11202FE
:1057B0000DF10E000AF054FFBDF80E30FBB908F0F1
:1057C000CEFD208015B1BDF8142022BB002323811B
:1057D000E380BDF80E0006B158BB00236380A380B0
:1057E0006381A381BDF81630BDF812200093BDF887
:1057F0001010BDF814300AF051FF002004E0BDF88D
:1058000010209A4202D1012006B070BD23800133DE
:10581000ADF80E30D6E7BDF816309B1A0133AB4217
:10582000F1DB1544ADB26B1EE2802381ADF814505C
:10583000CFE71D4A5188E1B19388D3B16180A3803D
:10584000518911B3938903B36181A381BDF81030ED
:105850008342D8DDA28863889A42D4DDBDF8162041
:10586000BDF814309A42CEDDA28963899A42B9DC30
:10587000C9E7BDF810100B18013BC3F34F03638059
:10588000013BA180ADF81030DAE7BDF81620BDF875
:105890001430A2811344013BC3F34F036381013BE6
:1058A000ADF81630D2E700BF8845002081F00041F6
:1058B00002E000BF83F0004330B54FEA41044FEAF5
:1058C000430594EA050F08BF90EA020F1FBF54EA90
:1058D000000C55EA020C7FEA645C7FEA655C00F02C
:1058E000E2804FEA5454D4EB5555B8BF6D420CDDFD
:1058F0002C4480EA020281EA030382EA000083EA80
:10590000010180EA020281EA0303362D88BF30BD1F
:1059100011F0004F4FEA01314FF4801C4CEA113175
:1059200002D0404261EB410113F0004F4FEA0333D4
:105930004CEA133302D0524263EB430394EA050F5F
:1059400000F0A780A4F10104D5F1200E0DDB02FACE
:105950000EFC22FA05F2801841F1000103FA0EF262
:10596000801843FA05F359410EE0A5F120050EF128
:10597000200E012A03FA0EFC28BF4CF0020C43FA59
:1059800005F3C01851EBE37101F0004507D54FF066
:10599000000EDCF1000C7EEB00006EEB0101B1F5B6
:1059A000801F1BD3B1F5001F0CD349085FEA3000FC
:1059B0004FEA3C0C04F101044FEA445212F5800F07
:1059C00080F09A80BCF1004F08BF5FEA500C50F1A4
:1059D000000041EB045141EA050130BD5FEA4C0C87
:1059E000404141EB0101013C28BFB1F5801FE9D2E4
:1059F00091F0000F04BF01460020B1FA81F308BF07
:105A00002033A3F10B03B3F120020CDA0C3208DDD2
:105A100002F1140CC2F10C0201FA0CF021FA02F1AD
:105A20000CE002F11402D8BFC2F1200C01FA02F11D
:105A300020FA0CFCDCBF41EA0C019040E41AA2BF42
:105A400001EB0451294330BD6FEA04041F3C1CDA0A
:105A50000C340EDC04F11404C4F1200220FA04F02A
:105A600001FA02F340EA030021FA04F345EA0301D4
:105A700030BDC4F10C04C4F1200220FA02F001FA96
:105A800004F340EA0300294630BD21FA04F0294618
:105A900030BD94F0000F83F4801306BF81F48011B1
:105AA0000134013D4EE77FEA645C18BF7FEA655C24
:105AB00029D094EA050F08BF90EA020F05D054EAF6
:105AC000000C04BF1946104630BD91EA030F1EBFFB
:105AD0000021002030BD5FEA545C05D140004941FF
:105AE00028BF41F0004130BD14F580043CBF01F5F2
:105AF000801130BD01F0004545F0FE4141F47001D8
:105B00004FF0000030BD7FEA645C1ABF19461046B2
:105B10007FEA655C1CBF0B46024650EA013406BFB3
:105B200052EA033591EA030F41F4002130BD00BF72
:105B300090F0000F04BF0021704730B54FF480642F
:105B400004F132044FF000054FF0000150E700BFB0
:105B500090F0000F04BF0021704730B54FF480640F
:105B600004F1320410F0004548BF40424FF00001FC
:105B70003EE700BF42004FEAE2014FEA31014FEA3F
:105B800002701FBF12F07F4393F07F4F81F060518E
:105B9000704732F07F4208BF704793F07F4F04BFD9
:105BA00041F40021704730B54FF4607401F00045B6
:105BB00021F000411CE700BF50EA010208BF704716
:105BC00030B54FF000050AE050EA010208BF704707
:105BD00030B511F0004502D5404261EB41014FF470
:105BE000806404F132045FEA915C3FF4D8AE4FF078
:105BF00003025FEADC0C18BF03325FEADC0C18BF5B
:105C0000033202EBDC02C2F1200300FA03FC20FAAB
:105C100002F001FA03FE40EA0E0021FA02F11444F8
:105C2000BDE600BF70B54FF0FF0C4CF4E06C1CEA11
:105C300011541DBF1CEA135594EA0C0F95EA0C0F82
:105C400000F0DEF82C4481EA030621EA4C5123EAF5
:105C50004C5350EA013518BF52EA033541F4801124
:105C600043F4801338D0A0FB02CE4FF00005E1FBD7
:105C700002E506F00042E0FB03E54FF00006E1FB21
:105C800003569CF0000F18BF4EF0010EA4F1FF0464
:105C9000B6F5007F64F5407404D25FEA4E0E6D41A4
:105CA00046EB060642EAC62141EA55514FEAC520B5
:105CB00040EA5E504FEACE2EB4F1FD0C88BFBCF531
:105CC000E06F1ED8BEF1004F08BF5FEA500E50F1E2
:105CD000000041EB045170BD06F0004646EA0101A8
:105CE00040EA020081EA0301B4EB5C04C2BFD4EBDA
:105CF0000C0541EA045170BD41F480114FF0000ED3
:105D0000013C00F3AB8014F1360FDEBF002001F040
:105D1000004170BDC4F10004203C35DA0C341BDCBA
:105D200004F11404C4F1200500FA05F320FA04F08C
:105D300001FA05F240EA020001F0004221F00041C0
:105D400010EBD37021FA04F642EB06015EEA430E33
:105D500008BF20EAD37070BDC4F10C04C4F1200563
:105D600000FA04F320FA05F001FA04F240EA020016
:105D700001F0004110EBD37041F100015EEA430EE7
:105D800008BF20EAD37070BDC4F1200500FA05F207
:105D90004EEA020E20FA04F301FA05F243EA020386
:105DA00021FA04F001F0004121FA04F220EA020095
:105DB00000EBD3705EEA430E08BF20EAD37070BDDB
:105DC00094F0000F0FD101F00046400041EB0101BB
:105DD00011F4801F08BF013CF7D041EA060195F09D
:105DE000000F18BF704703F00046520043EB030357
:105DF00013F4801F08BF013DF7D043EA0603704744
:105E000094EA0C0F0CEA135518BF95EA0C0F0CD04E
:105E100050EA410618BF52EA4306D1D181EA030194
:105E200001F000414FF0000070BD50EA410606BF8E
:105E30001046194652EA430619D094EA0C0F02D1D3
:105E400050EA013613D195EA0C0F05D152EA033618
:105E50001CBF104619460AD181EA030101F0004136
:105E600041F0FE4141F470014FF0000070BD41F07F
:105E7000FE4141F4780170BD70B54FF0FF0C4CF459
:105E8000E06C1CEA11541DBF1CEA135594EA0C0F78
:105E900095EA0C0F00F0A7F8A4EB050481EA030EC5
:105EA00052EA03354FEA013100F088804FEA0333AC
:105EB0004FF0805545EA131343EA12634FEA02227A
:105EC00045EA111545EA10654FEA00260EF000413B
:105ED0009D4208BF964244F1FD0404F5407402D28D
:105EE0005B084FEA3202B61A65EB03055B084FEA1E
:105EF00032024FF480104FF4002CB6EB020E75EB1B
:105F0000030E22BFB61A754640EA0C005B084FEA42
:105F10003202B6EB020E75EB030E22BFB61A7546BF
:105F200040EA5C005B084FEA3202B6EB020E75EB0A
:105F3000030E22BFB61A754640EA9C005B084FEA82
:105F40003202B6EB020E75EB030E22BFB61A75468F
:105F500040EADC0055EA060E18D04FEA051545EA7E
:105F600016754FEA06164FEAC30343EA52734FEA27
:105F7000C2025FEA1C1CC0D111F4801F0BD141EAA0
:105F800000014FF000004FF0004CB6E711F4801F05
:105F900004BF01430020B4F1FD0C88BFBCF5E06FE5
:105FA0003FF6AFAEB5EB030C04BFB6EB020C5FEAF5
:105FB000500C50F1000041EB045170BD0EF0004E4A
:105FC0004EEA113114EB5C04C2BFD4EB0C0541EA7C
:105FD000045170BD41F480114FF0000E013C90E679
:105FE00045EA060E8DE60CEA135594EA0C0F08BF3D
:105FF00095EA0C0F3FF43BAF94EA0C0F0AD150EA3C
:1060000001347FF434AF95EA0C0F7FF425AF1046CE
:1060100019462CE795EA0C0F06D152EA03353FF4F6
:10602000FDAE1046194622E750EA410618BF52EA73
:1060300043067FF4C5AE50EA41047FF40DAF52EA47
:1060400043057FF4EBAE12E74FF0FF3C06E000BFE4
:106050004FF0010C02E000BF4FF0010C4DF804CDF1
:106060004FEA410C7FEA6C5C4FEA430C18BF7FEAB1
:106070006C5C1BD001B050EA410C0CBF52EA430CDF
:1060800091EA030F02BF90EA020F0020704710F15F
:10609000000F91EA030F58BF994208BF90422CBFEE
:1060A000D8176FEAE37040F0010070474FEA410CE7
:1060B0007FEA6C5C02D150EA013C07D14FEA430C05
:1060C0007FEA6C5CD6D152EA033CD3D05DF8040B76
:1060D000704700BF8446104662468C4619466346A8
:1060E00000E000BF01B5FFF7B7FF002848BF10F17F
:1060F000000F01BD4DF808EDFFF7F4FF0CBF0120C4
:1061000000205DF808FB00BF4DF808EDFFF7EAFF3F
:1061100034BF012000205DF808FB00BF4DF808EDFA
:10612000FFF7E0FF94BF012000205DF808FB00BFEF
:106130004DF808EDFFF7CEFF94BF012000205DF879
:1061400008FB00BF4DF808EDFFF7C4FF34BF012086
:1061500000205DF808FB00BF4FEA410212F5001273
:1061600015D211D56FF47873B3EB625212D94FEA9E
:10617000C12343F0004343EA505311F0004F23FA88
:1061800002F018BF404270474FF00000704750EADD
:10619000013005D111F0004008BF6FF0004070479A
:1061A0004FF00000704700BF4A0011D212F50012F4
:1061B00011D20DD56FF47873B3EB62520ED44FEA5F
:1061C000C12343F0004343EA505323FA02F07047DF
:1061D0004FF00000704750EA013002D14FF0FF301D
:1061E00070474FF00000704753B94AB9002908BF03
:1061F00000281CBF4FF0FF314FF0FF3000F082B994
:10620000ADF1080C6DE904CE00F006F8DDF804E00D
:10621000DDE9022304B070472DE9F04F099D0C46DB
:10622000002B4DD18A420F4684469646B2FA82F33D
:1062300060D94BB102FA03FEC3F120029F4000FA7D
:1062400003FC20FA02F217434FEA1E461FFA8EF4AF
:106250004FEA1C42B7FBF6F106FB117701FB04F095
:1062600042EA0742904208D91EEB020201F1FF37D1
:1062700002D2904200F231813946121A1FFA8CFC88
:10628000B2FBF6F006FB102200FB04F44CEA024CD1
:10629000644508D91EEB0C0C00F1FF3202D26445B4
:1062A00000F21E81104640EA0140ACEB040C0021D4
:1062B00025B12CFA03F30022C5E90032BDE8F08FC6
:1062C0008B4205D90DB1C5E9000100210846F5E76B
:1062D000B3FA83F100294DD1A342C0F0F38090427C
:1062E00080F0F080064623460846002DE6D0C5E93A
:1062F0000063E3E7002B40F0A3808A1A4FEA1E47B1
:106300001FFA8EF60121B2FBF7F407FB14204FEAC7
:106310001C4242EA004206FB04F090420FD91EEBF9
:10632000020204F1FF382CBF4FF001094FF00009C1
:10633000904203D9B9F1000F00F0CC804446121A04
:106340001FFA8CFCB2FBF7F007FB102200FB06F6ED
:106350004CEA024C664508D91EEB0C0C00F1FF32EA
:1063600002D2664500F2B3801046ACEB060C40EA60
:1063700004409DE7C1F120068B4004FA01FE22FA99
:1063800006F720FA06FCF4408A401F434EEA0C034D
:1063900000FA01FE4FEA17484FEA13491FFA87FC3B
:1063A000B4FBF8F008FB104449EA044400FB0CF984
:1063B000A1450ED93C1900F1FF3A2CBF4FF0010B5B
:1063C0004FF0000BA14503D9BBF1000F00F08B800B
:1063D0005046A4EB09041FFA83F9B4FBF8F308FB59
:1063E000134403FB0CFC49EA0444A44506D93C19B8
:1063F00003F1FF3801D2A4457BD8434643EA00406D
:10640000A4EB0C04A0FB02984445CC46434602D3BF
:1064100006D1CE4504D20138B9EB020C68EB070374
:10642000002D6CD0BEEB0C0264EB030422FA01F3E6
:1064300004FA06F6CC4000211E43C5E900643DE79E
:1064400002FA03FEC3F1200104FA03F200FA03FC8E
:10645000CC404FEA1E4720FA01F11FFA8EF6B4FB3A
:10646000F7F00A4307FB1044110C41EA044100FB1A
:1064700006F48C420ED91EEB010100F1FF382CBF4F
:106480004FF001094FF000098C4202D9B9F1000F19
:106490002CD04046091B92B2B1FBF7F407FB141154
:1064A00042EA014204FB06F1914207D91EEB0202C7
:1064B00004F1FF3801D291421ED84446521A44EAF0
:1064C000004120E7861A64EB030301200DE7F44442
:1064D00002384AE7023C724431E702397244CCE6A2
:1064E000F4440238DFE602383C4472E70238714473
:1064F000D0E7023B3C4481E7023C7244DEE7294698
:10650000DCE600BF704700BF08B5064B044613B178
:106510000021AFF30080044B1B6803B1984720466D
:1065200000F085FA00000000FC390020024B014613
:10653000186801F0F7BD00BF1851002070B50D4D6F
:1065400000260D4C641BA410A64209D10B4D002659
:106550000B4C0AF095F9641BA410A64205D170BD3E
:1065600055F8043B01369847EEE755F8043B0136F1
:106570009847F2E7145200201452002014520020D1
:106580001852002002F015BB704708B501F090FECC
:1065900001F09BFED7F746FAFAE7704708B5D4F743
:1065A000B7FDD0F70FFC01F017FAD4F785FC01F026
:1065B000A6F901F013FA04F02CF9D6F729FED0F76A
:1065C000F5FBD0F7EFFED5F7A1FAD1F759FABDE800
:1065D0000840D7F733B908B5D0F77CFFBDE80840CD
:1065E000D0F7F6BB08B5D3F723F900F0B5FBD3F726
:1065F0002BF9E5F77DF8DAF715F8DAF727F8DAF787
:106600007DF806F062F9BDE80840DAF7FFBD704793
:106610007047704708B501F07BFF01F089FFBDE8C6
:106620000840E7F759BC704708B5D4F70FFED0F71C
:1066300093FBBDE80840D5F7A7B808B500F022F9EC
:10664000D7F714FED4F74EFC00F07CFEDCF74AFAD4
:10665000BDE80840FFF7E8BFD0F78CBB01207047CA
:106660000120704738B501F033FC044601F0D8FC36
:10667000051E18BF2546DAF793F8041E18BF2C46EE
:10668000FFF7ECFF002818BF204638BD38B5D7F714
:10669000EFFA0446D0F774FB04281ED002284FF00E
:1066A000000508BF012401F015FC042817D00228BA
:1066B00008BF012401F068FF042812D0022808BF97
:1066C0000124FFF7CDFF04280DD0022808BF0124C4
:1066D000002D18BF0024204638BD0125E3E7012521
:1066E000E8E70125EDE70024F5E7FF20704708B54E
:1066F000FFF7FBFF002008BD7047704770477047E9
:1067000010B50446E7F726FD2046E6F72FFF2046A2
:10671000BDE8104005F081BD05F0B7BE10B50446D8
:10672000E7F720FE2046E6F787FF2046BDE8104049
:1067300005F0A3BD10B50446E7F740FC2046E7F797
:10674000C7F82046E6F7B2FD2046E6F775FD20467D
:10675000BDE81040FDF7E8BBFFF7ECBF10B50446FD
:10676000E7F75AFC204609F0C0FC2046E7F7E0F8BE
:106770002046E6F7D7FD2046E6F776FD2046BDE841
:106780001040FDF7EBBB10B50446E7F789FC204647
:1067900009F0BBFC2046E7F719F92046E6F7E8FDCB
:1067A0002046E6F761FD2046BDE81040FDF7D6BB68
:1067B000E6F7FEBBE7F792B97047E8F751BB7047C1
:1067C000704709F0BBBC704709F0BCBCE8F70CBBD4
:1067D00006F0DFB805F0A8BE05F0CFBE06F0EBB8B6
:1067E00010B49DF8044001945DF8044B05F0DABE46
:1067F00070477047E7F70CBBE7F734BBE7F726BAFB
:1068000005F00BBF05F021BF09F09DBC05F0F3BEFC
:10681000E8F704BB06F0E3B805F04ABF05F054BD45
:1068200005F060BD05F05DBF05F07DBF09F021BD3D
:1068300009F05ABD09F06ABD09F09ABD05F019BF0B
:1068400005F095BA7047704770472DE9F0419DF803
:1068500018409DF81C509DF820609DF824709DF80C
:106860002CC09DF834E09DF83880CDE90867CDE96B
:106870000DE8CDE90645CDF82CC0BDE8F04105F0A6
:10688000FEB970470F20704770B5002506462C46AC
:10689000052C20D8DFE804F003070B0F13175B214A
:1068A0000820D0F77DFE0C210820D0F779FED121F9
:1068B0000820D0F775FE80210820D0F771FE002156
:1068C0000820D0F76DFE6C1C2946E4B2082025464E
:1068D000D0F766FE0624A4F10E03012B05D85A2139
:1068E0000820D0F75DFE0134D2E7102C05D1BDE8B9
:1068F00070405D210820D0F753BEB31F195DEFE74C
:10690000012307B520F07F4040EA8170019068467E
:106910008DF80030FFF7B8FF03B05DF804FBFEE729
:1069200010B53AB1002350F8234041F82340013319
:106930009A42F8D110BD002070474FF400407047D4
:106940004FF47A7070474FF0005300201B6882B0FC
:106950009AB262F30F001B0C63F31F4002B0704742
:106960007FB54FF000639E6A044606F17843B3F5A5
:10697000C04F0D460ED2002301A80393D0F7E2FBCF
:10698000039B5B0506D529462046336C04B0BDE861
:106990007040184704B070BD1FB54FF000639B6A8C
:1069A00003F17842B2F5C04F04D340F2011005B0B4
:1069B0005DF804FB1B6B03F17843B3F5C04FF4D2D1
:1069C00001238DF80430002301A8CDE90233D0F76C
:1069D000B9FB039BDB03E8D5029B1A0EE5D0012A25
:1069E00003D1C3F307430A2BDFD94FF000639B6A3F
:1069F0001B6B1B6C9847DAE7EFF3108072B6704799
:106A000000B962B67047302383F311887047EFF303
:106A10001180302383F31188704780F31188704709
:106A200000230360704703680B6001607047FEE756
:106A30004FF060420123D2F8001E83400B43002038
:106A4000C2F8003E70474FF060410122D1F8003E8D
:106A5000824023EA02030020C1F8003E704710B5CF
:106A600088B004460E98009207900D982246069032
:106A70009DF8300005900B9804909DF82800039035
:106A80000020CDE901300B460121D0F7ABFD08B065
:106A900010BD704713B5044601A8D2F701FC9DF85C
:106AA000063023804FF480736380D2F71FFC606050
:106AB000002002B010BDD2F7ABBB08B5D2F798FBEF
:106AC000002008BD10B5044644EA010313F0030397
:106AD000084609D1934201D1002010BD54F823107B
:106AE00040F823100133F5E72146920009F0B1FE8A
:106AF000F2E7704770B5054614460E46FFF77CFF77
:106B00002B685C4034405C402C60BDE87040FFF76F
:106B100077BF08B5D0F7B0FABDE808400021D1F73B
:106B2000C3BA0029CCBF01210021D1F7BDBA02218F
:106B30004FF42070D1F722BF38B50446D0F78AFA57
:106B40000546D0F7F5FFC0F102012846FFF7E9FF3F
:106B500001210020D2F736F90CB1D1F791FFBDE841
:106B60003840D1F7E7BB70477047704770477047B0
:106B700070B5054614460E46FFF73EFF2B685C4095
:106B800034405C402C60BDE87040FFF739BF70476F
:106B90000346142B084604D00AD8012B08D0122B28
:106BA00006D1022803D0032808BF01207047002027
:106BB00070473AB122F0030202F1A04202F56032BE
:106BC00009B9106070470002FBE74FF050234FF403
:106BD00000321A67704738B50546144621B94FF49C
:106BE0002070D1F7A7FA014601396400B1FBF4F136
:106BF0000902E96138BD012200F580535A60CB4398
:106C0000934003F00A034361416111B900F500505C
:106C10004260704783695A06FCD5C16383699B064D
:106C2000FCD5406AC0B2704783695B06FCD5C1637E
:106C300070474369002B0FDB51B9436ADA07FCD474
:106C4000012200F500535A6043689B07FCD470474B
:106C5000012300F5805043607047436810B5DA07A0
:106C600004460AD5FFF7D3FE636ADB075CBF012346
:106C7000E360BDE81040FFF7D0BE10BD38B54368F3
:106C800005460C464BB16B6A002BFCD1012205F581
:106C900000535A606B689B07FCD46378E2785B0111
:106CA00043EA4203A278284613432279217843EA33
:106CB0008203627943EAC203A27943EA0213E279CA
:106CC00043EA4223227A43EA8223627B43EA022395
:106CD000E27A43EA0263227B43EA0273A27A43EA3E
:106CE0000243AB60FFF7A5FF637A0BB100232B6271
:106CF00038BD436813B1436A002BFAD170470020B6
:106D000070470F2070470F207047002070470F20FA
:106D10007047002070470F207047002070470F20F9
:106D20007047002814BF0F200020704700207047D4
:106D30000020704700207047002814BF0F2000205B
:106D400070470120704701207047012814BF0F20B1
:106D5000002070470F207047DEF73ABB4FF0FF303E
:106D600004F0D9BA00207047B0F5802F22D010D897
:106D7000B0F5003F20D007D818B3B0F5803F08BF6A
:106D8000482018BF01207047B0F5403F08BF2C20B5
:106D9000F7E7B0F5302F11D007D8B0F5E02F0FD0BE
:106DA000B0F5202F08BF1020EBE7B0F57F0F08BF2C
:106DB0000620E6E74B2070472A20704711207047D5
:106DC0002120704708B528B12022002109F02FFDAD
:106DD000002008BD2120FCE708B1FFF7F3BF212008
:106DE000704708B9212070470029FBD0036813F0D1
:106DF000704209D1C3F30E030B601BB94368002B2B
:106E0000F0D00B6000207047B2F1004F07D18268CC
:106E1000D2040ED5C369002BE4D01B68ECE7B2F1B5
:106E2000204FF4D0B2F1304FF1D0B2F1404FEED05C
:106E3000D8E703F07F03DFE737B50C46054610B906
:106E4000212003B030BD0029FAD0002301A901930D
:106E5000FFF7C7FF0028F4D1296811F0704102D173
:106E6000019B2360EDE7AA68B1F1004FC2F38033C4
:106E7000C2F34035C2F3003207D1062103EB4503CC
:106E800001FB0233019A5343EBE7B1F1204F04D1E8
:106E90002B4402EB82021344F4E7B1F1304F02D0ED
:106EA000B1F1404FCCD12B44ECE72DE9F3470D462F
:106EB00090469A460446F0B1E9B106680F6806F0BC
:106EC0007049BE422AD0B9F1004F11D186EA0703BA
:106ED000B3F1805F13D3BAF1000F36D1B8F1000FD0
:106EE0001FD0A368AA68534013F4E04F19D002E002
:106EF000B9F1404FEAD0212002B0BDE8F08700236D
:106F0000204601A90193FFF76CFF0028F3D1019AF5
:106F1000C2F30E0216431743BE42ECD1B9F1000F83
:106F2000D9DB0023694620460093FFF75AFF00286B
:106F3000E2D1019001A92846FFF753FF0028DBD1D9
:106F4000DDE900239A42D7D0D5E7AA68B8F1000F4F
:106F500003D0A3685340D904CDD49304E1D4CAE745
:106F60002DE9F7430C46054648B141B100230B60BB
:106F7000036803F070430B60C268032A03D9212021
:106F800003B0BDE8F083012A50D812B143F000638A
:106F90002360AA68EB68900102F0407149D5B1F115
:106FA000407F49D0002BEAD04FF00072236823F0D5
:106FB000407313432360EA68022A07D12A69032A2F
:106FC000DDD823F47F0343EA02432360EB68032BFD
:106FD00003D12B69F62BD2D9A370AB68190442BF39
:106FE000236843F400432360EB68032B09D0236834
:106FF0002A6823F4FF4323F07F03C2F30E021343F6
:1070000023602A68AB68002A03F4805603F4806882
:1070100026DA5A0403F400511AD400296BD1002E49
:10702000ADD0236843F480532360A8E743F0806326
:10703000AEE7B1F1407F04D1002BA0D04FF04072F9
:10704000B4E702F08072002BB0D1002AAED096E7F0
:10705000226842F48040206000294CD1002E53D198
:107060002A6802F0704202F10042B2F1804F06D26B
:10707000B8F1000F03D0226842F480622260D5F894
:10708000009019F0704742D50023284601A90193CA
:10709000FFF7A7FE00287FF473AF09F05049B9F15C
:1070A000004F06D0B7F1304F03D0B7F1404F7FF417
:1070B00066AF019B2268013B03F07F0322F07F0251
:1070C00013432360AEB1EA69002A3FF458AFB7F129
:1070D000004F3BD1117F00293AD0B8F1000F08D002
:1070E00043F400732360537F1BB1236843F4807320
:1070F0002360002044E722681EB942F40052226057
:10710000AEE742F44052FAE742F4A042F7E713F444
:10711000C8437FF434AF284601A90193FFF761FE0D
:1071200000287FF42DAF002F7FF429AF2368019A48
:1071300023F4FF4323F07F03C2F30E0213432360C3
:10714000002ED6D0EB69002B3FF419AF0F2017E7C4
:10715000537F002BCDD0B8F1000FC6D1C9E773B56E
:107160000C46054610B9212002B070BD0029FAD0A6
:107170000123C6684B609E4215D8002301A90193E4
:10718000FFF75AFE0028EFD1019B06B11C336A6954
:107190009A4206D32A6943F0005322600020A3607C
:1071A000E2E71D20E0E7023E012EDCD80023F5E7F0
:1071B00070B50E46154604468AB000283ED0002918
:1071C0003CD0002A3AD00023012229463046FFF75E
:1071D0006CFE88BBF3688BBBEB68013B012B2DD8A1
:1071E0004FF08073A060C4E90030E06107A9284631
:1071F000FFF7B6FE00BB2046079900F07DF8304649
:1072000001A9FFF7ACFFB8B9204601A900F060F86A
:10721000284604A9D2F774FE70B9204600F058F849
:10722000284607A9FFF79BFF30B9204607A900F0C1
:1072300059F82046D2F720FB0AB070BD2120FBE7A9
:1072400070B50D46164604468AB000283ED0002987
:107250003CD0002A3AD00023012231462846FFF7CD
:1072600024FE88BBF3688BBBEB68013B012B2DD858
:107270004FF08173A060C4E90030E06107A928469F
:10728000FFF76EFE00BB2046079900F035F8284650
:1072900001A9D2F735FEB8B9204600F019F8284602
:1072A00004A9FFF75CFF78B9204604A900F010F8A4
:1072B000304607A9FFF753FF30B9204607A900F071
:1072C00011F82046D2F7D8FA0AB070BD2120FBE7AA
:1072D000436813B9416070475B685A68012AFBD163
:1072E00059607047836813B9816070475B685A685A
:1072F000012AFBD159607047C369032B9FBF00EB84
:1073000083020133D160C3617047C369042B14D871
:107310004FF09842116CC902FCD504339B001365F1
:107320000168103B11604168116050F8081F11603E
:107330004FF098420344984200D1704750F8041F20
:107340001160F8E7FFF70EBDA0F50030B0F5003F83
:107350002CBF00200120704770B506460D4614462C
:107360008CB0CAB11022002108A809F060FA0022EE
:1073700007AB029305AB019306AB00933046294659
:1073800008ABCDE90522D2F713FE18B9099B63605B
:10739000059B23600CB070BD6FF08600FAE72DE905
:1073A000F0410F46002186B0B8420646039132D024
:1073B00004AAFFF7D1FF044648BBDDF81080012086
:1073C000414600F0A5FE054638B303ABCDE9000306
:1073D0002246214643463046D2F76AFF044670B93A
:1073E000059B2146009338462B46039AD2F7F4FEBC
:1073F000044620B921463046D2F7B0FF04460021AA
:107400002846039A09F013FA284600F063FE204646
:1074100006B0BDE8F0810C46F9E76FF08C04F6E7A2
:1074200008B5FFF79FFC002814BF6FF09200002002
:1074300008BDFFF7F5BFF0B51C46002389B02360F7
:107440000F461646FFF78EFC70B96846FFF7BAFC88
:10745000054648B9324639466846D2F7E7FC10B9C6
:10746000266009B0F0BD25606FF09200F9E7F0B535
:107470008FB0DDE91947DDE91B56A54222D94FF04F
:10748000000C2D1BCDE906740A9505943D19189C36
:10749000CDF834C00494179C0DF1340C0394169C61
:1074A000CDE908650294159CCDF82CC00194149C7C
:1074B0000094D2F7DBFF18B933680D9A1344336098
:1074C0000FB0F0BD6FF08900FAE72DE9F04790B0FA
:1074D0008946DDE91C8792461C460646002851D0A5
:1074E000038803F4E042B2F5005F39D1C3F302220E
:1074F000042A35D184F0AA6383F4807333F47E13B5
:1075000037D084F0AA6383F4007333F47E1330D051
:10751000B8F1000F36D000250CAB7F1B2A46184669
:1075200008EB070109F095F91B9B209A03931A9B1E
:107530000A9202931F9A199B099201931E9A189B13
:10754000CDE90752CDE905700093524623464946DE
:107550003046CDF81080D3F749F810B0BDE8F08779
:1075600042F204029342D3D184F0052383F48013C2
:10757000CBE7C4F30545BD4204D8B8F1000F01D0F4
:10758000102DC9D96FF08600E7E720F00803102B13
:1075900005D0202814BF6FF086000020704700201F
:1075A000704710B50024436814601B0A04D0012BF7
:1075B00010D06FF0850010BD038823F0FF00B0F5F8
:1075C000824F04D1413BDBB2012B88BF0131002047
:1075D0001160F0E72C31FAE7F8B5134642880C4603
:1075E0000732072A4FEAD20101D0A14245D14668AD
:1075F0000588C76820221846002109F018F9360AC4
:10760000034626B1012E10D06FF08B00F8BDA4B355
:1076100041F20102954205D0B5F5885F02D0B5F57B
:10762000905F19D15C600020F0E7C6602CB341F296
:10763000010295420AD15C60B90707F001020ED43D
:10764000002AF0D14FF080729A60ECE7B5F5885FC0
:10765000F1D0B5F5905FEED0B5F5105F02D06FF0C8
:107660008500D3E7182C03D0202C01D0102C04D196
:10767000C3E90044002ED6D0DEE76FF08600C5E7F0
:10768000406810B5000A029C04D0012807D06FF0B2
:107690008B0010BD934209D96FF08C00F9E703F11C
:1076A0002C009042F8D8103103F11C020020C4E9EC
:1076B0000412EEE72B2A03460AD9012200200A8091
:1076C00048801A684A605A689B688A60CB60704735
:1076D0006FF0890070472DE9F04F9BB01F46DDE940
:1076E00024BA894615460646269B002866D0002FF8
:1076F00064D0BBF1000F61D000295FD0002A5DD0BB
:10770000BAF1000F5AD0002B58D00021D2000DF151
:107710000808CAF8001040461A60202209F087F8CD
:10772000424629463046FFF757FF044628BBC64667
:107730000DF1280CBEE80F00ACE80F009EE80F002A
:107740008CE80F00EB1C214623F00303202212A833
:10775000CDE90D490F9309F06AF82B465A46394690
:107760003046CDF80080FFF78BFF044628B912A8F9
:10777000FFF728FB28B16FF0920420461BB0BDE84C
:10778000F08F02AA0AA912A8FFF712FD98B95A466B
:10779000394602A8FFF78EFF04460028EDD1524675
:1077A00029463046FFF7FDFE044612A8FFF714FBFA
:1077B0000028E2D0DFE76FF09204F6E76FF086046E
:1077C000DBE710B586B005AC0294099C0194089CD7
:1077D0000094FFF780FF06B010BD2DE9F04F9BB07D
:1077E0000C46DDE9249A15469846834600286AD05F
:1077F000002968D0002A66D0002B64D0B9F1000FB0
:1078000061D0BAF1000F5ED0C76817F001075DD0F4
:107810002022002102A809F00AF821462A465846EB
:1078200002ABD3F74DF9044640BB0AAD02AE0FCE12
:107830000FC596E80F0085E80F0001A90AA8BBF85C
:1078400000500194FFF7F8FA25F0FF03B3F5824FDB
:10785000014617D1413DEDB2012D13D9042309F1A1
:10786000FF3908F8013B0023CDE90D3809F1030386
:1078700023F003030F9339B16FF0920420461BB03D
:10788000BDE8F08F0027EEE7019B4B4521D8202271
:1078900012A808F0CCFF12A8FFF794FA0028EBD149
:1078A0000AAA02A912A8FFF7CBFC48B9019B3B44E6
:1078B000CAF8003012A8FFF78FFA0028DED0DBE705
:1078C0006FF09204F6E76FF08604D7E76FF0840458
:1078D000D4E76FF08904D1E76FF085007047FFF7B8
:1078E000C6BDFFF7F2BDD2F71BBFD3F71FB8FFF736
:1078F000BEBDFFF7EABDD2F713BFD3F717B800F04C
:107900000BB809B100F00AB8222070470121D3F763
:10791000B3B90021D3F7B0B90020704770B506465F
:107920000D46FFF774F804461F2E52D8DFE806F024
:107930001019511E212451272A512D51303351360F
:10794000393C513F514251515151455148514B4E93
:10795000CFF766FB002628602046FFF75EF830462A
:1079600070BD4FF4C070D0F7E5FBF3E74FF4207023
:10797000F9E74FF44070F6E74FF46070F3E74FF427
:107980000070F0E74FF48060EDE74FF44060EAE705
:107990004FF4C060E7E74FF4F060E4E74FF4B06005
:1079A000E1E74FF4D060DEE74FF41060DBE74FF41F
:1079B000E060D8E74FF4A060D5E74FF42860D2E745
:1079C0004FF48070CFE74FF42060CCE74FF448606D
:1079D000C9E700202126BEE7D3F76EB9D3F72ABB4B
:1079E000D3F766BB70B50C46154610B9D3F70EFC3D
:1079F00038B143682BB12A462146BDE87040006883
:107A00001847232070BDF7B50D4616461C4648B1F1
:107A100003B901AC87685FB1234632462946006846
:107A2000B84706E0D3F7F2FB04B901AC0028F1D166
:107A3000232003B0F0BD07B501228DF807100DF12A
:107A40000701FFF7CFFF03B05DF804FB0B460146CB
:107A50001846FFF7F0BF00230122FFF7D4BF0EB492
:107A600003B503AA52F8041B0192D3F7DBFB02B063
:107A70005DF804EB03B070474FF06042D2F8803EEF
:107A80001B02FBD470472DE9F84F0F4615461E46E2
:107A9000002402F104089DF828B002F109094FEA18
:107AA000132A5FFA88F84C4502D30020BDE8F88F0E
:107AB000052C12D8DFE804F01E09030B0D0FD121AD
:107AC0000820CFF76DFD0134EDE74146F8E7F1B24C
:107AD000F6E75146F4E75946F2E7AB1DA3420BD057
:107AE000EB1DA34208D005F10803A34206D0BB1F3B
:107AF000195DE5E75B21E3E75A21E1E75D21DFE777
:107B0000034670B190F8382090F83C002AB1022862
:107B100003D1012283F83C20704704284FF0010272
:107B2000F8D00120704780F82C10704790F82C0096
:107B3000704790F8390070473022037A534303F1BD
:107B4000A04303F58023D96ED0E90323134499425F
:107B500014BF08461046704770B504460568D3F751
:107B600055FB844202D10020D3F744FB95F936003F
:107B7000D3F71EFB95F93600D3F7FAFA95F93700DB
:107B8000D3F716FB95F93700D3F7F2FA287ACFF737
:107B9000D3FE287ACFF736FECFF712FE0023284611
:107BA000C4E90033C4E90433A360AB6ABDE87040A4
:107BB0001847F8B504460D4690F8393081B173B9CD
:107BC00090F83A60FEF718FF054601213046D5F7D8
:107BD00073FE2846FEF714FF012384F83930F8BD00
:107BE000002BFCD090F83A70FEF706FF06462946B7
:107BF0003846D5F761FE3046FEF702FF84F839506B
:107C0000EDE72DE9F843044616460D4690F82C8022
:107C1000FEF7FDFE94F8382003469AB1FEF7FDFE0C
:107C200094F83B90FEF7E8FE074601214846D5F759
:107C300043FE3846FEF7E4FEFEF7E9FE0022034667
:107C400084F838201846FEF7E8FE2E44B54204D1E9
:107C500001212046236A98473DE094F82D302BB34C
:107C6000FEF7D5FE237E0746EBB12046FFF764FF03
:107C7000E1680138884238BF2069D4F830C03CBF81
:107C800000F1FF30401803469C450BD013F8012942
:107C9000112A01D0132A21D1A2F111035A425A41CB
:107CA00084F8342020633846FEF7B7FE94F8343069
:107CB000002BCBD0B8F1000F06D02B780A2B03D1C4
:107CC0000D212046E36998472046E36915F8011B1A
:107CD00098470028BAD00020BDE8F883994282BFB7
:107CE000236903F1FF335B18CEE7F8B590F838301D
:107CF000044603F0FF06A3B93146036A98470123FF
:107D000084F8383094F83B70FEF776FE054631462D
:107D10003846D5F7D1FD2846FEF772FE022384F8D7
:107D20003C30F8BD026CD36C43F00403D36470475D
:107D300010B50446026C93695906FCD5002394F8EB
:107D400049101A4694F84800D1F748F9002394F8EE
:107D50004B101A4694F84A00D1F740F994F8503085
:107D6000DA0707D5002394F84D101A4694F84C0012
:107D7000D1F734F994F850309B0707D5002394F8D5
:107D80004F101A4694F84E00D1F728F9206C0021C4
:107D9000C36C23F00103C364C36C23F00403C36406
:107DA000FEF729FF606C0021D0F7AAF9002010BD72
:107DB00008B5006CFEF738FF002008BD036CDA6CD4
:107DC00019B142F00102DA64704722F00102DA646C
:107DD000012203F500539A64704738B50468206C9B
:107DE000856C15F001050BD0012200F500539A6453
:107DF00083699B060FD52046BDE83840FFF775BF65
:107E0000042384F83C30237E33B9C36C23F004038D
:107E1000C3640123237638BD637E1BB394F82D30F1
:107E200003B3132184F83550FEF7FEFE236CDA6CA1
:107E300042F00402DA645B6ADBB2112B0DD101233C
:107E400084F834303022237A534303F1A04303F5FE
:107E50008023DB6E013B2363DDE7132BDBD184F84A
:107E60003450EFE7C36C23F00403C364D3E710B5C9
:107E700008201C4602F0BFFC002820600CBF1B201D
:107E8000002010BD002808BF42200A44914200D1C2
:107E9000704711F8013B434001F8013C00F0010339
:107EA000C0F34700002BF1D080F0B800EEE708B532
:107EB000D3F70EFE80B208BD08B5D3F709FE08BDA2
:107EC00008B5FFF7F9FFFA23B0FBF3F080B208BD65
:107ED000012070470420704740F2016000F046B86E
:107EE000704770477047032000F05BB8012070476F
:107EF00010B50C46D3F744FE08B1006808B901205C
:107F000010BD2146FFF7A7FD0028F9D01B28F6D1A8
:107F1000F6E710B50C46D3F733FE40B1006830B138
:107F20002146FFF788FD003818BF012010BD012051
:107F3000FCE701464FF0FF3003F0B3B908B54FF04E
:107F4000FF3003F0B0F980B208BD49BA89B280EAC7
:107F50000103C3F303125340180380B258405B017E
:107F600003F4FF535840704742DE704710B5044693
:107F7000FEF749FD4FF000534FF20F021C805A806C
:107F8000BFF35F8FBDE81040D3F7E0B810B40446EC
:107F90000846114622465DF8044BD6F7ABBDD6F72E
:107FA000E9BDD6F727BE10B404460846114622465E
:107FB0005DF8044BD6F73CBED6F7CABEF8B500272D
:107FC00006463D463046E9F7AFF9854200D3F8BD95
:107FD0003046E9F7A9F9441BE4B2202C2946304683
:107FE00028BF2024E9F796FB224601463846FFF7D2
:107FF00049FF2C440746E5B2E4E701460120FFF7BC
:1080000088BF10B5014604460120FFF771FF18B183
:108010001B2803D018232370002010BD2720FCE765
:1080200000207047104430B5054602B930BD01F05C
:108030000F030A2B34BF30243724013A23440909A3
:1080400005F8013DD2B2F0E770B504464518073592
:1080500049420D40A5F10806304600F066F8A188B7
:10806000331BC3F3CF036288194489B2D21A25F8AF
:10807000041C25F8062CA28882B1A4EBC202D18090
:10808000518819445180E2887AB1D31A9BB204EB2B
:10809000C20425F8023CA380304670BD15F8082CB8
:1080A00042F0020205F8082CEDE725F8022CF3E770
:1080B00007B500224FF0FF3101AB0192D5F7D0F8A0
:1080C000019803B05DF804FB13460A464FF0FF31F8
:1080D000D5F7C6B8D5F7C2B970B50D461E461146DC
:1080E00093B1002333608DB180B1454332462846B9
:1080F000FFF7EAFF044628B9306818B12A4621463E
:1081000008F095FB204670BD2224FBE72124F9E707
:1081100007B5002201AB0192FFF7DEFF019803B023
:108120005DF804FB0846FFF7C3BF002303804380CC
:108130008380C380704710B5FEF75EFC0446D5F718
:1081400025FB2046BDE81040FEF75ABCD5F7A8BF76
:108150004FF4C870D5F756BC7047002307B5684682
:1081600000938DF80430D0F7E3FD03B05DF804FB15
:108170002DE9FF410D4616461F460446A8B14FF0B3
:108180000008C0F81C80D6F7ABF8BDF82C3042468A
:1081900002939DF828302946CDE9007320463346E6
:1081A000D5F7F8FF04B0BDE8F0812220FAE7F0B57A
:1081B0001F46002387B00D46164604468DF817303B
:1081C000A8B1C3610DF11701D6F7BCF89DF81720CF
:1081D0007AB9BDF83430294602939DF830302046F4
:1081E000CDE900733346D5F7D5FF07B0F0BD2220A7
:1081F000FBE70320F9E738B5FEF709FC0546D6F79B
:10820000AFFA04462846FEF708FC204638BD00F0C9
:108210003AB800F049B800210846D1F7F3B900F0A8
:108220000101830748BF41F002010020D1F7D0B916
:1082300010B504460020D1F7DDF9012C04D0022C42
:1082400005D1C0F3400010BD00F00100FBE70020A5
:10825000F9E738B5FEF7DBFB04460020D1F7CAF991
:10826000830700F0010548BF45F0020500F0030157
:108270000020D1F7B9F92846D6F760F92046BDE8C5
:108280003840FEF7CABB002008B5D1F7B3F910F0AB
:10829000080008D000200821D1F7A6F9BDE8084061
:1082A0000020D1F7CDB908BD04210020D1F79CB939
:1082B00008B5FEF773F9FEF78EF9FEF7BEF9FEF783
:1082C00091F9BDE80840FEF7A2B908B5FEF7A0F99C
:1082D000FEF79FF9FEF79EF9BDE80840FEF7A3B947
:1082E00070472DE9F34112F001050446884622D17A
:1082F00010F0030525D12F465208BA4209D1D0F714
:1083000077FF0026B74204EB860008D1D0F780FF44
:1083100011E054F8273001330CD10137EDE7042286
:1083200058F826300DEB0201019308F0B5FA30B190
:10833000D0F76EFF3D25284602B0BDE8F08101363A
:10834000E0E70125F7E71FB52A38062869D8DFE8F6
:1083500000F0040B2C4D52575E0006F0F8FE04F0BE
:1083600060FB012004B010BDE6F788FD0446E6F787
:1083700085FD8DF80000E6F781FD8DF8010004F021
:1083800046FBADF80200E6F779FD0DF105018DF829
:1083900004000820E6F77AFDE6F770FD69468DF8DF
:1083A0000D00204603F01DFFD9E7E6F767FD69469B
:1083B00006F0BEFE04F035FB9DF80000E6F77CFDFC
:1083C0009DF80100E6F778FDBDF8020004F015FB0A
:1083D0009DF80400E6F770FD08200DF10501E6F7B1
:1083E0007BFD9DF80D00E6F767FDBAE7E6F746FD71
:1083F00003F0F9FEB3E7E6F741FDF3F725FEF2E7F8
:10840000E6F73CFDF4F79EFE04F0F7FAA9E7E6F77D
:1084100035FD044604F0FBFA01462046F4F7B8FEA9
:108420009FE700209EE770B574288CB027D006D84F
:108430006F2827D0732817D000200CB070BDA82853
:108440003BD0A928F8D104F0E2FA044602A908209A
:10845000E6F71CFD07A91020E6F718FD204607AA3D
:1084600002A907F0F3F906E0102007A9E6F70EFDD0
:1084700007A807F0EDF904F0D4FA0120DDE7F8F7DA
:10848000BFFFF8E702A804F09EFBE6F7F7FC0446FE
:10849000E6F7F4FC0546E6F707FD07AE211E0346A6
:1084A0002A4618BF0121009602A803F09FFE04F09F
:1084B000B8FA304604F07CFBDFE704F0A8FA044683
:1084C00002A90820E6F7E2FC07A90820E6F7DEFC8F
:1084D000204607AA02A907F080F9CCE700207047E0
:1084E0004FF6FF707047FF20704700207047022052
:1084F00004F097BA0020704708B50E2004F091FAF6
:10850000012008BD002070477047D4F7DBB87047E2
:1085100008B5D3F7CFFFBDE80840E9F729BF70479A
:10852000704708B5FFF7FBFFFFF7FAFF08BD70477C
:1085300008B5D3F7BFFFFFF7FAFFFEF7E0F8BDE895
:108540000840D8F77DB8002070479DF804007047B8
:108550000020704700207047704738B50546FEF789
:108560004BFA044601212846D5F7A6F92046BDE876
:108570003840FEF745BA0120704708B5E6F7D6FB4C
:10858000B0FA80F0400908BD08B5D8F709F900280D
:108590000CBF0420012008BD082808D84FF48B73B5
:1085A000C34013F0010F14BF002021207047212089
:1085B000704701207047012070470020704708B5C0
:1085C000022004F02EFABDE808400020E6F774BC53
:1085D000022004F026BA70472DE9F34104460D4607
:1085E00016461F46DDF82080CDF80080FEF7E2F841
:1085F0003B46324629462046CDF80080FFF7EBFF88
:1086000002B0BDE8F0811FB5089C02949DF81C40A3
:108610000194BDF818400094E5F7BEFA04B010BD0F
:1086200008B5E4F7D1FE08BD70472DE9F3411646C1
:108630001F4604460D46BDF82080CDF80080FEF7A9
:10864000BBF833464246294620460097FFF7ECFF29
:1086500002B0BDE8F081704708B5FEF7AEF8FFF74D
:10866000FAFF08BD012070472DE9F04105460E468E
:1086700017469846FFF7F6FF0446434628463A4613
:108680003146FEF79CF82046BDE8F0810120704796
:108690002DE9F04105460E4617469846FFF7F6FFCE
:1086A0000446434628463A463146FEF789F82046B6
:1086B000BDE8F081FEF785B8F8B505460E461746C9
:1086C00007F03EFD04463A4628463146FEF77BF861
:1086D0002046F8BDFEF778B8704710B50446FEF79F
:1086E00075F82046FFF7F8FF10BD704738B504460F
:1086F0000D46FEF76DF829462046FFF7F6FF38BD18
:10870000704770B504460D461646FEF763F83246CC
:1087100029462046FFF7F4FF70BD704738B5044680
:108720000D46FEF759F829462046FFF7F6FF38BDFB
:10873000704738B504460D46FEF750F829462046E6
:10874000FFF7F6FF38BD70472DE9F34104460D46AB
:1087500016461F469DF82080CDF80080FEF740F8B1
:108760003B46324629462046CDF80080FFF7EBFF16
:1087700002B0BDE8F081704738B50546E4F7C2FCA9
:1087800004460146284600F0CEF9204638BD38B5EB
:1087900004460D46FEF72CF829462046FFF7EBFF6E
:1087A00038BD704738B50546E4F71AFD0446014662
:1087B000284600F0B6F9204638BD38B504460D46C7
:1087C000FEF717F829462046FFF7EBFF38BD704744
:1087D00010B50446FEF70EF82046FFF7F8FF10BD6F
:1087E000704738B504460D46FEF706F82946204680
:1087F000FFF7F6FF38BD704770B504460D461646C4
:10880000FDF7FCFF324629462046FFF7F4FF70BD16
:10881000704738B504460D46FDF7F2FF294620465D
:10882000FFF7F6FF38BD704738B504460D46FDF733
:10883000E9FF29462046FFF7F6FF38BD704770B5BF
:1088400004460D461646FDF7DFFF32462946204610
:10885000FFF7F4FF70BD704710B50446FDF7D6FF73
:108860002046FFF7F8FF10BD704710B50446FDF72E
:10887000CFFF2046FFF7F8FF10BD704710B5044644
:10888000FDF7C8FF2046FFF7F8FF10BD704770B531
:1088900004460D461646FDF7BFFF324629462046E0
:1088A000FFF7F4FF70BD704710B50446FDF7B6FF43
:1088B0002046FFF7F8FF10BD704738B504460D4657
:1088C000FDF7AEFF29462046FFF7F6FF38BD70479B
:1088D000F8B504460D4616461F46FDF7A3FF3B4676
:1088E000324629462046FFF7F2FFF8BD704770B5C3
:1088F00004460D461646FDF797FF324629462046A8
:10890000FFF7F4FF70BD7047F8B506460C461746F2
:108910001D46FDF78BFF3B46324629462046FFF7B2
:10892000F2FFF8BD704710B50446FDF781FF204601
:10893000FFF7F8FF10BD704738B504460D46FDF748
:1089400079FF29462046FFF7F6FF38BD704710B57E
:108950000446FDF771FF2046FFF7F8FF10BD704792
:108960002DE9F34104460D4616461F46DDF82080EA
:10897000CDF80080FDF762FF3B463246294620468F
:10898000CDF80080FFF7EBFF02B0BDE8F081704743
:1089900038B504460D46FDF753FF29462046FFF73C
:1089A000F6FF38BD0E2070470E20704738B50446DC
:1089B000FFF7FAFF05462046FDF744FF2046FFF784
:1089C000F1FF284638BD704710B50446FDF73BFF60
:1089D0002046FFF7F8FF10BD0020704700207047C9
:1089E00038B50446FFF7FAFF05462046FDF72CFF91
:1089F0002046FFF7F1FF284638BD70472DE9F04FBC
:108A00008FB09DF880B0219C9DF87490CDE908B49A
:108A10001E9C9DF860509DF864609DF868709DF8FC
:108A20006C80CDE905941C9C9DF87CA0CDE9038465
:108A3000CDE901670095CDE90C23CDE90A01CDF818
:108A40001CA0FDF702FFDDE90A01219BCDE90167CA
:108A5000CDE908B31E9BCDF81CA0CDE905931C9B66
:108A60000095CDE90383DDE90C23FFF7C6FF0FB0C6
:108A7000BDE8F08F08B5FDF704FFFDF783FD08BDE5
:108A800000207047022070470020704730B589B041
:108A90000446ADF806108DF81020E9F73DF80546BC
:108AA0002046E9F749F803469DB1BDF80600ABB989
:108AB00004F0F4FDFF2808BF00200DF10F038DF82E
:108AC0000F0005932046DDE90412D7F7ABFE09B08D
:108AD00030BD0028F6D00DF10603F2E704F0DEFD0C
:108AE000FF2808BF0020BDF806308DF80F00ADF854
:108AF0001A308DF8180006ABE3E7D3F76FBC08B562
:108B0000E7F716FC002840F6124018BF002008BD09
:108B10000120704770477047704770477047704733
:108B20007047FFF74ABEFFF732BEFFF7E0BEFFF720
:108B3000CFBE10B49DF8044001945DF8044BFFF7DC
:108B400003BEFFF745BEFFF74CBEE9F7C1BBFFF719
:108B500083BEFFF751BEFFF73FBDFFF765BEFFF7CE
:108B600058BEFFF76CBE30B4BDF808409DF80C50FD
:108B7000CDE9024530BCFFF746BDFFF79BBDFFF7CF
:108B8000B5BDFFF7BEBDFFF71FBFFFF7C7BDFFF7BE
:108B9000D0BDFFF7E5BEFFF77ABEFFF785BEFFF752
:108BA0008CBEFFF767BFFFF798BDFFF75EBE04F00E
:108BB000F1B9E7F769BBE9F749B810B4BDF804406B
:108BC00001945DF8044BFFF730BDFFF7B5BEFFF72A
:108BD0009BBEFFF7A8BEFFF7BABE002070477047E4
:108BE0000020704770470E20704701207047704783
:108BF00001207047012070470E20704737B5427B37
:108C00000446D0070D4605D56078F0F72BFDC8B1B6
:108C100003B030BD930731D5C2F3800310074FEA8C
:108C20008313ADF806300DF1060248BF43F48063AC
:108C300004F1040048BFADF8063005F0A0FD08B906
:108C40002D20E5E708222946201D07F0D6FD2B7CC4
:108C500000202373AB89590642BF627B42F00402B5
:108C600062735A0542BF627B42F0080262731B07BF
:108C700042BF637B43F002036373C9E70120C7E788
:108C80007FB5102201AB02A9019200F0AEFC50B9F1
:108C900002A806F012FA80F00100C0B200F0010054
:108CA00007B05DF804FB0020F8E730B5427B0446CE
:108CB00012F001058BB015D000212822684607F07C
:108CC000B6FD69466078D8F777FF48B9DDF81D3002
:108CD0006360DDF82130A360637B43F002036373BC
:108CE0000BB030BD930701D42D20F9E7D20001214C
:108CF00002F080020430D8F7ABFFFF286070F3D099
:108D0000637B284643F001036373E9E7704708B5C6
:108D100000F07DFC003818BF012008BD07B50378BE
:108D2000072B0FD1407800F5403000F5007010227D
:108D300001AB019200F059FC003818BF012003B0CC
:108D40005DF804FB082B05D1407800F5403000F5B4
:108D50004070ECE72620F2E730B503780446072B95
:108D60000D4687B019D1437803F5403000F5007007
:108D7000059000F04CFC1023CDE901530123009332
:108D80004FF4105140F20133226905A800F002FCB3
:108D9000003818BF012007B030BD082B05D143783B
:108DA00003F5403000F54070E2E72620F3E773B5A5
:108DB00005460E46FFF779FF0446E0B96B7B9B073B
:108DC0000ED46878102200F54030314601AB00F532
:108DD000807000F00AFC50B10124204602B070BD42
:108DE00002460821281D04F010FC0028E9D0304676
:108DF00005F017FFF1E72D24EFE738B5427B044675
:108E0000930707D5D200012102F080020430D8F781
:108E10001FFF60706178FF2902D12D25284638BDDB
:108E200000220120D8F788FF05460028F5D1607898
:108E300000F5403000F5807000F0E9FBEEE710230C
:108E400010B590B0CDE90113002300934FF41051F9
:108E50000269044640F2013305A800F09BFB01467D
:108E600048BB25220DF11B0007F0E1FC6368627B23
:108E7000CDF83530A36812F0040FCDF83930059BDA
:108E800006A807934FF001038DF81A300CBF80231A
:108E9000C023110748BF43F48063ADF8183093072F
:108EA00042BFBDF8183043F00803ADF81830F0F7B2
:108EB0006FFB10B010BD0120FBE710B58AB00C4667
:108EC00001A9FFF79BFE40B96B4610222146069888
:108ED00000F08BFB003818BF01200AB010BD10B5A0
:108EE0008AB024220446002101A807F0A0FC002338
:108EF000ADF80230637B590744BF4022ADF8022031
:108F00001A0742BFBDF8022042F48062ADF8022089
:108F1000DB071CD5607801A9F0F7A4FB10B12D2068
:108F20000AB010BD01AB03CB637B606043F002036A
:108F3000A160637304A9201D05F023FC0028EED076
:108F4000069800F064FB003818BF0120E8E70DF137
:108F5000020201A9201D05F012FC0028EAD1DEE77B
:108F600010F1870F06D030B110F1950F0CBF2C20F7
:108F70000120704721207047D8B1D1B14388C3B9CF
:108F80000378013B082B14D8DFE803F00507090B31
:108F90000D0D0F0F1100D8F7E1B9D8F773BAFFF72D
:108FA0004EBFD8F723BBD8F7E5BAFFF7D5BED8F741
:108FB000D9BB2120704738B50D4639B330B303789B
:108FC000013B082B20D8DFE803F0050D101316161F
:108FD00019191C00D8F71CFA0446284605F021FE92
:108FE000204638BDD8F786FAF6E7FFF766FFF3E7C5
:108FF000FFF7DDFEF0E7D8F7A9FAEDE7FFF78EFE01
:10900000EAE7D8F7CBFBE7E72124E6E72124E7E707
:1090100070B586B0064601A80C461546D8F738F953
:1090200004238DF804301CB12068616802AB03C3CF
:10903000294601A88DF80560FFF79EFF06B070BDB8
:1090400070B586B0044601A80D461646D8F720F93B
:109050000323206861688DF8043002AB8DF811603D
:1090600003C3294601A8FFF787FF06B070BD0022A1
:10907000FFF7E6BF30B585B00D4669460446FFF7F9
:109080009AFF20B92A4621466846D8F7DDFB05B08D
:1090900030BD10B5044686B011230622012001A977
:1090A000E8F7A2FCA3789DF814209A4207D08DF827
:1090B000143006221123002001A9E8F795FC1123A2
:1090C0000222012001A9E8F78FFCE3789DF8142023
:1090D0009A4207D08DF8143002221123002001A9F2
:1090E000E8F782FC06B010BD30B5437B044613F0B0
:1090F00001020D468BB007D0407801A9F0F7B2FA13
:1091000070B12D200BB030BD9B07FAD5ADF8022011
:1091100001A90DF10202043005F031FB0028F0D066
:1091200000210E22A81C07F082FBBDF810302B8016
:10913000039BAB60BDF81230AB819DF814302373F4
:1091400001AB03CB6060A1600020DBE770B5437B1F
:109150000446DB070E468AB003D42D2528460AB004
:1091600070BD69464078D8F727FD05460028F4D140
:10917000DDF81D300E226360DDF821300146A3606A
:10918000637BB01C43F00203637307F050FBBDF830
:109190000030069A43F004033380059BB26073608D
:1091A000DCE70B4610B5044610220021184607F0F4
:1091B0003EFB2278032A09D0042A0DD0022A11D1BD
:1091C00001462046BDE81040D8F79ABC014620462B
:1091D000BDE81040FFF788BF01462046BDE81040BB
:1091E000FFF7B4BF262010BDF8B5074608460C4669
:1091F00016461D46D8F74CF804232370637B31468E
:1092000043F00103204667706373FFF7D4FE08B193
:109210002D20F8BD29462046FFF7C3FF0028F8D0CF
:10922000F6E7F8B5054608460C461F461646D8F739
:109230002FF80423237025B108222946E01807F0EF
:10924000DCFA637B43F0020363734EB932460121BB
:109250002846D8F7FDFCFF28607007D12D20F8BD07
:1092600031462046FFF7A7FE0028F7D1637B43F085
:10927000010363730DB90020F1E7002FFBD03946DD
:109280002046FFF78EFFF6E7F8B50C46074608467E
:1092900016461D46D7F7FCFF03232046394600F843
:1092A000043B082207F0A9FA637B314643F002032E
:1092B00020466373FFF77FFE08B12D20F8BD2946D5
:1092C0002046FFF76EFF0028F8D0F6E7F8B507460E
:1092D00008460C4616461D46D7F7DAFF03232370CF
:1092E000637B314643F00103204667706373FFF7E9
:1092F00062FE08B12D20F8BD29462046FFF751FF38
:109300000028F8D0F6E70120704718B1802201212B
:10931000D8F79EBCFF20704730B589B00D46FFF7E7
:10932000F4FFFF28044612D019230246194601A86B
:10933000FEF72CFE2868696801AB03C31923214698
:10934000184601AAFEF72BFE002009B030BD2D20E3
:10935000FBE7002307B51A4619460093F1F7E0FE34
:10936000B0FA80F0400903B05DF804FB7047704725
:109370000020704770470F20704770479DF800002D
:1093800070470F2070470F207047002070470F2054
:109390007047002070470020704784B08DE80F00B0
:1093A000002004B0704700207047704770470020CD
:1093B00070477047002070477047002070470120B9
:1093C000704770470020704700B58FB061B105ABA2
:1093D00001AA09A9FFF725FF20B99DF825000FB0C4
:1093E0005DF804FBFF20FAE70220F8E710B586B02D
:1093F000044601A8D7F74CFF04238DF8043001235D
:1094000001A88DF805408DF81130D8F76BF90028C8
:1094100018BF212006B010BD002310B586B00C4641
:109420001A4601A9FFF7FDFE9DF80500FF2807D0A9
:10943000002C0DBF0422002204210021D8F7E6FCF5
:1094400006B010BD30B587B0044601A81546D7F761
:109450001FFF4FF6047320686168ADF8043002AB5B
:1094600003C3294601A8FFF787FD054630B1052152
:109470002046FFF794FB002007B030BD9DF80500A3
:10948000FF28F8D002222946D8F7C0FC0121204647
:10949000FFF785FB28462946F1F730FF0120EBE76F
:1094A000008870470170090A4170704710B50024A8
:1094B000E3B210B9C3F10303DBB20134042CCA5484
:1094C0004FEA1222F4D110BD10B50B784C788A788F
:1094D000C97828B91046224604460846194603466C
:1094E00042EA012043EA042343EA004010BD2DE98B
:1094F000F84FDDF8289016469A4680460C469DF8AF
:109500002CB00C9FCFF7DEFE431F5D425D41B6F5E8
:10951000885F2AD1BBF1000F04D1C4F804B0002346
:10952000A36009E0BBF1010F08BFD8F800304BEA97
:10953000052508BFA360656019F4805F18BF49F472
:10954000806919F4005FE36918BF49F40069C4E950
:10955000039AC3B926804FF6F8724FF6FF7397420D
:1095600088BF1F466780BDE8F88FBBF1010F08BFB9
:10957000D8F800304BEA05256560EDB208BFA3605E
:10958000002DD9D1CBE7002331461A46204600F002
:1095900070FDE0E72DE9F04304468FB00D46DDE9AC
:1095A000178916460021242205A81F4607F03FF917
:1095B000C4B1B8F1000F15D04FEAC90302939DF86A
:1095C00058302A462046CDE9007305A93346FFF7F7
:1095D0008EFF23464A46414605A800F0BFFA0FB069
:1095E000BDE8F0836FF08600F9E710B421B11BB13C
:1095F0005DF8044B00F06EBA6FF086005DF8044B26
:10960000704709B100F01BBA6FF08600704700F098
:1096100002BA10B51C46002386B005934AB144B186
:1096200005AB02931023CDE90043D9F783F906B0C7
:1096300010BD6FF08600FAE710B51C46002386B017
:1096400005934AB144B105AB02931023CDE9004321
:10965000D9F79CF806B010BD6FF08600FAE72DE947
:10966000F04F9B468BB09DF85040179B07468846AD
:1096700018465946924622469DF858909DF85450F7
:1096800007F0BBF803464FEA094101F47C1141F0B1
:10969000A8612E1B09AA41F480710BEB040006EBB4
:1096A000090C23440692BAF1000F16D0CDE9043C10
:1096B000CDE902060D2342463846CDE900B400F05C
:1096C0008EFB10F1950F04D16FF094000BB0BDE844
:1096D000F08FB8B16FF08600F8E7CDE90436CDE938
:1096E000020C0D2342463846CDE900B400F007FCD9
:1096F00010F1950FE8D00028ECD1099BB342E9D1D5
:109700000020E3E7099B4D442D1B9D42F7E710B570
:10971000044608B1D8F728FC2046BDE81040FEF703
:10972000D9BC00F4E040B0F5805F04D0A0F5005350
:109730005842584170470120704738B503790446B4
:109740000D463BB9A368022120462B6000F08BFD3B
:1097500038B938BDD0E9091200F01BFE0028F1D05D
:10976000F7E700232B60F4E700232DE9F341D0E96C
:10977000016804460F4630461146136000F0DAFDDA
:10978000054688B9304600F0D7FD054660B9F6B207
:1097900076B9B8F1000F05D1E36823F47F4323F0D5
:1097A000030363B16FF08605284602B0BDE8F0817F
:1097B0000146A06800F046FD0028EDD1F2E74FF623
:1097C000F87362889A421ED8238B012BEAD8394657
:1097D00001A8D9F7F3F905460028E5D10FCC3F6879
:1097E0003E460FC694E807003B7986E807000BB9B0
:1097F000019BBB603B8B012123F0010338463B8377
:1098000000F031FDD0E76FF08505CDE741F205238B
:1098100098421AD8B0F5905F09D241F201039842FC
:109820000CD0B0F5885F09D06FF085007047292310
:10983000A0F5905080B2C340DB07F5D511F0070FBB
:109840000CBF00206FF086007047B0F5105FEBD1C1
:1098500021F04003802B06D0B1F5807F0CBF0020A3
:109860006FF0860070470020704770B5446A054667
:109870000E463CB90120FEF74BFC686228B1204639
:10988000AE6270BD6FF08A00FBE76FF08C00F8E706
:10989000F8B50F46114606461546FFF7E6FF0446A3
:1098A00020B92A463946706A06F0D3FF2046F8BD33
:1098B0002DE9F041089D88461F46048802B32046E2
:1098C000FFF72FFFE0B12B680BB9D3002B602046C8
:1098D0002968FFF79BFF044678B9CE1DB2EBD60F7F
:1098E00011D1069B9A4211D84146384606F0B1FF85
:1098F0002B68079A0733DB0813602046BDE8F08128
:109900006FF08504F9E76FF08604F6E76FF08904DD
:10991000F3E72DE9F04F456885B02D0A0446DDE9EF
:109920000E67894692469B46DDF8408006D0012DA1
:1099300018D06FF0860005B0BDE8F08FCDE9017852
:109940000096FDF7C9FF10F1860FF4D15B46524631
:1099500049462046CDE90F780E9605B0BDE8F04F98
:10996000FFF7A6BFCDE90F780E9605B0BDE8F04F22
:10997000FDF7B1BE10B50446406A10B1A16AFFF709
:10998000C6FE0020C4E9090010BD38B50546FFF742
:10999000F1FF95F820300446043B012B0CD8EB690D
:1099A000002B0CBF04466FF096042C2200212846A1
:1099B00006F03DFF204638BD6FF09604F5E710B580
:1099C000044638B1042100F04EFC2046BDE81040AA
:1099D000FFF7DBBF10BD38B590F820300546052BEA
:1099E00016D10479FF2C07D1FFF7CFFF041E08BF63
:1099F0006FF08404204638BD1CB1806800F0AEFCD6
:109A000004462846FFF7C1FF002818BF0446F1E7C7
:109A10006FF08804EEE707B558B1012201A9D9F724
:109A200009F930B9019800F056FC28B10198FFF708
:109A3000D2FF03B05DF804FB6FF09900F9E7F7B5CA
:109A4000044608460E4600F008FB002320461A464E
:109A500001A9D8F72BFE78B9019F34463D460FCDBA
:109A60000FC495E8070084E80700338B384603F0FD
:109A70000103338300F034FC03B0F0BD70B514462D
:109A800002881D461046049EFFF74BFE68B944F25B
:109A9000010322F44050984207D002F44F42B2F53D
:109AA000824F02D0B2F5844F0ED1B4420FD8224675
:109AB000284606F0CEFE0021321B281906F0B7FE1C
:109AC0000020059B1C6070BD6FF08500FBE76FF008
:109AD0008900F8E72DE9F04188461F4616468CB00C
:109AE000002A38D0002301223B6002A9D8F7DEFD0E
:109AF0000446B8B9DDF808C003AC6546CDE90A00F4
:109B00000FCD0FC495E80700049B84E80700DCE94B
:109B100009121B0A0AD0012B16D0604600F0E0FBA8
:109B20006FF0860420460CB0BDE8F0814346CDE9D5
:109B3000006703A8FFF7A2FF0446029800F0D0FBDD
:109B4000002C08BF0446EDE74346CDE9006703A8B3
:109B5000FDF743FEF0E76FF08904E3E72DE9F041FC
:109B60001F46002388B0054688461646CDE90433D3
:109B700007923B60002A61D0B2F1005F61D205AA72
:109B800004A9FFF7F1FD0446A0B9049B5A6AAAB1E3
:109B9000049B41465A882846069206AA029203F17F
:109BA000280201929A6A00925B6A3246FFF7B1FE80
:109BB0000446E8B10498FFF702FF35E06B681B0A22
:109BC00007D107990498FFF750FE04460028DFD01C
:109BD000F0E7012B03D007926FF08604EAE72846EE
:109BE00007A9079600F065FA04460028E9D0E1E7E6
:109BF0000498069B4288DAB943804FF6F872934284
:109C000019D82B8813B102889A42E5D12B6A002B10
:109C1000E2D16B8813B142889A42DDD13946FFF711
:109C20008CFD04460028C5D1204608B0BDE8F0816F
:109C30009A42D1D1E1E76FF08504BBE76FF086046B
:109C4000F2E76FF08504EFE72DE9F04F0E464FF095
:109C5000000C8646154693B009AC0F460FCE0FC4D4
:109C60000FCE0FC433686246236070466346C5F862
:109C700000C005A9CDE905CCCDE907CCD8F716FD84
:109C8000044658B9059B9868FDF75EFB059C06469F
:109C900070B9E3689B070BD46FF084040698FFF754
:109CA0008EFE059800F01CFB204613B0BDE8F08F37
:109CB0003B882BB122889A4202D06FF08604EDE7F0
:109CC0003B6A002BF9D17A8863880AB19A42F4D1B1
:109CD000ADF82630DDF834A02388D4F81090514632
:109CE0004A461846ADF824300393D8F769F9074679
:109CF000DDF838B0D4F81480039B42465946184624
:109D0000D8F75EF92FB9BAF1000F02D0B9F1000F00
:109D1000D3D128B9BBF1000F02D0B8F1000FCCD1DC
:109D2000E2680C9B0E90134006A907AA09A8CDE98A
:109D30000C37FFF719FD04460028AFD1002E3FD1A4
:109D4000069B5A68059B5B681B0AB3EB122F02D077
:109D50006FF08504A2E70A9B1B0A39D008A909A85D
:109D600000F0A7F90446002898D108990698FFF753
:109D70007CFD0446002891D1DDE905305A68120ABD
:109D8000E6D1D3E909120A9C436A240A012C50F84F
:109D9000286F92D1CDE9006009A8FDF712FD0446B5
:109DA00000287FF47BAF29460698FFF7C6FC0446DF
:109DB00000287FF473AF059800F092FA044673E729
:109DC0000A9B1B0ACAD1059B5B681B0A7FF464AF20
:109DD000059B0698D3E90912FFF75AFDDFE72DE945
:109DE000F04F1E46002397B0DDF898A08346DDE9CA
:109DF00024970846CAF800300D469046D8F704FC70
:109E00000446002862D12B464FF4807258460CA9B4
:109E1000D8F74CFC0446002858D1DDF830B00DAC22
:109E2000DC46CDE91400BCE80F000FC49CE8070035
:109E300084E8070031462846D8F7D4FB04460028BA
:109E400041D1DBE9091B0E9B1B0A0BD0012B41D032
:109E50006FF08604002F36D03A460021484606F0BF
:109E6000E6FC30E0239B5A460593229BCDE9077A16
:109E70000493219BCDF818900393209BCDF800808C
:109E8000CDE901630DA82B460B91FDF730FD10F1D4
:109E9000860F04460B9914D1239B5A460593229BA7
:109EA000CDE9077A0493219BCDF818900393209B6A
:109EB000CDF80080CDE901630DA82B4600F0AFF886
:109EC0000446002CC6D10C9800F00AFA204617B0C0
:109ED000BDE8F08F239B5A460593229BCDE9077A74
:109EE0000493219BCDF818900393209BCDF800801C
:109EF000CDE901630DA82B46FDF7F1FCE0E72DE964
:109F0000F04F1E46002397B0DDF898A08346DDE9A8
:109F100024970846CAF800300D469046D8F774FBDF
:109F20000446002862D12B464FF4007258460CA913
:109F3000D8F7BCFB0446002858D1DDF830B00DAC92
:109F4000DC46CDE91400BCE80F000FC49CE8070014
:109F500084E8070031462846D8F744FB0446002829
:109F600041D1DBE9091B0E9B1B0A0BD0012B41D011
:109F70006FF08604002F36D03A460021484606F09E
:109F800056FC30E0239B5A460593229BCDE9077A85
:109F90000493219BCDF818900393209BCDF800806B
:109FA000CDE901630DA82B460B91FDF7A2FC10F142
:109FB000860F04460B9914D1239B5A460593229B86
:109FC000CDE9077A0493219BCDF818900393209B49
:109FD000CDF80080CDE901630DA82B4600F02DF8E7
:109FE0000446002CC6D10C9800F07AF9204617B030
:109FF000BDE8F08F239B5A460593229BCDE9077A53
:10A000000493219BCDF818900393209BCDF80080FA
:10A01000CDE901630DA82B46FDF763FCE0E707B52A
:10A02000014618464A880DF10703098800F013F825
:10A030006FF0850003B05DF804FB07B501461846D4
:10A040004A880DF10703098800F005F86FF08500D4
:10A0500003B05DF804FB0020704710B50446C069EA
:10A06000FEF738F82046BDE810402422002106F013
:10A07000DEBB2DE9F04105460F4690461C469BB1DC
:10A0800019460120FEF744F8064678B122464146BB
:10A0900006F0DFFBE86908B1FEF71CF80020C5E90F
:10A0A00007642F80BDE8F0811E46F3E76FF08C0057
:10A0B000F8E7426870B5120A0588438806D0012A7D
:10A0C00056D000236FF086000B6022E005F4E042DA
:10A0D000B2F5805F02D0B2F5005F05D10733DB082F
:10A0E00040D16FF0850014E005F44F42B2F5844F83
:10A0F00003D10733DB080AD1F3E747F201029542A7
:10A1000008D15B080133DB0803EBC3033B330020BA
:10A110000B6070BD44F20102954202D1DB0810339E
:10A12000F5E747F20202954204D1DB0803EB430353
:10A130005A33ECE744F20202954204D1DB0803EB08
:10A1400043034A33E3E725F0FF05B5F5E24FD0D0EE
:10A15000B5F5824FC5D10733DB085B000133012B16
:10A16000D5D1BEE725F0FF05B5F5824FCFD1F6E793
:10A1700005F4E046DC1DB6F5805F25F0FF024FEAEE
:10A18000D40002D0B6F5005F06D100284AD0B2F55F
:10A19000824F07D1034640E005F44F46B6F5844FA1
:10A1A00002D190B3C31C32E047F20106B5420DD193
:10A1B0005B080133DB0803EBC3033B330333800746
:10A1C00023F0030335D1072C23D132E044F20106FA
:10A1D000B54202D1DB081033F0E747F20206B54280
:10A1E00004D1DB0803EB43035A33E7E744F20206EA
:10A1F000B54204D1DB0803EB43034A33DEE7B2F593
:10A20000E24FCED0B2F5824F05D00B68033323F076
:10A2100003032C337BE743000133012B00D10B6890
:10A22000013BCBE7B2F5824F0B6806D0033323F036
:10A230000303B2F5824FECD102E0023323F00303B3
:10A240000433E6E703466FF040420846591E914248
:10A2500007D338B103F1404393428CBF0020012063
:10A2600070470120704790F82030052B11D8DFE8A7
:10A2700003F0030B16141F214B1E012B09D90429CF
:10A2800007D06FF087007047022902D00B1F012B07
:10A290000BD880F8201000207047022902D0CB1E76
:10A2A000022BF5E7C369002BF3D06FF088007047ED
:10A2B0000529EED00029ECD0F7E710B503210446BC
:10A2C000FFF7D1FF30B9E3695A1C0EBF6FF096005B
:10A2D0000133E36110BDC069B0FA80F040097047F6
:10A2E00008B90020704790F82020032A08D1C269DD
:10A2F000EAB1013AC261002AF3D10221FFF7B3BFEC
:10A30000052A09D0042A0FD1C26982B1013AC2617B
:10A31000002AE6D1FFF739BBC26942B1013AC261F6
:10A32000002ADED1FFF757BB6FF0880070476FF04F
:10A330009600704700207047C0B2FF280CBF6FF036
:10A3400086000020704707B500216A46FDF704F833
:10A350008C3018BF012003B05DF804FB13B5002159
:10A360006A460446FCF7F8FF8C3002D1002002B0A8
:10A3700010BD00212046CFF7F1FF014610B16FF06C
:10A380009800F4E76A462046FCF7E6FF8C30EDD0F3
:10A39000F5E72DE9FF4107461446884600293FD0DE
:10A3A000002A3DD0B2F5005F3DD202F124063146CD
:10A3B0000120FDF7ADFE0546C0B303463A462146EF
:10A3C0004046D8F7B1FCBF6800243846FFF7BBFF12
:10A3D00001281FD021462B46324638460094CFF73D
:10A3E000FBFE0146C8B9384602AAFCF7B5FF044691
:10A3F00020B9029B9E4205D06FF098043846002198
:10A40000CFF7ACFF31462846FFF781F9204604B06C
:10A41000BDE8F0816FF08A04F4E76FF09804F1E78B
:10A420006FF08604F2E76FF08D04EFE76FF08C04B5
:10A43000ECE7FFF76CB92DE9F047D0F808A086B03B
:10A440008146884617465046002104AAFCF784FF3F
:10A45000044610BB049E01203146FDF759FE054617
:10A46000002837D02146504604AA0394FCF774FF15
:10A47000044670B903AB02462146CDE9005350466D
:10A480003346CFF715FF039B04469E4209D06FF079
:10A49000980431462846FFF73AF9204606B0BDE851
:10A4A000F0870028F5D13B46424631462846CDF894
:10A4B0000090D8F757FC04460028EAD1D8F80030BD
:10A4C0002BB13B68002B08BF6FF09104E1E76FF000
:10A4D0009104DEE76FF08C04DFE770472DE9F84F59
:10A4E0009846DDE90B490D9B15469A0706460F462F
:10A4F00023D02A460A9B03EB040A1444A24220D12B
:10A500000D9B9B0705D5A2EB050AD14505EB0A0477
:10A5100020D82046BDE8F88F434639462020B04772
:10A520000AF1010ACA450AEB0B02F5D3A9EB0402B2
:10A530004C4588BF00222A44DCE7A246A5EB040B69
:10A54000F0E702F1010B434639461AF8010DB04716
:10A550005A46D3E74346224639462020B0470AF1FF
:10A56000010AD2E72DE9F0479E46DDE90D3CDDE921
:10A570000874DDE90B651CF0020F9DF828801FD1DF
:10A580000CF001094BB1B9F1000F06D0B8F1000F82
:10A5900002D11CF00C0F00D0013B4FF0300A02E05A
:10A5A00007F804A00134A54201D9202CF8D1B9F153
:10A5B000000F05D04FF03009A34201D9202C1BD148
:10A5C0001CF0100F15D01CF4806F32D1C4B1AC4216
:10A5D00001D09C422DD1651E12D0102E3FD11CF00F
:10A5E000200FA4F1020456D178263E5530266C1C6B
:10A5F0007E55202C29D00DE007F804900134DBE7CC
:10A60000102E10D11CF0200F2FD178243C70302454
:10A610007C700224B8F1000F31D02D253D55013456
:10A6200014E06224F2E7022EFBD030243C700124B7
:10A63000F0E7102E1BD11CF0200F2AD1202C04D0C3
:10A640007826651C3E55202DD0D12024CDE90A3C2A
:10A65000CDE908747346BDE8F047FFF73FBF022E0F
:10A66000C4D162247C550135EDE75824CEE7022E93
:10A6700003D1202CE9D02546F3E72546E3E71CF07B
:10A68000040F01D02B25C9E71CF0080FDED02025D0
:10A69000C4E7202CD9D05826651CD3E72DE9F04318
:10A6A00091B0189D1A9F1D9E2DB926F0100416F426
:10A6B000806F264622D116F0200F14BF4FF0410EB6
:10A6C0004FF0610EAC4600250DF12008AEF10A0EE8
:10A6D000BCFBF7F907FB19C95FFA89F4B9F1090F57
:10A6E00094BF30347444E4B2BC4508F8014B05F122
:10A6F0000105BCFBF7F401D3202D10D11C9C06965C
:10A7000005941B9CCDE903749DF86440CDE9015488
:10A7100008AC0094FFF726FF11B0BDE8F083A44613
:10A72000D6E72DE9F04F95B0CDE90A23DDE91E7695
:10A73000DDE9229B57EA0603CDE90801269C05D1F5
:10A7400024F0100314F4806F1C4637D114F0200F4E
:10A7500014BF4123612300250DF1300AA3F10A083B
:10A7600031464A465B463846FBF73EFDD2B2092ADF
:10A7700094BF303242444F45D2B276EB0B0605F11E
:10A7800001050AF8012B01D3202D14D1259B069435
:10A790000593249BDDE90801CDE903939DF8803002
:10A7A000CDE901530CAB0093DDE90A23FFF7DAFE94
:10A7B00015B0BDE8F08F07460E46D1E70025E5E766
:10A7C00008B100F014B8704710B1D1E90031184752
:10A7D000704738B5441E14F8015F25B90A2000F00F
:10A7E00006F8284638BD284600F001F8F3E7014690
:10A7F0000020FDF720B910B50B46EFF311844FF0A0
:10A80000200181F311881946D8F7ECFD84F31188F3
:10A8100010BDD8F7B1BD4369406CDA1C1438B2FBE7
:10A82000F0F203EBC203CA1D0333B2FBF0F2B3FB39
:10A83000F0F30132023301EBC20100FB0310704759
:10A8400038B5446905462146FFF7E5FF6A6CE31D0C
:10A85000143AB3FBF2F3013304EBC304204438BDD4
:10A8600073B506460D460024F36B012201A9281991
:10A870005B699847019B013309D10434736C6219F9
:10A880005B426A401A42EFD0204602B070BD0024FD
:10A89000FAE770B505460C46CDF73CF9EB6B204660
:10A8A000DB68BDE87040184770B5002586B00446E7
:10A8B0000562E369AB4202D8206A06B070BD666CDF
:10A8C0000522206801A9E36B06FB05005B69984738
:10A8D00001A800F010FC00F033FC10B1236A013332
:10A8E00023620135E5E738B50446456C006804F19C
:10A8F000400305FB0101E06B00F02FFC05462046FC
:10A90000FFF7D2FF284638BDF0B5054687B00026D0
:10A91000EC69013CB44203D80C46204607B0F0BDB8
:10A9200001B14C1E6F6C0522286801A9EB6B07FB77
:10A9300004005B69984701A800F0DDFB00F000FC13
:10A940000028EAD101362146E2E7F0B5044687B097
:10A95000466C0D4600680522E36B01A906FB050065
:10A960005B69984701A800F0C6FB00F0E9FB20B145
:10A9700001A800F097FB07B0F0BD29462046FFF77D
:10A98000C3FF676C0646E36B206805225B6901A97B
:10A9900007FB0600984701A800F084FB431CEAD09F
:10A9A000B54238BF0130E6E72DE9F043D0F8248006
:10A9B0004FF6FF7987B004460E46C84514BF45469A
:10A9C00000250027E369BB4202D807B0BDE8F08349
:10A9D000E26B01A92368606CD2F814C0052200FB69
:10A9E0000530E04701A800F086FB022806D0C845E4
:10A9F0000CD1721C29462046FFF775FF0135E3692B
:10AA00000137B5FBF3F203FB1255DBE7294620467D
:10AA1000FFF79BFFB0F1FF3F14BF02463246013201
:10AA2000E8E70368F0B5CC1A436C87B0064600250A
:10AA3000B4FBF3F4F36937685A1E706C954208D37F
:10AA4000706C336800FB043007B0BDE8F04000F0E4
:10AA500082BB013401A9B4FBF3F203FB1244F36B94
:10AA600005225B6900FB0470984701A800F043FBD6
:10AA700000F066FB0028E3D10135DBE710B423F0DA
:10AA800003049B07436C2244C3F100030A4418BF2C
:10AA9000043282EA0104234203D05DF8044BFFF73D
:10AAA000C0BF10465DF8044B70472DE9F041D0E976
:10AAB0000A3686B004469E4228D1C36914224568EE
:10AAC00002FB1355284606B0BDE8F081206801A9B5
:10AAD000676C331AE26BB3FBF7F3D2F8148007FB11
:10AAE00003000522C04701A800F005FB012804D09F
:10AAF000636C1D44013B3340ED1A31462046FFF79D
:10AB000090FF0646A36AB342E0D1DBE70025F9E7F0
:10AB1000F0B5002587B004462E46E369B34202D85B
:10AB2000284607B0F0BD636C0522276801A903FB26
:10AB30000677E36B38465B69984701A800F0DBFABB
:10AB400000F0FEFA58B1384600F005FB01462046F9
:10AB5000FFF786FE636C143B834208BF0135013664
:10AB6000DBE708B508301346D1E90012DAF7E4F85C
:10AB7000012008BD13B50C46002121760093134631
:10AB800061682246D8F7ACFC18B1E37D03B1A07E22
:10AB9000A075A07D02B010BD73B500F10805164682
:10ABA0000C460DF107020968284600F0A1F9032EB2
:10ABB00006D16368834203D12168284600F07FF9FB
:10ABC000012002B070BDD01E009B42424241187E5F
:10ABD000824211D11A688A420ED85A688A420BD32F
:10ABE0005A6901325A61D3E9030282423FBF986831
:10ABF00040F8221001321A6101207047032A10B573
:10AC0000029C07D1A26A5340626C5242134201D1A6
:10AC100000F055F9012010BD08B5C3680020984721
:10AC2000BDE80840CCF77EBF012870B514BF0420F2
:10AC30000220002442431C70CC7D101D02F0020251
:10AC40004CB91AB1012220F003001A7000F1080378
:10AC50004868184470BD1AB1012220F003001A7030
:10AC60000C7E002301F12005DAB2944201D80020C5
:10AC7000F0E735F833205E1C824206D901EBC303AE
:10AC800000F10802D8691044E4E7801A3346EBE784
:10AC900073B590F8426005461C460DF1030330463B
:10ACA000FFF7C2FFEB6B012E5B690DD1324601A9A4
:10ACB00098479DF8033013B1BDF806300193BDF8F5
:10ACC0000430236002B070BD0122214602B0BDE80D
:10ACD00070401847F0B50546002487B04868EB6B14
:10ACE00027460E4601225B6902A908300294984764
:10ACF00095F84230012B40F08480632C02D90298F1
:10AD000007B0F0BD612C08D805AB22463146284675
:10AD1000FFF7BEFF9DF814301BB305AB224631464A
:10AD200028468DF81070FFF7B3FF95F84230012BDD
:10AD3000059B55D14FF6FF72934200F09680082292
:10AD400005A904A800F05EF9059B9DF81010C3F357
:10AD50000722914240F08980DBB2029A1A440292A3
:10AD600083E095F84230012B30D103AB22463146C7
:10AD70002846FFF78DFF04AB621C31462846FFF7DB
:10AD800087FF05ABA21C31462846FFF781FF102242
:10AD900008230DF107000DEB02018DF8073000F0DC
:10ADA00031F9102205A90DF1070000F02BF9039BE2
:10ADB000DAB2002A52D19DF80720B2EB132F4DD101
:10ADC000DDE9043203EB0243029347E0302C2BD938
:10ADD00044E09DF80720B2EB134F3FD1049BF3E70B
:10ADE000013342D0102205A90DEB020000F00AF950
:10ADF000059B9DF81010C3F30742914235D19BB2D9
:10AE0000ABE7312C3FF67BAF87D005AB224631460E
:10AE10002846FFF73DFFBDF81430002B7FF47DAFCF
:10AE200095F84230012BA0D003AB2246314628468C
:10AE3000FFF72EFF04AB621C31462846FFF728FFC0
:10AE4000102320220DF107000DEB03018DF80730D0
:10AE500000F0D8F8039B9AB2002ABAD095F8423095
:10AE6000012B14BF012302231C44013440E713B516
:10AE700000240194049C0094D8F7C6FE02B010BDD3
:10AE800013B501240194049C0094D8F7BDFE02B0D0
:10AE900010BD30B5002344684FF0FF329C4202D110
:10AEA0000023037230BD016801EBC30541F8332074
:10AEB00001336A60F2E7C0E90012FFF7EABFF0B5BC
:10AEC000002345689D4210D00468DF0054F8332009
:10AED00004EBC306B2F1FF3F08D0C2F31302914264
:10AEE00004D14FF0FF33E3517360F0BD0133E9E764
:10AEF000F0B5002345689D4202D14FF0FF300EE0CF
:10AF00000468DE0054F83340671C09D0C4F313070B
:10AF1000B94205D1240D1470036833445868F0BD5C
:10AF20000133E8E713B50023044601461B220DF167
:10AF300007008DF8073000F065F822689DF80730AB
:10AF4000B3EBD26F0CBF0120002002B010BD13B5CF
:10AF500000230446014620220DF107008DF807303A
:10AF600000F050F80DF107001A22211D00F04AF8F8
:10AF700062689DF80730B3EB926F0CBF0120002090
:10AF800002B010BD0068431C584258417047006829
:10AF900010F07E0F0CBFC0F3C16000207047006846
:10AFA000C0F3D3107047006800F07F0001288CBF09
:10AFB000002001207047036813F07E0F14BF0420A7
:10AFC00008207047036813F07E0F03D1406820F01B
:10AFD0007C40704713F078001CBF03F07F03D81F3C
:10AFE0007047006800F07F007047032809D00228EE
:10AFF00003D1C1F10201C8B2704700290CBF07207C
:10B00000002070471F2A0B689EBF4FF0FF31914010
:10B010008B43590801F055315B1A03F033319B081B
:10B0200003F033330B44017803EB13130A444FF05E
:10B03000013103F00F334B43A2EB136202707047F0
:10B0400037B501F10C0405464369694601222046E3
:10B050009847BDF80030012201A901932046AB6951
:10B06000984703B030BD37B501F10C0443690122A4
:10B070006946054620469847009B4FF6FF7299B2F5
:10B0800091420DD11B0C012201A920461B0443F45F
:10B09000254343F0A5030193AB69984703B030BD46
:10B0A0000020FBE737B5044600251B22011D0DF1EA
:10B0B00007008DF80750FFF7A5FF60689DF807208F
:10B0C000B2EBD06F03D120F0784003B030BD0DF16A
:10B0D00007001B2204F108018DF80750FFF792FFCB
:10B0E000A0689DF80730B3EBD06F01D1C043EAE709
:10B0F0004FF0FF30E9E703684BF29A22B2EB134FAF
:10B1000010B5044613D19BB2012B13D1FFF7CAFF30
:10B1100001300CD0E0684FF6FF72B2EB104F4FEAEF
:10B12000104309D180B2C01A18BF012010BD236896
:10B13000013303D00420F9E70220F7E70320F5E705
:10B1400001288CBF002001207047033801288CBFE4
:10B15000002001207047143070472DE9F04105466A
:10B160009846036908460E4617469847044638B97C
:10B1700043463A4631462846D9F7BAFE044618B146
:10B1800031462846FFF75CFF2046BDE8F081DAF73C
:10B1900007BD38B504460D46E0F786F928B92946BB
:10B1A0002046BDE83840DAF7C3BC38BDDBF706BE41
:10B1B000DEF7A6BA70B516460C46FBF71DFC314605
:10B1C00005462046DDF776FF04462846FBF718FCC7
:10B1D000204670BD00F0F6B838B5044648880D46E4
:10B1E00000F083FAD4F8D4302BB929462046BDE8C4
:10B1F0003840DAF7A7BE022038BD00F078BA00F078
:10B200000EB973B5044600200D4600F06EFAD4F86E
:10B21000D46069462046FFF7F2FF5EB99DF8001042
:10B220002A462046CEF724FA01462046DAF720FFC8
:10B2300002B070BD002329461A462046B047F7E702
:10B24000DAF7E2BADCF792BE38B505460C46FBF7F2
:10B25000D3FB6B6B1C402B6B23432B63FBF7D0FBA7
:10B26000211E18BF01210020490238BD38B504460F
:10B270000D46FBF7C1FB636B1D40236B23EA0505FD
:10B280002563FBF7BDFB284638BD006B704710B542
:10B2900004460121FFF7EAFF2046BDE81040DEF733
:10B2A00059BADBF737BA00F04FB938B504460D4646
:10B2B0004FF48811FFF7DAFF29462046BDE83840F1
:10B2C000DCF732B80846DCF74BBF00F01CBADDF7FC
:10B2D00053B90847022A01D800F074B90120704719
:10B2E000022A01D800F07FB901207047022A01D854
:10B2F00000F08BB901207047DBF7DCBE0846DBF7B6
:10B30000F9BEDBF741BF00207047002070470221E3
:10B310000120D9F769BF013001D1DDF7C1BB0120A0
:10B3200070477047836B03F06003402B0DD0602B98
:10B3300003D0203B58425841704749B10B68012B5C
:10B3400006D9486940F00100704740F2011070478B
:10B3500000207047F0B514461E460F4687B019B955
:10B360000024204607B0F0BD002AF9D00028F7D00D
:10B3700001A9DCF7B9FA0028F2D0BDF80630A2190D
:10B380009A42BDF80850C4BF9B1B9CB2B54212D96B
:10B390000399AD1BADB23144A5420391ADF80850FD
:10B3A0000DD22A46384605F054FA0499621B7819E2
:10B3B00005F04FFAD5E70499761B314404912246F3
:10B3C0003846F5E70846DDF7E3BD0220DDF7BEB8F5
:10B3D000D0F8C8304BB11A68022A06D993F8250074
:10B3E00028B11B6AB3FBF0F0704700F0ECBA70476D
:10B3F000D0F8C8207AB11368022B0CD9536A13F421
:10B400007F4FC3F3072106D0126ADBB253438B424E
:10B41000B3FBF1F201D200F0DABA104670470346EE
:10B42000D0F810010860B3F8143100208B80704709
:10B4300090F810310C2B14BF007EFF20704738B5F8
:10B440000C464FF400610546DFF7A0FD70B17CB1FA
:10B4500095F8FE3073B94FF480724FF4807128462E
:10B46000DFF780FD003818BF012038BD2202F4E765
:10B470002246F2E70020F8E74FF48071DFF786BD3F
:10B4800008B54A024FF40071DFF76CFD002008BDDB
:10B4900008B58A024FF48061DFF764FD002008BD23
:10B4A0004FF40071DFF772BD084610B510F00304C9
:10B4B00011461BD13F2B15D9B3FA83F3C3F11902FF
:10B4C000D2B2062A01D8192B0ED0062A28BF06228E
:10B4D0000124931DDBB29C40A4B2A14228BF2146A7
:10B4E000DBF788FF204610BD2246F1E70024F9E78C
:10B4F000084611F0030110B518D113883F2B15D958
:10B50000B3FA83F3C3F11904E4B2062C01D8192B62
:10B5100003D0062C214628BF062101238C1DE4B24E
:10B52000A3401380DBF786FF002010BD0120FCE75D
:10B5300010B5144608460121DDF7BEFB2046BDE8E4
:10B5400010400121DDF7B8BBCDF730B9F8B504469E
:10B550000E461746FBF750FA3A4605463146204656
:10B5600000F082F904462846FBF74AFA2046F8BD67
:10B570000220704703207047DCF7E0BF10B5DBF70F
:10B5800067FA044608B9DEF73FFE204610BD70B5E5
:10B5900004460E46154600F0ADF831462046DFF76A
:10B5A000BBFF00F0A7F829462046DAF7B3F90022DE
:10B5B0004FF400312046DFF7D5FC002070BD80211C
:10B5C000DFF7E4BC7FB5531C05AAADF81410029256
:10B5D00002210022DBB2CDE900211146DFF7E0FCB9
:10B5E00007B05DF804FB7FB5531C05AAADF8141035
:10B5F000029204210222DBB2CDE9002100220121C6
:10B60000DFF7CEFC07B05DF804FB1FB5531C0291B9
:10B6100000220821CDE900210122DBB21146DFF72B
:10B62000BFFC05B05DF804FB38B50546DAF76CF9E8
:10B6300004462846DAF746F9072811D1D5F8C43070
:10B6400024F47F41DB6921F0080103B15B7841EA12
:10B65000032141F020012846BDE83840DAF75AB905
:10B6600024F02001F7E770472DE9F74F01251C462C
:10B670009DF83030064601930368174603F0070330
:10B6800006339D4005F1FF380B46A1B1416804EA3D
:10B69000080BA5EB0B0A41F00059524509EB0B01D1
:10B6A00014D95246184605F0D4F849467A1B5A4434
:10B6B000504405F0CEF8019B2BB13C4448EA050804
:10B6C00004EA0804F46003B0BDE8F08F1846F0E720
:10B6D00037B5002514460095FFF7C6FF204603B096
:10B6E00030BDDBF745BB00207047002070470020CD
:10B6F00070477047704710F0FD0F14BF4FF0FF30D8
:10B700000020C0B2704708B5DDF780F8BDE80840FA
:10B71000DDF7A4B838B50446FFF7F5FF0546FFF797
:10B72000F2FF431BA342FAD338BD38B50D46044699
:10B73000DDF76CF835B1844200D90139204601F0BB
:10B74000030138BD844238BF0131F7E708B5012154
:10B75000FFF7EBFFBDE80840DDF780B808B521B181
:10B76000920005F076F8002008BD0120FCE700F00B
:10B770006F43B3F1804F02D0B3F1204F02D120F0DC
:10B780007040704700F06043B3F1204F08BF20F0D5
:10B79000805070470B0CB3F5384FF7B506460D4691
:10B7A0008FB216D04BF60102934214D04BF6020230
:10B7B000934212D0B3F5304F14BF04240324D6F8BB
:10B7C000C4300BB1196851B9D6F8C0309BB928689C
:10B7D0000FE00024F3E70124F1E70224EFE723461A
:10B7E00068463A46DDF7A8F89DF804300098002B2B
:10B7F000EAD103B0F0BD19680029E8D023466846B5
:10B800003A46DDF799F89DF804300098002BDED118
:10B81000EFE700F03003202B10B513D110F4E02F28
:10B82000C0F302440AD0C0F3C423B3FBF4F410F411
:10B83000C01F18BF6400052C0ED86408DDF718FB84
:10B84000604310BD6FF01204C0F382131C4104F07A
:10B850000104C4F10204F1E70424EFE70020DDF75E
:10B860000BBC0120DDF708BCF7B505460F4668465E
:10B870001146DDF7ABFC064698B197B1DDE9003122
:10B880001B0A43EA0163A5FB0343090A05FB0135D3
:10B89000DDF704FA0023024629462046FAF7A4FC05
:10B8A0003860304603B0F0BD032070477047DEF7C4
:10B8B000B7BEDEF7B5BEDEF7B3BEDEF7B1BEDEF76C
:10B8C000AFBE00228A4202D14FF0FF30704750F8DD
:10B8D000223093FAA3F30BB90132F3E7B3FA83F002
:10B8E00000EB421070470220704700207047012093
:10B8F00070470020704700207047012070470020EB
:10B900007047DBF7F3BA08461146012200F04CB845
:10B9100070B505460C4611461A46DFF7B7FB0668B8
:10B920002B462046B446BDE87040604710B5DFF7AF
:10B93000ADFBBDE8104083681847FFF71FBEDBF77B
:10B940008BB9FFF726BCDDF7BBBA4942FFF7FBBF57
:10B9500070B504460D4616464FF48811FFF786FC75
:10B96000324629462046BDE87040DBF7B5BC70473B
:10B97000431E012B03D9031F584258417047012031
:10B980007047FFF7B0BE4FF4CC72002104F04FBFF8
:10B9900010B504460021FFF709FC2046BDE8104021
:10B9A000DAF70EBFD9F796BF10B50C461146D9F796
:10B9B000B7FFDBF79BFA012801D1002010BD002C56
:10B9C000F7D10420FAE7DAF72BBAFFF701BDDAF76F
:10B9D0002DBAFFF70DBD70B500232425D0F8C000A7
:10B9E000C4689C4201D1012070BD826805FB03221E
:10B9F000D6898E4202D8128A8A4201D20133F0E7F8
:10BA00000020F1E7808B70470A7838B5054610466C
:10BA1000FFF7AEFF60B14C782046FFF7A9FF38B1C1
:10BA20002243530704D42846BDE83840DAF71EBA4B
:10BA3000012038BD10B504460878FFF799FF58B1CA
:10BA40004A781046FFF794FF30B1042A04D020460C
:10BA5000BDE81040DAF740BA012010BDD9F7E0BECA
:10BA6000DAF7C0BD73B50D7806460C4635B304232E
:10BA70008DF804302379304601A98DF80530FFF7A1
:10BA8000D9FF0546B8B92278A37952BB8DF80430A6
:10BA9000E379304601A98DF80530FFF7B5FF05467B
:10BAA00048B923783BB161883046DAF731FC01218F
:10BAB0003046FFF7C4FC284602B070BD2946FFF7A8
:10BAC000BEFC29463046FFF7DBFC29463046FFF72F
:10BAD000DFFC2378002BCAD123798DF804306379F9
:10BAE000C9E702228DF80420D3E7FFF7C9BCFFF7AE
:10BAF000D7BCFFF7D9BCFFF7FBBC08461146DBF704
:10BB0000F3BEC0F8D01000207047DAF739BC70B52A
:10BB1000144605460E4686B0122200210DF106009D
:10BB200004F085FE2368694628460093ADF804605A
:10BB3000DAF726FD009B236006B070BD084611466B
:10BB40001A46BDF80030FFF705BC002070472DE90C
:10BB5000F0410E46A2B0144602A98022DFF748FD4C
:10BB6000D6B30025013E16F8013FABB3A3F1300276
:10BB7000092A07D805EB850503EB4503303B03F0A5
:10BB8000FF05F0E7622B4AD017D8462B3CD006D8E9
:10BB9000422B2ED0442B24D08DF804302FE0572B8D
:10BBA000FAD154F8042B012001A9FDF77FFC0222F1
:10BBB00001A90020DFF746FDD5E76C2B21D0702BC3
:10BBC00001D0662BE8D154F8041B2A460020DFF789
:10BBD00039FD05460028C6D0DFF722FD22B0BDE8BA
:10BBE000F08154F8042B012001A9FDF75FFC042229
:10BBF000DEE7012054F8042B01A9FDF757FC0122D0
:10BC0000D6E714F8045BAEE7002554F8041B4B5D3F
:10BC10000BB9EDB2D9E70135FF2DF8D1D5E734F8EE
:10BC2000048BB8F1000F9ED04046E5F761FB074654
:10BC30004046E5F779FB3946C2B20020DFF702FD46
:10BC4000002890D0C8E70EB403B503AA52F8041B2D
:10BC50000192FFF77CFF02B05DF804EB03B0704780
:10BC6000DFF7F0BC0EB403B503AA52F8041B01922F
:10BC7000FFF76DFF02B05DF804EB03B070472DE9EC
:10BC8000F04F97B09DF89C50299E0A959DF8A050C2
:10BC90009DF89470CDE908560A9E9DF880B00796ED
:10BCA000269E9DF884A0CDE905769DF888909DF8A4
:10BCB0008C80249ECDE901A9CDE90386CDF800B0A2
:10BCC0001C46CDE90B010D92FCF742FC002842D145
:10BCD000C5210EA8FDF7E6FB0B9B8DF83A300C9BB7
:10BCE0008DF83B300D9B8DF83C30237A8DF83D303C
:10BCF000A3BB012022680DF13E01FDF7D7FB012017
:10BD000022680DF14201FDF7D1FB637A0120249AEC
:10BD10000DF14B018DF846308DF847B08DF848A0F5
:10BD20008DF849908DF84A80FDF7C0FB0120269AD6
:10BD300014A98DF84F70FDF7B9FB0A9B1E218DF8F1
:10BD400054300023299ACDE900330EA82B468DF8F4
:10BD50005550E2F7F5FF17B0BDE8F08F022B01BF99
:10BD60002368CDF83E306368CDF84230CDE737B573
:10BD700005460C46FCF7EEFB78B9C7216846FDF78F
:10BD800091FB01200DF102012A46FDF78FFB0721EF
:10BD900068468DF8064000F0F2FD03B030BD2DE995
:10BDA000F34106460F4615460AB90DF10705012174
:10BDB0003046E5F727FB20B130460121E5F722FBAD
:10BDC000064600213046297001F004FB10F0400FB8
:10BDD0002B7802D1B0F5804F0CD2042F14D103334D
:10BDE000D9B2297010F4406F00F0F280304601F0B3
:10BDF000F1FA17E00124991CC9B2012F297005D16D
:10BE00003046E5F799FC0DE00024F4E7D91CC9B2EF
:10BE1000022F297000F44062E4D032B9032F12D10E
:10BE20004FF0FF3002B0BDE8F081591DC9B2032FB9
:10BE3000297003D1B2F5006FD8D0F1E7B2F5006FE9
:10BE400005D107332B70042F06D12978CEE7B2F540
:10BE5000406FF8D10D33F5E714B12B7802332B7016
:10BE6000052F00F4404003D1B0F5004FD8D1ECE7E6
:10BE7000B0F5004F2B7810D102332B700D2F2C789A
:10BE800010D030462978E5F757FC030611D4062F69
:10BE9000804615D02978013119E0B0F5404FEDD139
:10BEA0000833EAE73046E5F73FFA8442E9DB002051
:10BEB000B8E73046297801F08DFA062F804601D187
:10BEC0004046AFE710F0800F2978E4D00231C9B2C4
:10BED0000D2F297022D13046E5F726FA2B788342C0
:10BEE000E5D208F03C020C2AE1D140F2037218EAD4
:10BEF000020F2FD104332B7008F4E063B3F5007FF9
:10BF000008BF2B7808F4805804BF01332B70092F29
:10BF10002BD1B8F1000F83D0297807E040F20373EA
:10BF2000072F08EA030307D1002BC0D1304602B027
:10BF3000BDE8F04101F06CBA13B92B7804332B70D3
:10BF4000082FD9D108F4E060B0F5007F7FF468AF26
:10BF5000297855E708F4E062B2F5007F08F48058CC
:10BF600004BF01332B701FFA88F8B8F1000F02D01C
:10BF70002B7804332B700A2FEAD00D2F0DD13046C9
:10BF8000E5F7D2F92C78A04291D90134E4B22C70B3
:10BF9000B8F1000F13D1012044E72B780B2F03F1E8
:10BFA00001032B703FF43CAFB8F1000F3FF438AF02
:10BFB0003046E5F7B9F9011FC9B22970B6E7304636
:10BFC000E5F7B2F903348442ACBF0020012029E731
:10BFD000FF232B7024E700280CBF8121012100B52D
:10BFE000137A8FB0022B8DF8041020D10C238DF81A
:10BFF0000530FF238DF807308DF80830136805A948
:10C00000CDF809305368CDF80D308C238DF8113000
:10C0100082238DF81230537A8DF8133001A8091A53
:10C02000002289B201F067F80FB05DF804FB082127
:10C030008DF80510EBB91368FF228DF8072023B99E
:10C040006FF0724303A90293E8E76FF0E6420292B1
:10C0500080228DF80C201A0A8DF80D308DF80E20F4
:10C060001A0C1B0E8DF80F208DF810300DF11101F8
:10C07000D4E70DF10701D1E7024600B589B0516858
:10C08000006804AB03C390680DF10A021860002336
:10C0900003A81946DFF766FBA0B1E5F729F90022EE
:10C0A000BDF80A10143001F026F840B100900021CC
:10C0B0009DF81C309DF80D0004AADFF78DFC03A845
:10C0C000DFF7AAFB09B05DF804FB70B506460D4624
:10C0D0001068516886B002AC03C490682060CEB18D
:10C0E00001228DF814309DF830308DF804208DF841
:10C0F0001530BDF834309DF828200B9901A88DF833
:10C100000550ADF81630DFF7C7FBB0FA80F04009F4
:10C1100006B070BD01A8DFF77FFB80F00100C0B260
:10C12000F6E738B5037A05460C463BB90A7AEAB910
:10C1300000680B68C31A5842584138BD022B15D10C
:10C140000B7A022B12D1082204F047FB70B96B7AEC
:10C15000607A83420CD0013BDBB2FD2B08D801385A
:10C16000C0B2FD2894BF00200120E6E70020E4E7EC
:10C170000120E2E7036898B218B14FF6F8729A43CB
:10C1800012D1B0EB134F80EA134205D04FF6F8708E
:10C1900022F00701814204D19BB223B1083A90B248
:10C1A0007047104670470720704738B505460C4663
:10C1B000E0F748FF90B96CB1FCF762FC2146607370
:10C1C0002846F1F729F8044610B92846E0F762FF3F
:10C1D000204638BD2846F0F7F7FFF4E740F6044460
:10C1E000F6E7FFF7E2BF0021FFF7DFBF70B50E46AD
:10C1F00005461146049C1A4666B102F041FA06460D
:10C2000035B12CB1A5421FBF0FCD0FC42B682360E1
:10C21000304670BD02F0CCF9F1E7002313B5ADF85C
:10C2200006300378044603BB02220274027A102A05
:10C2300009D03B2A1BD00A2A0FD143600DF106001A
:10C24000EFF77AFF07E001A8EDF7B8FCBDF804307E
:10C250006060ADF806300123237023782BB1BDF860
:10C26000061004F11100FDF71DF902B010BD436086
:10C27000D4F7E8FBADF80600EDE737B505780446DE
:10C28000ADB9037A102B14D100F111010120FDF793
:10C290001BF9054604F11500FDF702F901A9ADF8F7
:10C2A00004002846EDF75AFC01236060237003B0B8
:10C2B00030BD3B2BFBD11130FDF7F2F8D4F7C8FBB2
:10C2C000012365602370F2E713B504466E2101A8CF
:10C2D000FDF7E8F8032101A88DF8064000F04FFBB8
:10C2E00002B010BD30B504460D4685B001A89B21B3
:10C2F000FDF7D8F823680B21CDF80630636801A854
:10C30000CDF80A308DF80E5000F039FB05B030BD85
:10C3100010B586B00A9C00920494099C4FF6FF72F7
:10C3200003949DF82040CDE901340023E1F7C4F8DF
:10C3300006B010BD70B404469DF810509DF814600E
:10C340009DF80C00CDE9045603931346224670BCB9
:10C35000E1F7B2B870B404469DF810509DF814602F
:10C360000846CDE9045611461A469DF80C30039450
:10C3700070BCE1F7A1B810B40446084621465DF848
:10C38000044BE6F77DBEE7F705BAE7F70FBAF7F714
:10C39000A3BDF7F7EDBCF7F7E5BC2DE9F843089C22
:10C3A0000D4690460999224607461E46DDF828901C
:10C3B000F1F7A4F82046F1F76BF9B0FA80F46409BC
:10C3C00042462946384689F80040F1F785F928B9F0
:10C3D00031462846BDE8F843F1F7CAB9BDE8F8830D
:10C3E00038B505460C46D4F7D9FAA8420CD9D4F78B
:10C3F000D1FA30F8252000EB8503002022809A78BE
:10C40000A270DB78E37038BD0220FCE738B5044643
:10C410000D46D4F7C3FAA0420BD9D4F7BBFA2A8849
:10C4200000EB840320F824200020AA78D8709A70AA
:10C4300038BD0220FCE7E5F72BBC38B50C460546B5
:10C44000E5F790FB08220146284604F0D6F9E5F707
:10C4500083FB2080BDE83840E5F788BBE8F7F0BAF9
:10C46000F5F7B6B8F7F782BA70B5A2B00E4601A9D3
:10C47000054601F0BDF8044620B93246284601A918
:10C4800000F007FD204622B070BD037813B50446C6
:10C49000B3B9012243600270007A904212D00228A0
:10C4A0001CD008BB217B0DF1060200F08BF90223A2
:10C4B000BDF806106060237404F11100FCF7F2FF70
:10C4C00002B010BD03230DF106002374EAF702FC4D
:10C4D000BDF80610607404F11200EFE7A089227421
:10C4E000F7F70CFD6074EBE72370E9E770B50646DB
:10C4F0000C46054636F8021B2046FCF7D3FF3146B2
:10C500000822A01C04F079F9AB7A04F10E01A372A1
:10C51000EB7A0120E3722B7B23736B7B63732A69B5
:10C52000BDE87040FCF7C2BFF0B50446274615468B
:10C530000E4687B001A81B21FCF7B4FFA37837F89B
:10C54000041B0DF107008DF80630FCF7ABFF6368A4
:10C550001221CDF809307B6801A8CDF80D30E378C1
:10C560008DF814608DF81130A3898DF81550ADF851
:10C57000123000F004FA07B0F0BD37B50C4605469E
:10C580001C216846FCF78EFF22460DF103010120B5
:10C590008DF80250FCF78AFF0721684600F0EFF99A
:10C5A00003B030BD30B504460D468BB0FCF76CFAD5
:10C5B000FCF768FA05A92046F3F78AFE01A82321B3
:10C5C000FCF770FFBDF81E1002A88DF806408DF82C
:10C5D0000750FCF767FF05AB03CB9DF81C30CDF887
:10C5E0000A00CDF80E1001A80F218DF8123000F0CE
:10C5F000C6F90BB030BD13B504467C2101A8FCF789
:10C6000051FF21460DF10600FCF74CFF04210DEB14
:10C61000010000F0B4F902B010BD37B505460C4674
:10C6200068468021FCF73EFF2A460DF102010120F9
:10C63000FCF73CFF21460DF10600FCF733FF082113
:10C64000684600F09CF903B030BD37B50C4605468E
:10C65000C4216846FCF726FF21460DF103008DF842
:10C660000250FCF71FFF0521684600F088F903B06F
:10C6700030BDF0B5154607460E4689B002A84621E2
:10C680001C46FCF70FFF284603A98DF80A708DF8A9
:10C690000B60FFF72BFF00231721CDE900330E9A23
:10C6A000234602A88DF81E40E2F74AFB09B0F0BD10
:10C6B0007FB5164605460C4602A89821FCF7F2FE07
:10C6C00032460DF10A010120FCF7F0FE002322465C
:10C6D000CDE9003306212B4602A8E2F731FB04B076
:10C6E00070BDF0B505460F468BB002A892211446E6
:10C6F0001E46FCF7D7FE2B683846CDF80A306B682B
:10C700000DF11201CDF80E30FFF7F0FE0023324696
:10C71000CDE900331D21234602A88DF82440E2F71D
:10C720000FFB0BB0F0BD7FB506460C4602A8932167
:10C730001546FCF7B7FE32460DF10A010120FCF761
:10C74000B5FE00232A46CDE900330721234602A87F
:10C750008DF80E40E2F7F4FA04B070BDEBF76CB858
:10C7600070B49DF80C409DF810509DF8146003942F
:10C77000CDE9045670BCF7F759B938B505460C46F3
:10C78000FCF782F92B46024601210020E1F780FAEE
:10C7900028B921462846BDE83840FBF79FBEE4F79C
:10C7A000A7FD05460130FCF77BFE2080E81CFCF766
:10C7B00077FE60806B7901202371AB796371EB792F
:10C7C000A37138BD0B46002170B5064614460846D5
:10C7D000FF22E1F75DFA054680B1E4F7A5FD411EB1
:10C7E000C9B22846E4F796FF2EB1238803F0070369
:10C7F0000370002070BD03782380FAE73620F9E744
:10C80000F8B507460E461546FCF73EF93B4602468C
:10C8100001210020E1F73CFA044630B92A463146AE
:10C820003846BDE8F840FBF75BBEE4F761FD012E3A
:10C8300014BF08218179204602BF49000831C9B2DE
:10C8400001EB450101F0FE01BDE8F84000F0C2BD7A
:10C850002DE9F7438846694607461546FFF78DFFE1
:10C86000044620B90024204603B0BDE8F08300262A
:10C87000012D0CBF9DF806909DF80590F2B29145F0
:10C88000F0D929463846FFF7BBFF404506F10106BF
:10C89000F4D1E8E738B5002204460D46FFF7D8FF8B
:10C8A00030B929462046BDE838400122FFF7D0BF05
:10C8B00038BD0020E1F794BA0120E1F791BA0220D7
:10C8C000E1F78EBA0320E1F78BBA08B50020FBF739
:10C8D0001CFEBDE80840D3F7F1BD1FB501238DF85C
:10C8E0000430002301A8CDE90233CAF72BFC0298DB
:10C8F000C0F30343C0F303621B0243EA0233C0B236
:10C90000184305B05DF804FB00207047704710B471
:10C91000044669B1022A07D0032A07D0012A07D1A9
:10C920005DF8044BE4F74ABF0902F9E70904F7E7A9
:10C9300020465DF8044BE4F7DDBF0020E2F7DCB9E8
:10C940000120E2F7D9B970B506460C46154600F04D
:10C9500009FE70B13046E4F71DFFB0F5803F09D302
:10C96000B0F1807F4FEA102306D30323000C2B7015
:10C97000208070BD0123FAE718460223F7E7002361
:10C9800007B51A46CDE90033E2F7DAF903B05DF8EE
:10C9900004FB37B505460C4601A84821FCF782FD8B
:10C9A00004210DEB01008DF806508DF80740FFF7CC
:10C9B000E6FF03B030BD37B505460C466846D221C8
:10C9C000FCF770FD29460DF10200FCF76BFD052117
:10C9D00068468DF80440FFF7D2FF03B030BD13B5B1
:10C9E0000446F22101A8FCF75DFD032101A88DF8A2
:10C9F0000640FFF7C4FF02B010BD10B50446C0B238
:10CA0000E2F75AFA200ABDE81040E2F755BA10B52D
:10CA1000E2F734FA0446E2F731FA04EB002080B280
:10CA200010BD10B5044680B2FFF7E7FF200CBDE84B
:10CA30001040FFF7E2BF10B5FFF7E9FF0446FFF72C
:10CA4000E6FF04EB004010BD38B500F10C0400F126
:10CA5000240514F80C0CE2F72FFA14F80C3C013BF7
:10CA6000012B0CD934F8020CFFF7C7FF0820A4F102
:10CA70000A01E2F731FA0C34AC42EAD138BD34F89D
:10CA8000080CFFF7BAFF34F80A0CFFF7B6FF34F8CA
:10CA9000080CFFF7B2FF34F80A0CFFF7AEFF34F8CA
:10CAA000080CFFF7AAFFE6E7014610B50446082088
:10CAB000E2F7ECF9FFF7ABFF2081E2F7DFF9A072B4
:10CAC000E2F7DCF9E072E2F7D9F92073FFF79FFF94
:10CAD000E081E2F7D3F92074FFF7ADFF606110BD8C
:10CAE00010B50446FFF793FF2080FFF790FF6080AA
:10CAF000E2F7C4F92071E2F7C1F96071FFF787FF2F
:10CB0000E080FFF784FF2081E2F7B8F9A07210BD42
:10CB100010B504460088FFF770FFA078BDE810400C
:10CB2000E2F7CAB910B50446FFF771FF2080E2F7BB
:10CB3000A5F9A07010BD10B504460078E2F7BCF965
:10CB40006088BDE81040FFF758BF014610B50446A5
:10CB50000820E2F79BF9E2F791F92072FFF757FFFF
:10CB60006081E2F78BF92073E2F788F96073E2F7EE
:10CB700085F9A073FFF75FFF206110BD10B5044673
:10CB8000E2F77CF9A070FFF742FF214621F8040B81
:10CB90000820E2F77BF9E2F771F9003818BF0120AD
:10CBA000E070E2F76BF92073E2F768F9607310BD8B
:10CBB00010B5044601461020E2F78EF92069BDE861
:10CBC0001040FFF72EBF014610B504461020E2F7D3
:10CBD0005DF9FFF730FF206110BD10B50446FFF787
:10CBE00016FF208010BD10B50446FFF724FF20601B
:10CBF000FFF721FF6060FFF70AFF208110BD10B52D
:10CC00000446FFF7BBFF04F11000FFF7ECFF04F14F
:10CC10001C010820E2F73AF9FFF7F9FEA084FFF7BC
:10CC2000F6FEE084E2F72AF984F82800E2F726F914
:10CC300084F82900E2F722F984F82A00E2F71EF9C5
:10CC400084F82B0010BD10B504460068FFF7E9FE1C
:10CC5000A088FFF7D2FEE088FFF7CFFE2089FFF71C
:10CC6000CCFE6089FFF7C9FEA089FFF7C6FEA07B56
:10CC7000BDE81040E2F720B910B50446FFF7DBFE2F
:10CC80002060FFF7C4FEA080FFF7C1FEE080FFF741
:10CC9000BEFE2081FFF7BBFE6081FFF7B8FEA081DA
:10CCA000E2F7ECF8A07310BD10B504460068FFF77A
:10CCB000B8FE2079E2F700F9611D1020E2F70CF9C7
:10CCC00004F115011020BDE81040E2F705B910B5D8
:10CCD0000446007AE2F7F0F8237A53B92068FFF7A8
:10CCE000A0FE2068FFF79DFE607ABDE81040E2F7E5
:10CCF000E3B8022BF8D121460820E2F7EDF8F3E77C
:10CD000010B50446E2F7BAF8207248B9FFF793FE6F
:10CD10002060FFF790FE2060E2F7B0F8607210BD6F
:10CD20000228F9D121460820E2F7B0F8F4E738B537
:10CD3000841C00F11A05E2F7A1F804F8020C01388E
:10CD400001280AD9FFF763FE214620810820E2F777
:10CD50009DF80C34AC42EED138BDFFF758FE608030
:10CD6000FFF755FE2080FFF752FEFFF750FEFFF75A
:10CD70004EFEEEE710B504460078E2F79DF86068D5
:10CD8000FFF74FFE04F10800FFF7A1FFA08AFFF7AD
:10CD900034FEA07DE2F790F8A069FFF742FE04F1AF
:10CDA0001C011020E2F798F804F12C00FFF74CFE6C
:10CDB00094F84400E2F780F894F84500BDE810408C
:10CDC000E2F77AB810B50446E2F758F82070FFF79A
:10CDD0001EFE6080201DFFF793FFE2F74FF82074DE
:10CDE00004F11200FFF7A3FFFFF711FE6085E2F7E1
:10CDF00045F884F82C00E2F741F884F82D00FFF79D
:10CE00001AFE04F1340120631020BDE81040E2F75F
:10CE10003DB810B504460078E2F74EF86088FFF799
:10CE2000ECFD201DFFF753FF207CE2F745F804F1ED
:10CE30001200FFF709FE608DFFF7DFFD94F82C006C
:10CE4000E2F73AF894F82D00E2F736F8206BFFF796
:10CE5000E8FD04F134011020BDE81040E2F73CB8D1
:10CE600010B504460088FFF7C8FD6088FFF7C5FDD0
:10CE7000A088BDE81040FFF7C0BD10B50446FFF71D
:10CE8000C6FD2080FFF7C3FD6080FFF7C0FDA080D6
:10CE900010BD002310B502F8010BDCB2A04202F174
:10CEA000040201F1040100D810BD31F8044C013333
:10CEB00002F8044C31F8044C240A02F8034C31F80F
:10CEC000024C02F8024C31F8024C240A02F8014CE0
:10CED000E3E710B504460078E1F7EEFF6078E1F78C
:10CEE000EBFF6088FFF789FD211D0820E1F7F4FFC3
:10CEF000207BE1F7E1FF607BE1F7DEFF2069BDE821
:10CF00001040FFF78EBD10B50446E1F7B7FF207063
:10CF1000E1F7B4FF6070FFF77AFD211D6080082003
:10CF2000E1F7B4FFE1F7AAFF2073E1F7A7FF607311
:10CF3000FFF781FD206110BD10B504460088FFF7A2
:10CF40005CFD6068FFF76DFDA068FFF76AFDA089D2
:10CF5000BDE81040FFF751BD10B50446E2F7BEF83A
:10CF600021460020E3F78EFBBDE81040002000F0D2
:10CF70006CB8704708B5E4F709FB80F00100C0B257
:10CF800008BD08B5E4F7F2FA0028FBD108BDFEF7AA
:10CF90009CB970470020704770B5144681F00105B8
:10CFA00019B90D2A07D1FF2018E00D2A03D1007806
:10CFB0000538C0B212E00844FCF772FAC5F104016A
:10CFC00010F440660246C9B209D1042C084605D0C7
:10CFD000052C16D112F0400F18BF084670BDC5F1E0
:10CFE0000603042CD8B2F9D0B6F5006F03D1C5F111
:10CFF0000805E8B2ECE7B6F5406FE9D1C5F10E05DA
:10D00000F7E712F4404107D1062CE7D0072CE5D012
:10D01000082C13D10130CCE755065CBF831CD8B275
:10D02000062CDBD0B1F5004F02D1831CD8B2EDE75E
:10D03000B1F5404FEAD100F10803F7E7130744BF09
:10D040000530C0B20C2CC9D9ADE70020E3F730BAE7
:10D0500070B51D469DF810300C46002B10460A4650
:10D0600014BF08218821059E02F0DEFD024640B172
:10D0700000202B462146CDE90460BDE87040E3F76F
:10D08000B3BA012070BD08B5E3F7CEFC002008BD9F
:10D090004088C0F30C000330800840000430704723
:10D0A00008B520B1E3F738FF00F0010008BD01200A
:10D0B000FAE708B5E3F776FEBDE80840FFF7F0BFF2
:10D0C000F8B506460D460A2000211746E4F7D6F9C2
:10D0D0000446E3F767FE60B1038807816FEA4343C4
:10D0E0006FEA5343C0F80A600380C0F80E50204630
:10D0F000F8BD0446FBE770B50E46054611463046BE
:10D10000E4F7BCF9044635B128B1E4F7F1F832464A
:10D11000294603F072FB204670BD0088B0FA80F00B
:10D1200040097047008810B1C9B2E4F76BB9704785
:10D130002DE9F041B0F8008006460C46D5B2B8F1B2
:10D14000000F11D029464046E4F75CF92246074615
:10D1500029464046E4F76AF93A4629462046E4F76C
:10D1600065F93480BDE8F0810F46F5E738B50588EC
:10D1700000220446FFF7DCFF05B1258038BDF8B575
:10D1800007460D46008800211646E4F73BF9B042F9
:10D19000044605D129463846BDE8F840FFF7E6BF0A
:10D1A00000212046E4F72EF9B04205D020460021A8
:10D1B000E4F728F90446F3E72A4620460021E4F77D
:10D1C00035F932462846BDE8F8400021E4F72EB98B
:10D1D00003461B8808468B4202D00021E4F712B9AF
:10D1E0000020704738B5044638B10021FFF79AFF98
:10D1F000002301465D1C09B998B238BD2046FFF7EF
:10D20000E7FF2B460146F5E7F8B5058807467DB1EF
:10D21000CCB221462846E4F7F5F88542064609D106
:10D2200000233B80002221463046E4F7FFF83546D4
:10D230002846F8BD2146E4F7E5F82146024628468F
:10D24000E4F7F4F8EEE72DE9F047078882468846D0
:10D2500014465FB33846E4F767F83D460646E4B245
:10D2600021462846E4F7CEF84045814616D12146AE
:10D27000E4F7C8F8214602462846E4F7D7F84745C0
:10D2800004D1454508BF0025AAF8005000222146D8
:10D290004046E4F7CBF83046BDE8F0878742FAD045
:10D2A000E4F742F830444D4686B2D9E73E46F2E70D
:10D2B0002DE9F04780460F460646002402F1FF396B
:10D2C000BC4202D219F8015F25B9A6EB0800C0B232
:10D2D000BDE8F0879A46A5F13102012A5AF8041BED
:10D2E00010D83246322D02F8011B06D10134E4B2C7
:10D2F000A74232D30912B21C71700134534616464C
:10D30000E4B2DDE7342D0CD10334BC42DDDA0B0A84
:10D31000317073700B0C090EB370321DF170E4B2F2
:10D32000EBE7A5F13302062A0DD8303DEDB22B19FB
:10D33000BB42CADA2A463046013C03F05EFA55FA8F
:10D3400084F47219EBE7A5F14102062A01D8373DB2
:10D35000ECE71D7903F1080AE9E71646B5E770B571
:10D36000054600880C46E3F7DFFF844228880AD987
:10D37000E3F7DAFF0023221A19462846BDE8704079
:10D38000D2B2E4F70BB92146E3F7EAFF002070BD03
:10D3900038B50546E3F7ACFF04462846E3F7C4FF7B
:10D3A000002201462046BDE83840FFF7A4BEF8B58C
:10D3B00016460C461D46BDF81870E3F799FF044465
:10D3C0003046E3F795FF3A4641192046BDE8F8405C
:10D3D00003F013BA70B50C460131C9B20646E4F742
:10D3E000ABF9214605463046E4F7A6F900EB0520E7
:10D3F00080B270BD1FB50123ADF80C2000930A4622
:10D400000223014603A8E4F75BF905B05DF804FBCD
:10D410002DE9F0410C460131C9B20646E4F78CF91A
:10D42000214607463046E4F787F9E11C0546C9B2B4
:10D430003046E4F781F9A11C8046C9B23046E4F7D2
:10D440007BF905EB072500EB082005EB0040BDE864
:10D45000F0810FB437B5069D0021A8B2E4F70EF8AD
:10D460000446E3F745FF2CB1002207AB0193D1B28C
:10D470008D4205D8204603B0BDE8304004B0704767
:10D4800053F8041B81540132F1E7F7B504460E4608
:10D49000402000211746E3F7F1FFADF80600E3F75F
:10D4A00027FF0546BDF8060068B13B4632464021DD
:10D4B0002819FFF7FDFE2118C9B20DF10600FFF78C
:10D4C0004EFFBDF8060003B0F0BD10B41446091BB2
:10D4D0001A462044019BC9B25DF8044BFFF7E8BE31
:10D4E00008B410B585B007AC54F8043B009403941D
:10D4F000FFF7EBFF05B0BDE8104001B070470EB478
:10D5000003B503AA52F8041B0192FFF7BEFF02B055
:10D510005DF804EB03B0704700220123C0E900234B
:10D520007047F8B5044601270026F9F770FA23681A
:10D530003BB9F9F772FA00226368012B0ED16360E0
:10D54000F8BD1D691F612660F9F767FA012DF2D059
:10D550002B462D691E61012DFAD1E6E719691A6182
:10D560000B46EAE70069003818BF012070470368DE
:10D5700023B94068012803D0E4F70CB900207047B4
:10D580004FF0FF307047F8B50546FAF795FC0123D8
:10D5900006460027A8602B73F9F739FA2B68024674
:10D5A0007BB11C692169A1420CBF2F601961276101
:10D5B0001046F9F732FA012C08D0204663689847E4
:10D5C000EAE76C68012C04D1F9F727FA00232B73E2
:10D5D000F8BD6169711AB1F1004FF5D82169696030
:10D5E0002361E5E702207047022070470220704760
:10D5F00002207047704702207047022070470220C7
:10D60000704702207047002070470144884201D1D2
:10D610000120704710F8013B9342F7D0002070477B
:10D620000821FBF76CBA70B50146064692B000209F
:10D63000E2F77CFB044670B9FBF722FA0546014687
:10D640006A462046E2F72AFF6A46294620468DF8B8
:10D650000260E3F737FA204612B070BD00B593B010
:10D66000FBF70EFA6A4601460020E2F717FF9DF924
:10D67000020013B05DF804FB00B593B0FBF700FAAD
:10D680006A4601460020E2F709FF9DF8000013B04A
:10D690005DF804FBE2F7BCBE012070470020704734
:10D6A00007B56846E2F7E0FA9DF8030003B05DF8BD
:10D6B00004FBF8B506460D46E4F76CFB0328044668
:10D6C00021D02846E4F766FB032807461BD010F05C
:10D6D000020318D1A0070DD5F90716D401233C4346
:10D6E000E20704D431892A89914218BF002303F04C
:10D6F0000100F8BD08222946304603F06EF8B0FA62
:10D7000080F35B09EBE70020F3E71846F1E770B51B
:10D710000D4600210646FFF705FD044630B1E3F74C
:10D72000E7FD01462846FFF7C4FF08B1204670BD5B
:10D7300021463046FFF74CFDEFE77FB54FF6FF710E
:10D7400001AAE4F713FC20B1BDF80C0007B05DF8A6
:10D7500004FB4FF6FF70F9E708B5FFF7D8FF003874
:10D7600018BF012008BD08B51046E5F7DDFEBDE88D
:10D770000840E5F7BDBF7047704770477047704776
:10D7800070477047002100B593B06A460846E2F73B
:10D7900085FEBDF8060013B05DF804FB002110B54E
:10D7A00092B004466A460846E2F778FE00216A46CF
:10D7B0000846ADF80640E3F785F912B010BD002128
:10D7C00000B593B06A460846E2F768FEBDF804006B
:10D7D00013B05DF804FB002110B592B004466A4610
:10D7E0000846E2F75BFE00216A460846ADF80440B1
:10D7F000E3F768F912B010BD704710B5002486B089
:10D800000494BDF82C4003949DF828400294099C90
:10D810000194BDF820400094E4F7C0FE06B010BDAE
:10D82000F0B587B09DF83C40BDF84070BDF844C0ED
:10D83000029405460E9C084611461A46BDF834303F
:10D84000CDE9037CCDE90034BDF830309DF8486067
:10D85000E4F7A4FE044670B1014600231022012023
:10D86000FAF716FF40B132462146284607B0BDE818
:10D87000F040E4F7FFBE192007B0F0BD10B588B046
:10D880009DF83C40069400240594BDF8384004946B
:10D890009DF8344003940C9C0294BDF82C400194F4
:10D8A000BDF828400094FFF7BBFF08B010BD70B56D
:10D8B0000646E4F7A9FE04463046E8F783F9224617
:10D8C000034600213046F4F76BFA0546C0B102F07A
:10D8D000CDF904462846E3F70BFDE21D121A00239A
:10D8E00029460820D2B2FAF7D3FE0138C0B2012887
:10D8F00006D829463046BDE870400122E4F7BABE9A
:10D9000070BD134610B50A4600210446F4F720FA0C
:10D91000014628B12046BDE810400222E4F7AABE25
:10D92000012010BD07B5009313460A460021F4F705
:10D9300089F928B1002103B05DF804EBF1F74EBD81
:10D94000012003B05DF804FBF0B50E46114646F623
:10D95000655289B0ADF81820044600221846FFF73A
:10D96000CAFB054658B306AFC4B1FFF728FF022231
:10D970004FF6FF734FF44841CDE9017200900395D3
:10D980007C2007AAADF81C30FFF737FF0146C0B175
:10D9900000221046E4F76EFE09B0F0BDFFF70FFF5E
:10D9A0000223CDE90004CDE902734CF66042334610
:10D9B0007C212046CDE90454FFF760FFECE71920F5
:10D9C000EAE70120E8E72DE9F04F85B00C469146E3
:10D9D000804602F048F80546671C3846FBF760FDB4
:10D9E000042D40F08A80404602F040F90378092275
:10D9F00003F00303012B4FF00101204614BF4FF049
:10DA0000020B4FF0030BE2F727FD09220021054628
:10DA10002046E2F721FD21788DF80F000139002220
:10DA2000204689B2FFF767FB04EB090A0646D0B12E
:10DA30002A4601460DF10F035846FAF729FE02283F
:10DA4000054626D13046E3F76FFC0023C0B22070B4
:10DA5000013800930122C3B231463846E3F730FE65
:10DA6000237801332370404601F0F3FF020424D4ED
:10DA70009AF8013021789B071FD50139A1EB0901E4
:10DA800042465046C9B2E9F7FFFE23781844207099
:10DA900013E020B92070284605B0BDE8F08F0328B8
:10DAA00009D15046FBF7FCFC20F4007189B25046C6
:10DAB000FBF7F8FCD7E70428D5D101250022204642
:10DAC0002178FFF718FB06460028E4D00023014622
:10DAD00001221846FAF7DCFD022819D13046E3F797
:10DAE00023FC0023C0B22070013800930122C3B28E
:10DAF00031463846E3F7E4FDCDE780F0800520F0BD
:10DB0000800081B23846C5F3C015FBF7CBFCD5E7E2
:10DB10000028C0D12070BEE708B50020FFF72AFA20
:10DB200080F00100C0B208BD0A4608B501460020D9
:10DB3000E4F7A0FDB0FA80F0400908BD0020E3F74B
:10DB400003B900210846E2F741BD0020FFF719BAEA
:10DB50000020E2F7C9B870B50446FBF7A1FC042227
:10DB6000002106462046E2F777FC2044FBF798FCAC
:10DB70000322054600212046E2F76EFC2044FBF715
:10DB80008FFC4FF6FF730540ADB29D4214D1F307F1
:10DB900012D5062200212046E2F75EFC2044FBF766
:10DBA0007FFC0446E4F70AFE844214BF02240624E4
:10DBB000E4F7F8FD204070BD2046FAF711FFC400DD
:10DBC000E4B2F5E708B5FFF7C6FF003818BF01203B
:10DBD00008BD012070470120704700221A21032050
:10DBE000E7F7B4BAF6F79EBD10B50446F6F72CFF7A
:10DBF00008B9F6F72FFF03050FD40C231B2B01D117
:10DC0000002009E020FA03F1C90703F1010206D55B
:10DC1000DBB2E31A5842584110BD0B23F9E7134613
:10DC2000ECE710B50C46098819B90846F4F770F806
:10DC30002080012010BD08B5F4F7B0FC002008BD1D
:10DC40000022E4F761BF08B5104600F02DFBBDE8E7
:10DC50000840FAF766BC70B504460D46164692B009
:10DC60006A46E2F71BFC6A46294620468DF81F608B
:10DC7000E2F728FF12B070BD00B593B06A46E2F734
:10DC80000DFC9DF81F0013B05DF804FB07B50DF106
:10DC90000701E5F70BFA20B19DF8070003B05DF826
:10DCA00004FBFF20FAE710B50C46E5F713FB20460E
:10DCB000BDE81040E5F716BA0129F8B505460C464F
:10DCC0001DD003291ED0052920D0072922D00026E7
:10DCD000002400270120E2F703FB304485421DDACF
:10DCE0000320E2F7FDFA2044854219DA0520E2F725
:10DCF000F7FA38448542B4BF07200520F8BD6FF01D
:10DD00000406E5E76FF004040526E2E700266FF05D
:10DD10000407DFE7002405272646DBE70120EDE7BF
:10DD20000320EBE738B5054600242046E2F7D8FA91
:10DD30000134A842E4B202D9062CF6D107242046C9
:10DD400038BD38B14379490023F00C0301F00C01D0
:10DD50000B434371704710B5044678B14179408850
:10DD6000490801F006010131000AFFF7A5FF02464C
:10DD700001462046FFF7E5FF104610BD0722FBE7EE
:10DD800038B50D46E5F794FA044608B9002038BDC9
:10DD9000FFF7E1FF002DFAD1237913F00703F5D047
:10DDA000984238BF1846C0B2F1E7037923F0070361
:10DDB000194301717047037903F00F0343EA01131C
:10DDC000037170470022E5F7E1BE0021012208B58A
:10DDD000E5F7DCFE401A18BF012008BD38B515462E
:10DDE000FFF7F0FF04462846FFF750FF84B1FF28F5
:10DDF00004D0626822FA00F3DB0701D5012038BDA8
:10DE00000123834013436360E3780133E370F5E754
:10DE10002046F4E7E6F73CB901461023072201202B
:10DE2000E3F7E2BD10B5E3F763FA00F11004204612
:10DE3000FBF736FB20F4007189B22046BDE81040A4
:10DE4000FBF730BB2DE9FF411546019101218DF80B
:10DE50000D301B0A8DF80E309DF82C308DF80C001B
:10DE60008DF80F3028460423009103AA9DF82880DE
:10DE70009DF830709DF8346001F05FFF044670B18A
:10DE8000294601F02AFEB8F1000F02D12046FFF723
:10DE9000C9FF2FB146B931462046F1F79FFA002459
:10DEA000204604B0BDE8F081002220461146E6F786
:10DEB00071F8F4E74FF47A70E6F7C4B9F0B50646A6
:10DEC00087B010461C460F46154601F0CFFE9DF860
:10DED0003030184443789CB16178012211F0020F70
:10DEE0000CBF032100210020CDE90142CDE9031040
:10DEF0000722394630460095E6F74CFA07B0F0BDE8
:10DF000022462146EFE708B5E3F7F4FCBDE80840F8
:10DF10000020E6F77BBC1FB504466846FFF77CFF90
:10DF200054B100238DF805301023072269460020E4
:10DF3000E3F75AFD04B010BDFFF724FCADF806006E
:10DF4000FFF73DFCADF80000EEE708B5FFF7E3FF93
:10DF5000002008BD00B58BB06846FFF75DFF009B51
:10DF6000BDF8060004A90693E6F7F6F80BB05DF8D5
:10DF700004FB1FB504466846FFF74EFF02AB03CB18
:10DF80002060616004B010BD1FB5062304468DF803
:10DF90000C30E6F7C1FD00238DF80D00CDE900330C
:10DFA00001210223204603AA01F0C7FE04B010BDE0
:10DFB00070B50C4605460120E7F740FD237B4BB1C9
:10DFC000FFF7E0FB014623462A46BDE870400120EA
:10DFD000E6F7E0BF4FF6FE71F5E71FB50A23012013
:10DFE0001A4601A9E3F700FD4FF6FF73BDF80C20B8
:10DFF0009A420AD00822FF2101A8FFF706FB80F011
:10E000000100C0B205B05DF804FB0020FAE7F8B5E6
:10E010000E46074601F02AFE0546FBF741FA00F4DA
:10E020004040B0F5404F14BF0022062202F10A031F
:10E03000EB5C0B325C0004F00E045B08144403F04C
:10E04000380338461C4401F016FE844208D2001BF7
:10E05000C2B20F2A28BF0F223046291902F0F9FB5D
:10E060002046F8BD13B5F1F75BFC6946044601F0A4
:10E07000A2F958B1FFF786FB40B1E3F77DFD28B167
:10E080000023022269462046EEF78AFF02B010BD47
:10E09000FF224FF6FF71E8F795BE37B505460C46EF
:10E0A0000823092269460120E3F79EFC15B19DF87B
:10E0B00006302B700CB1009B2360BDF8040003B048
:10E0C00030BD07B500210DF10700FFF7E6FF9DF811
:10E0D000070003B05DF804FB07B508238DF80600C0
:10E0E000ADF804100092694609220020E3F77CFC99
:10E0F00003B05DF804FB13B5044601A90020FFF747
:10E10000CCFF019A01462046FFF7E6FF204602B009
:10E1100010BDF0B50F46002187B0044608461646EC
:10E12000FFF7BBFF012305460DF10A008DF80840FB
:10E130008DF80930FFF71DFF092C1DD131460DF177
:10E140001200FBF7AFF905AB002102AA9B1A284683
:10E15000CDE90011DBB2642101F0EFFD0546E0B12D
:10E16000092C15D1E9F710F8044688B12846E9F7DB
:10E170001FF8204607B0F0BD31460DF113008DF8B1
:10E1800012704FF6FF75FBF78DF90DF11503DBE704
:10E19000284600F02EF80446EBE70446E9E77FB591
:10E1A0000D461646ADF80E00E3F7BEF8841BE4B248
:10E1B000BDF80E20631B9BB21046294600937319CD
:10E1C000FFF7F5F821460DF10E00FFF7C8F804B08F
:10E1D00070BD38B504460D4601F028F940B1AC4297
:10E1E00006D02046F1F71EFCBDE8384001F0A9B981
:10E1F00038BD10B5044601F039FD0230FBF750F987
:10E200004FF6F7739842204603D9BDE81040E9F76E
:10E2100053B9E9F79DF9B0FA80F0400910BD00222A
:10E22000E9F76EB870B5054601F020FD06462846B0
:10E2300001F0A7FD01462846E3F77EFA044628468A
:10E2400001F035FC4FF6F773984208D8337803F0A5
:10E250000303012B05D1A31E5842584170BD012074
:10E26000FCE70020FAE741F2033330B585B00D46F4
:10E27000ADF808300446FFF785FA8DF80A00FFF77D
:10E2800081FA0021000A8DF80B0005232046CDE914
:10E29000001102AA8DF80C5001F04FFD10B121467B
:10E2A000FFF7BDFF05B030BD70B504460D46D9B1CE
:10E2B0003F294FF0000600D13546204601F0D3FB40
:10E2C000082813D101212046E3F79CF80646E3F71E
:10E2D0002BF804463046E3F70BF82A460146E0B235
:10E2E000BDE87040FAF757BC0126E6E7204601F08A
:10E2F000BAFB024630B9BDE870404FF6FF7101200D
:10E30000FAF7C4BB204601F0BFFBB0F5006F0ED199
:10E31000204601F0CCFB4FF6FF739842014617D020
:10E32000002D0CBF032005200022FAF7AFFB294681
:10E330002046E5F7EDFE68B929462046EAF7C4FD18
:10E3400040B9324629462046BDE87040E9F7F8BB9F
:10E350000120E9E770BD01460320ECF72DBC37B57D
:10E360004FF6F675FAF7C9FB431E9BB2AB42044663
:10E37000F8D8E4F79DFF0028F4D169462046E4F779
:10E380006BF80028EED0204601F0D3F90028E9D13F
:10E390002046FFF71AFD0028E4D12046EAF7FCFDED
:10E3A0000028DFD1204601F041F80028DAD12046CC
:10E3B000DDF75EFB0028D5D1204603B030BD73B534
:10E3C00004460E46EAF7E8FD054688B92046EAF716
:10E3D0003DFE21462B460D224FF6FD70009500F0C4
:10E3E00056F83146204602B0BDE87040EAF7F0BD6D
:10E3F00002B070BD37B5054614460C2914D8DFE8C5
:10E4000001F02C132C1313130713131313242400DC
:10E410006946E4F721F818B901216846EFF7A8F931
:10E4200041202946F5F7D6FAD4B1204601F01EFC6A
:10E430000230FBF735F84FF6F773984210D92046B3
:10E4400003B0BDE83040E9F757BA40F6144040F653
:10E4500013430B2908BF1846E3E7F2F793FEE3E7FF
:10E4600003B030BD1FB50346084603218DF80D30BB
:10E470008DF80C1001230021ADF80E20CDE90031FC
:10E4800003AA042301F059FC05B05DF804FB2DE953
:10E49000F34106460F4614461D469DF82080FFF7BF
:10E4A00071F9B04207D100222146384602B0BDE8DA
:10E4B000F041FFF79FBF3A4631462046FFF7D2FFB3
:10E4C000ADF8060060B10D2C05D100224FF6FF71AA
:10E4D0002820FAF7DBFA35B9BDF80600FFF789FE08
:10E4E00002B0BDE8F0810123424629460DF1060045
:10E4F000E3F754F8BDF80630002BEDD1F0E7F7B59F
:10E500000C46054601F0B2FB611CC9B2064628461E
:10E51000E3F712F9A11C0746C9B22846FEF75AFFD5
:10E52000014604463846FAF718FB0D2F34D1204631
:10E53000EAF732FD78B1301DFAF7B2FF04462846FB
:10E54000F67901F0F6FA31460246204603B0BDE8FE
:10E55000F040FFF743BCB01CFAF7A2FF4FF6F77389
:10E56000984202D92846E9F7C7F92046EAF76EFD36
:10E57000FFF708F9A04205D1002003B0BDE8F04044
:10E58000EAF7A8BD6B46B068F16803C36946204648
:10E59000EAF71EFD03B0F0BD2A463946204603B017
:10E5A000BDE8F040FFF726BF1422002102F03FB97A
:10E5B0002DE9F04F11F00F0704460E4615468FB0B7
:10E5C0005CD10120D2F7BCFE09A8D2F761FE092375
:10E5D00009A88DF82430D2F767FE09A8D3F784F98B
:10E5E00001A909A8FAF7E7FC26F00F08A84404F1EE
:10E5F000100904F10F0A454511D1236901A93344DB
:10E60000236109A8FAF7B8FC0020D2F799FEB6F109
:10E61000005F28BF272738460FB0BDE8F08F05AA56
:10E62000234696469446186859680833ACE80300B8
:10E630004B456246F6D12B46224605F1100B53F8A6
:10E64000041B5B4542F8041BF9D1714609A8FAF78F
:10E6500093FC09A8D3F748F9224621460120D3F7B5
:10E66000D9F9013D631E13F8012F15F8011F534519
:10E6700082EA01021A70F6D15D46BCE70227CAE7BA
:10E68000F0B5174685B005460C46102200216846B5
:10E6900002F0CDF8BFB3C4B30F2C04F00F0608D9B5
:10E6A00024F00F043A4621462846FFF781FF40BB7D
:10E6B000274432463946684602F0CBF880222F695B
:10E6C00006F1100337446B44B7F5005F03F8102CD4
:10E6D0002F61C6F110061AD3062E1FDDFB001A0E9D
:10E6E0008DF80A201A0C5BBA8DF80B20ADF80C30AF
:10E6F0006A4610212846FFF75BFF00202B69103B7C
:10E700002B6105B0F0BD3E46D8E72646D6E7022E7F
:10E7100004DDFB005BBAADF80E30E9E76A46102174
:10E720002846FFF745FF2B691022A3F110040021B2
:10E7300068462C6102F07BF8B7F5005F4FEAC4032E
:10E74000CDD2E7E770B50E46054686B001A814465F
:10E75000FFF72AFF3246294601A8FFF791FF22461C
:10E76000054601AB05AE1C4603CCB44210605160B7
:10E77000234602F10802F6D1284606B070BDEAF73A
:10E7800047BD0A460021EAF743BDF0B58BB00C4601
:10E7900001A9EAF73DFD054680B325220021E01CD2
:10E7A00002F045F80123A3700E23BDF810702380FA
:10E7B000FA0510D523464FF4877206AE23F8042BD2
:10E7C0000DF1280C324603CA62451860596016469E
:10E7D00003F10803F6D13B0605D5238843F08003F7
:10E7E0002380069B636001AB03CB039BC4F81D0031
:10E7F000C4F82110A361ECF711F8606128460BB052
:10E80000F0BD30B505460C4687B001A8D2F740FDF3
:10E810002868696802AB03C39DF8113043F0020217
:10E820008DF8112074B12288510644BF43F00603CD
:10E830008DF81130530542BF9DF8113043F00803A5
:10E840008DF8113001A8FAF74AFBB0FA80F04009C0
:10E8500007B030BD70B58AB00D46002201A904464C
:10E86000EAF7D6FC88B1204604A9FFF7CAFF60B1D9
:10E87000BDF81060FEF786FF38B9720601D5730542
:10E8800003D529462046FAF78AF90AB070BD2DE96A
:10E89000F3410F4605461646E2F746FD4FF00008E5
:10E8A000C41BE4B22946304623463A46CDF80080E0
:10E8B000E2F706FF01212846E2F7A4FD88B1012115
:10E8C0002846E2F79FFD0746E2F72EFDC5B22B462C
:10E8D000301942463946CDF80080E2F7F1FE254472
:10E8E000ECB2204602B0BDE8F0812DE9F74F0C9E56
:10E8F0008946054693461C4601279DF83480E2F779
:10E9000013FD23464A462946824600975846E2F7B9
:10E91000D7FE39462846E2F775FD4C4428B3394600
:10E920002846E2F76FFD5FFA8AFA5445814611DA0C
:10E93000E4B2AAEB040B5FFA8BFB224630465B463F
:10E9400029460097E2F7BCFE4444A4EB0A045E4467
:10E9500004F0FF08012300220C9349464346304649
:10E9600003B0BDE8F04FE2F7ABBE434629460C9733
:10E97000E2B2F4E72DE9F041002686B007460846EA
:10E980000C4615469846CDE9026604968DF814604B
:10E99000E2F7CAFC411BCBB20D2B28BF0D232A4640
:10E9A0002146009602A8E2F78BFE424602A93846AD
:10E9B000EAF7BEFE0646294620469DF80820E2F703
:10E9C000CFFE304606B0BDE8F0812DE9F04F0F468E
:10E9D0001546ADF5057D0DF11008814642462946E4
:10E9E00038469A46FFF753FF041FE4B2F82C04D9C7
:10E9F00000200DF5057DBDE8F08F5545F8D8B9F13B
:10EA0000000F36D0AAEB0506F6B2B4420ED90423A5
:10EA10000193A5EB0A032344DBB208EB0602009343
:10EA2000012100238E980292D2F7DCFF4FF0040BF5
:10EA30000DF5887A334642460121CDE9004B8E9888
:10EA4000CDF808A0D2F7CEFF5A468F990AEB040002
:10EA500001F0C3FE03460028CAD1B9F1000F06D069
:10EA6000024629463846CDE90084FFF73EFF0120E3
:10EA7000BFE72646DAE72DE9F04F0E46CBB001217D
:10EA8000054617461C46E2F7BDFC23463A46294692
:10EA9000814606A8FFF76EFF0DF1280A00EB070B71
:10EAA0005246314628465FFA8BFBFFF7F0FEB3452E
:10EAB00003D200204BB0BDE8F08FABEB06085FFA45
:10EAC00088F808F104039842F3DB331F1844042349
:10EAD000C4B20193A31BDBB200935246434600210C
:10EAE000CDF808A006A8D2F77DFF0028E1D1A4EB5D
:10EAF0000B040AEB0803E4B2524628463146009361
:10EB000001944346FFF7F1FE39462846E2F714FE2A
:10EB1000394600F0F8022846E2F722FE0121284695
:10EB2000E2F770FC002818BF4D462846ADF8165095
:10EB3000E2F7FAFB011FC9B20DF11600FEF70FFC58
:10EB40000120B7E72DE9F041044601F01AF9411C14
:10EB5000074689B2204601F0E7F890B339462046CF
:10EB6000E2F7EAFD00F00C03042B054629D000F083
:10EB70000308B8F1020F00D11BBB284601F083F94E
:10EB80002B060744BEB216D5711C204689B201F08F
:10EB9000CBF8B0B1F9B22046E2F7CEFDB8F1010FE3
:10EBA000014600F003030CD0032B0AD0284601F0E5
:10EBB00079F9304486B231462046BDE8F04101F093
:10EBC000B3B80020BDE8F081F8B5064601F09BF827
:10EBD00005460446304601F049F843785B0718D5EE
:10EBE000AC1CA4B22146304601F09EF8B8B12946CB
:10EBF0003046E2F7A1FD0746691C3046C9B2E2F78C
:10EC00009BFD1FB1874201D8FF2808D104EB4704C0
:10EC1000A4B221463046BDE8F84001F085B8002096
:10EC2000F8BD13B5044601A8EAF7C8FFBDF80430E3
:10EC3000DA0710D49B0707D410220021204602B027
:10EC4000BDE8104001F0F3BD224621461020FFF739
:10EC500079FD0028F0D102B010BD024608B5EAF7F0
:10EC6000D9FF510544BF0838C0B2130544BF083866
:10EC7000C0B208BD01460120EBF79EBFF0B5D30737
:10EC800005460C468BB04AD5008801F07AF800237F
:10EC90000646029314B9CDE9034403AC00220821CF
:10ECA0002046FEF7B2FCA8B1288800F0DFFF023052
:10ECB000FAF7F6FB21460746E3F7CEFB50B10022F8
:10ECC00040231146384600F056FB40F609452846D9
:10ECD0000BB0F0BD31462888E2F72EFD10F0030F8F
:10ECE0000CBF01260026EAF7D7FA46EA4000C0B278
:10ECF00000900021204602AB05AAECF711FA054668
:10ED0000EAF7CAFA0028E2D0002DE0D00021204620
:10ED1000009602AB05AAECF703FA0546D7E740F6E2
:10ED20000A45D4E72DE9F04F1D4600238BB00C4671
:10ED300017460646ADF8243010B1A1F10904E4B23B
:10ED4000002221463846FEF7D6F9ADF82600002805
:10ED500000F0BB800021E2F7EFFC830640F1B780B2
:10ED60000020E2F7E1FA80460020E2F7C1FA002332
:10ED7000024600934FF6FF7004235FFA88F100F01B
:10ED800028FFADF82400002800F09B800EB1053468
:10ED9000E4B204F11001C9B209A8FEF7E0FA044692
:10EDA00000284FD103461021BDF82620BDF82400CD
:10EDB0000095FEF7FCFABDF82620002E104614BF81
:10EDC0004FF0050B4FF0000BBDF824A00792E2F7BF
:10EDD000ABFA05F11009401BCB4480B22B465946D3
:10EDE000079A00905046FEF7E2FA0DF123030193D3
:10EDF000149BC8465FFA89F9CDE903440294009355
:10EE000049462346102009AA8DF82360EBF71CFD24
:10EE10000446B8B9BDF824002EB3E2F785FAA0F194
:10EE20001005EDB229460DF12600FEF798FA0028EC
:10EE300049D110232146BDF82420BDF826000095B5
:10EE4000FEF7B5FABDF826504DB12846E2F76CFA48
:10EE50000022C3B2294638460092E2F731FC204630
:10EE60000BB0BDE8F08F4946E2F766FC10F0200FCA
:10EE7000BDF8240014BF4FF00D094FF00509E2F76B
:10EE800053FAC5F1F0060644A6EB09062146BDF883
:10EE90002420BDF82600F6B210230095FEF787FA6D
:10EEA0002946BDF82600BDF82420009609EB08038A
:10EEB000FEF77DFAA919C9B20DF12600FEF74FFA47
:10EEC000C0E71924BEE70446BCE71924C7E70224BB
:10EED000C5E701461A2308220120E2F785BD002379
:10EEE0001A46ECF779B838B5002204460D46FEF70D
:10EEF0008CFB50B9FF2229462046FEF786FB80F0A6
:10EF00000100C0B200F0010038BD0020FAE730B5C2
:10EF10008BB005AD04462846D2F7BAF9022328463D
:10EF200001A98DF81430FAF746F8234601AA1446D1
:10EF300003CCAC4218605960224603F10803F6D1B5
:10EF40000BB030BD08B50023024619461846ECF751
:10EF500043F8012008BD37B504466846ECF7B2F81F
:10EF6000054648B108222146684601F036FCB0FA51
:10EF700080F0400903B030BDFF2208212046FEF793
:10EF800044FB034628B106212846FFF7A8FF0120CD
:10EF9000F0E722460146ECF71FF8F8E707B56846A8
:10EFA000ECF790F810B16846FAF7D3F900F00100D9
:10EFB00003B05DF804FB0120ECF7AEBD704737B538
:10EFC0000446084600F08FFD0546FEF7DBFB0023F4
:10EFD0000146009322462B460120F2F72BFB03B09B
:10EFE00030BD2DE9F04114464FF0010894B00646BB
:10EFF0000FA80F46D2F74CF901A88DF83C800BAD55
:10F00000D2F71AFAF4B1002329460FA803AC8DF801
:10F010003D30F9F7D0FF95E80F0084E80F009DF828
:10F020000650334604F11006224603CAB242186065
:10F030005960144603F10803F6D100203D7014B066
:10F04000BDE8F08129460FA807AC8DF83D80F9F79F
:10F05000B2FF95E80F009DF8075084E80F00E0E745
:10F0600030B50124054689B003A8D2F711F901A8EB
:10F070008DF80C40D2F7E0F99DF806209DF8073096
:10F08000AA4209D0AB4209D103A88DF80D40D2F7AE
:10F090002BFC012009B030BD0024F5E70020F9E782
:10F0A000002208B511461046EDF79CF8BDE808406F
:10F0B00000214FF6FF70FFF712BF00221021FEF76C
:10F0C000A4BA7FB50D4602460D2317216846F8F70E
:10F0D0005DFF6B462A4602AE1C4603CCB44210606C
:10F0E0005160234602F10802F6D1206810602379AE
:10F0F000137100236B7304B070BDF0B585B06C461E
:10F1000006460B46224601F108072546186859684D
:10F11000083303C5BB422C46F7D118683146286036
:10F120001B7917202B710D23F8F739FF05B0F0BDBF
:10F1300038B504460D46D1F749FCA04205D9204612
:10F140002946FFF7BEFF002038BD2820FCE730B578
:10F15000002485B08DF80040D1F738FCE5B2A84214
:10F1600004D8EEF769F9002005B030BD694628469D
:10F17000FFF7C3FF0134EFE738B504460020F0F78E
:10F1800021FCFF2805460FD0F0F7DCFC10F0010051
:10F1900009D02846F0F7D6FC400840EAC17080F05C
:10F1A000010000F0010038BD04F00100FBE701465A
:10F1B000F8B506460020EEF779F8FF2801D00120C7
:10F1C000F8BDD1F7E7FB00240546871CD1F7E6FB25
:10F1D000E3B2984201D80020F2E735F82430B34278
:10F1E00003D117F82430002BE9D10134EEE738B50C
:10F1F0000D4601210446E2F705F930B10121204610
:10F20000E2F700F92880012038BD20462C8000F06C
:10F210008AFE0130C0B2F7E72DE9F04788B0074613
:10F22000894610460DF10A011D469046FFF7DFFFA3
:10F230004FF0000ABDF80A6004463046CDE905AA41
:10F24000CDF81BA0E2F770F8031BDBB20B2B28BF35
:10F250000B2322463146CDF800A005A8E2F730FA8C
:10F2600048F21F039D4243D00BD885F40043012B85
:10F2700015D923464246494628460097FAF781F8B1
:10F2800033E048F23A039D42F3D1FEF77BFAB842ED
:10F290002BD02246414605A8F3F7BEFE25E09DF897
:10F2A000143013BBBDF81D40DDF81500DDF8191052
:10F2B00003AB03C3204603A9D1F716FD0122204664
:10F2C00003A9E9F73BFFA74206460ED0012103A898
:10F2D000EEF74EFA48F201039D4206D12EB93346AD
:10F2E00032463946204600F066FF08B0BDE8F08798
:10F2F0009DF81450002DF8D1A84602349DF81570E1
:10F30000E4B2EBB2BB42F0D222460823314603A856
:10F31000CDF80080CDE90388E2F7D2F903A8F0F731
:10F320002FFBF0F77FFB083400F00BF90135E4B256
:10F33000E7E708B5E2F7DEFABDE80840EEF75CBCA7
:10F3400010B50024418084800480C280038110BDF8
:10F3500013B5BDF81040CDE900340023EEF7B4FD3D
:10F3600002B010BD13B5BDF8104001900094EEF747
:10F37000ABFD02B010BD07B500930123FFF7F2FF0C
:10F3800003B05DF804FB0121F0F728B808B500F0E0
:10F390000EF8FF2804D0F0F7D5FBC0F3C00008BD7D
:10F3A0000120FCE701464FF6FF70EFF739BF014639
:10F3B0000020F0F707BB10B50C46F0F733FBFF2831
:10F3C00008D0F0F7C5FA20B1036823604368012034
:10F3D000636010BD0020FCE710B5044600F054FB4C
:10F3E000B0F5006F204605D100F061FBBDE810408C
:10F3F000F0F718BB00F077FBBDE81040FFF7D7BF70
:10F4000008B5F0F70FFBFF280CD0F0F79BFB10F0CE
:10F41000010309D0400840EAC17080F0010000F00B
:10F42000010008BD0020FCE71846FAE708B5F0F730
:10F43000F9FAFF3818BF012008BD08B5F0F7D6FD6E
:10F44000002008BD30B585B005460C46D1F7CAFA94
:10F45000A8421CD92068616801AB03C36389ADF879
:10F460000C30237A022B10D0DA1E53425341DA00BB
:10F4700000231A4318208DF80E200B23294601AAD9
:10F48000F8F78DFD002005B030BD0022F1E7272000
:10F49000F9E71FB502460B2301A81821F8F776FDFE
:10F4A0009DF80E0005B05DF804FB30B589B001F0A1
:10F4B000010503A90446F0F70BFF9DB190B9204662
:10F4C000F0F740FB10F0010109D02046F0F73AFBBD
:10F4D000430843EAC17383F0010303F0010103A869
:10F4E000EEF746F92046F1F7C1FE9DF814302946A3
:10F4F00000932046BDF8162003ABF9F71AFB09B0BC
:10F5000030BD30B585B00C460546F0F709FAA0428B
:10F5100015D04FF6F7739C4211D80B232A461821B9
:10F5200001A8F8F733FD294618200B2301AAADF8EE
:10F530000C40F8F734FD21462846F0F78DFA05B067
:10F5400030BD10B50446D1F74DFAA0420FD9204680
:10F55000F0F7E6F94FF6FF73984208D020460021F5
:10F56000FFF7A3FF2046BDE81040F0F709BF10BD2C
:10F570004FF6FF73984210B50C4605D0FEF786FB98
:10F58000FF2801D0E3F7A6FE34B12046BDE81040C5
:10F590004FF6FF71E3F7A2BF10BD38B5014605462F
:10F5A0000020F0F70FFA04464FF6FF712846E3F704
:10F5B00095FFFF2C04D02046F0F7E2FE002038BD76
:10F5C0000120FCE710B50446FEF7DCF800210246F6
:10F5D0002046BDE81040F1F737B82DE9F041144658
:10F5E0000F460546984600F041FB06460430F9F701
:10F5F00057FF2080284600F09CFA6080B379791C80
:10F60000E372C9B22846E2F797F8B91CA072C9B2F2
:10F610002846E2F791F8FE1C2072F6B2B8F1000F0E
:10F6200018D031462846FDF7D5FE0537FEB23146E3
:10F63000A0802846FDF7CEFEB11CE080C9B2284666
:10F64000E2F77AF86072217AA0880122BDE8F041E1
:10F65000F1F71ABD2088EAE72DE9F04186B090461F
:10F660001E4604460D46FEF78DF84FF6F773984593
:10F67000074632D80523A0428DF80C304FF0010226
:10F6800014BF012300234FF0000118BF8DF80D3087
:10F69000CDE9002114BFADF80E008DF80D302846DD
:10F6A00014BF0423022303AA00F047FB0546A0B1C0
:10F6B000A7421AD000F0DAFA074621460430803E0D
:10F6C000F9F7F0FE2046FE7104A9FFF774FE40B979
:10F6D000204604A9E2F7EAFB18B9002006B0BDE80D
:10F6E000F081284604A900F0AFFB41462846FEF70A
:10F6F00096FDF3E7037923F00303194301F03F017B
:10F700000171704707B50DF10701F1F763FB03B015
:10F710005DF804FB08B5FFF7F5FF18B1BDE8084038
:10F72000F1F7A8BB08BD00224FF6FF701146F1F7B4
:10F73000ABBC10B50446FFF7E5FF024638B90146F9
:10F740002046F1F7A1FC003818BF012010BD0120B0
:10F75000FCE7F8B5174604460E46FFF7D3FF05460B
:10F76000386068B1037903F00303337023B93A6852
:10F77000137903F03F0313713B685C882046F8BDA2
:10F7800001462046FEF7FCFA074628B1E4F70EF8DA
:10F79000874201D83570F1E731462046F9F7EBFD95
:10F7A0000028EBD003234FF6FF743370E6E707B56C
:10F7B00001AA0DF10301FFF7CCFF9DF8033053B907
:10F7C000019828B1037913F0300F14BF01200020F5
:10F7D00003B05DF804FB0020FAE72DE9FF4106467F
:10F7E000104688461546F0F7CBF80746FDF7CAFFE6
:10F7F000044648BB4FF6FF739E4225D09F4206D079
:10F800000146384604B0BDE8F041E7F7EBBB0723FB
:10F810008DF804302B680246CDF805306B6809215D
:10F8200001A8CDF80930FDF766FC024618B9192089
:10F8300004B0BDE8F081012341463046ECF764FE98
:10F840000028F4D02046F3E70220F1E7F1F74CBDA1
:10F8500007B5024669464FF6FF70F1F745FD03B064
:10F860005DF804FB2DE9F04390460F4606464FF045
:10F87000010991B00BA803ADD1F70AFD07AC2946E9
:10F880000BA8ADF82C90F9F796FB95E80F0084E8EB
:10F890000F004B46002239463046CDE90048ECF7D0
:10F8A0004BFF11B0BDE8F0832DE9F04F002785B084
:10F8B00081460C467E2039469846BDF83CB09DF8FE
:10F8C00044A0BDF84C500192ADF80E70E1F7D6FDA2
:10F8D0000646002800F08980E1F70AFD39467E22BD
:10F8E00000F0A5FF3046E1F703FD00903046E1F758
:10F8F000FFFCB9F1FF0F0CBF274644F003073B0A9A
:10F9000014F440620770437074D14FF00808C31CB0
:10F9100018464246019900F070FF034604F4404443
:10F92000434484B1790606D419464FEA1B2201F8F4
:10F9300002BB5A700B46B4F5004F6BD0A4F54042A1
:10F9400054425441E400224618460E9900F055FFF7
:10F95000009A03462044A0EB02085FFA88F89DB1A4
:10F960004FF47C521A53841C2846E1F7C1FC8346AD
:10F970002846E1F7D9FCC5B22A465946204600F090
:10F9800068FF60190235EDB2B9F1FF0F44D052465D
:10F99000109900F8019B00F05CFF08F101015AFA90
:10F9A00081F129443046E1F7DBFC0C210022FF0005
:10F9B00007F080071046394300F036F9ADF80E0025
:10F9C0003046E1F795FC04463046E1F7ADFC2146B0
:10F9D000C2B201230DF10E00E1F7E0FD0121BDF8F7
:10F9E0004820BDF80E00E1F721FDBDF80E0005B07E
:10F9F000BDE8F08FB2F5006F80F803804FEA182859
:10FA000080F8048000F1050314BF4FF008084FF0A0
:10FA100002087DE7022496E708EB0A0129443046F4
:10FA2000E1F79EFC0821C1E710B50C46E1F760FC48
:10FA3000048010BD38B50C461546E1F759FC038823
:10FA40001DB11C43A1B2018038BD23EA040189B273
:10FA5000F9E708B5E1F74CFC008808BD08B5E1F707
:10FA600047FCC07808BD08B5E1F742FC008800F00B
:10FA70000C0008BD08B5E1F73BFC008800F00C0065
:10FA8000031F5842584108BD38B50546E1F730FC20
:10FA900004462846FFF7EEFF30B904F11000F9F7ED
:10FAA000FFFC00F4406038BD4FF40060FBE738B560
:10FAB0000546E1F71DFC04462846FFF7DBFF01463B
:10FAC00048B9103420460422E0F7C6FC2044BDE8C3
:10FAD0003840F9F7E5BCA08838BD10B50C46E1F711
:10FAE00007FC848010BD38B50546E1F701FC0446EB
:10FAF0002846FFF7BFFF014608B1201D38BD10346E
:10FB000004222046E0F7A8FC2044F7E738B5054674
:10FB1000E1F7EEFB04462846FFF7ACFF30B904F1ED
:10FB20001000F9F7BDFC00F4404038BD4FF4006010
:10FB3000FBE738B50546E1F7DBFB04462846FFF74F
:10FB400099FF014648B9103420460622E0F784FCAC
:10FB50002044BDE83840F9F7A3BCA08838BD38B5CB
:10FB60000546E1F7C5FB04462846FFF783FF01463B
:10FB700008B1201D38BD103406222046E0F76CFC89
:10FB80002044F7E708B5E1F7B3FB007A08BD08B5F4
:10FB9000E1F7AEFB90F9090008BD08B5E1F7A8FB55
:10FBA000807A08BD08B5E1F7A3FBC06808BD10B5B1
:10FBB0000C46E1F79DFB047210BD10B50C46E1F751
:10FBC00097FB447210BD10B50C46E1F791FBC46081
:10FBD00010BD2DE9F8430F468046002107F11000C3
:10FBE00016469946E1F74AFC0446D0B1E1F780FB9E
:10FBF00005462046E1F798FB00210246284600F022
:10FC000016FE00232046AB7049F00401FFF70CFFFD
:10FC1000A5F804802EB13A46314605F1100000F0F7
:10FC200018FE2046BDE8F883F8B505460F461020BB
:10FC30000021E1F723FC0446B0B1E1F759FB064689
:10FC40002046E1F771FB00210246304600F0EFFD4F
:10FC5000002339462046B370FFF7E6FE25B12A4659
:10FC600001212046E1F7E2FB2046F8BD08B5E1F7A7
:10FC70003FFB103008BD08B5E1F756FB1038C0B2A5
:10FC800008BD10B50C46098821B90846F2F740F8BE
:10FC9000208008B1012010BD0220FCE72DE9F743C8
:10FCA0000F46012181461646E1F7ACFB054658B1E7
:10FCB000FDF76EFB308088B92846E1F735FB68B167
:10FCC000192003B0BDE8F0834846E1F72DFBFF2F74
:10FCD000A0EB0704E4B214D014B934800020F0E79C
:10FCE0002A4621462846FDF706FA80460028E7D036
:10FCF0003B464A4629460094FDF759FBA6F800808A
:10FD0000ECE70120DDE708B5FFF7B0FF437803F02B
:10FD100001001A074CBF10300830DB0644BF083022
:10FD2000C0B21030C0B208BD10B50C46E1F7FCFA05
:10FD3000A04234BF0020012010BD7FB514460091C1
:10FD4000024641F2092141F609209DF820601D4636
:10FD5000002E18BF0146099B0020F2F717FDADF8F1
:10FD60000E0010B9002004B070BD01232A462146C0
:10FD70000DF10E00E1F712FC0028F3D1BDF80E00E2
:10FD8000F1E738B50546FFF7BEFF04462846FFF702
:10FD90006DFF43785B0707D521462846E1F7CCFC89
:10FDA000013004EB4004E4B2204638BD30B585B0E4
:10FDB000ADF80E00E1F7B8FA0446BDF80E00FFF703
:10FDC000E0FF00F10E03DBB2E5B2BDF80E20ED1A44
:10FDD000ADB2014600951046FDF7E9FAA4F10E0117
:10FDE000C9B20DF10E00FDF7BAFA05B030BD427888
:10FDF000034612F0080006D0D20702D403F108002F
:10FE0000704703F10900704737B505460C46FFF708
:10FE10002DFF437813F0100212D09CB103F00102C1
:10FE20001B074FF000032046009329464FF00803BC
:10FE300054BF18322032E1F743FC012003B030BD3B
:10FE40001046FBE72046F9E773B505460C46FFF779
:10FE50000DFF437813F0100211D094B1012603F086
:10FE600001021B0720464FF00803294654BF1832F1
:10FE700020320096E1F724FC304602B070BD1046F7
:10FE8000FBE72046F9E700F00303012B08D0C30687
:10FE900006D400F00C000C2814BF0820092070477D
:10FEA00002207047034611F0030005D003F003035E
:10FEB000022B14BF022003207047F8B507460D46F9
:10FEC000E1F73AFC0646FFF7DEFF330604460AD5A3
:10FED0002918C9B23846E1F72FFC01463046FFF732
:10FEE000E1FF0444E4B22046F8BD70B506460D4675
:10FEF000FFF7E3FF294604463046E1F71DFC820682
:10FF00000FD529193046C9B2E1F716FC00F01803E5
:10FF1000082B14BF05340634E4B2830644BF08340A
:10FF2000E4B2204670BD38B50546FFF72AFF044607
:10FF300001462846FFF7D9FF2044C0B238BD2DE95D
:10FF4000F04387B005460C46FFF790FE8046F9F770
:10FF5000A7FA07462846FFF714FF0646014628463B
:10FF6000FFF7ABFF0022034600922946324602A863
:10FF7000E1F7A6FB9DF8086006F00C030C2B06F0D9
:10FF800003090BD0B9F1010F59D0F10657D49DF8F0
:10FF900009300DF10A050020637107E0FF230DF120
:10FFA00009006371F9F77CFA0DF10B05208198F8CF
:10FFB0000130DA0704D508F10200F9F771FA20815F
:10FFC000B9F1010F5FFA89F83DD0F3063BD428461A
:10FFD000F9F766FA6080A81CF9F762FA053515F89A
:10FFE000013C208023712B78B006A37206F04003F9
:10FFF00048BF43F02003390627D543F40073F804C3
:020000040804EE
:1000000048BF43F48063390548BF43F400633206B8
:10001000E38011D56A7812F003020DD06FEA4343F2
:100020006FEA5343A978B8F1020FE3800B4611D170
:10003000EB7841EA0321218107B0BDE8F083FF237B
:100040000DF10905A7E7FF23CCE77A0648BF43F483
:100050008073D4E7012A04BF0B029BB22381EBE734
:10006000EFF75EBCEFF7DEBC73B50546E5F704FEBF
:1000700006462846E5F7A6FD04463EB330B32846BB
:10008000E2F7C2FA00960246234600212846F1F71D
:10009000DBFE0646D0B1FFF7E9FD04463046E1F746
:1000A00027F904F10D02121A002331460820D2B2BA
:1000B000F8F7EEFA0138C0B2012807D8012231461C
:1000C000284602B0BDE87040E2F7D4BA02B070BD75
:1000D00000B589B00B4605226946F3F735FB0238B7
:1000E00018BF012009B05DF804FB037810B5044681
:1000F00043B901220270427843601A2A03D1D0F733
:10010000ADFC208110BD0370FCE738B503780446D0
:1001100063B901220270427843601A2A0CD1058922
:10012000D0F79CFC854202D92123636038BD207A38
:10013000BDE83840D0F798BC0370F7E7F8F711BD79
:10014000002070477047F0B505462F4687B00C4633
:1001500002A859211646F9F7A5F937F8021B0DF147
:100160000A00F9F79FF90022D5F80200796803AB7D
:1001700003C3AB890F21ADF814306300CDE9002231
:1001800003F0FE03324602A88DF81640DEF7D8FDD4
:1001900007B0F0BD002108B50846E1F76FF9002867
:1001A0000CBF1920002008BDF3F782BB0020F3F735
:1001B000DDBBF3F7ADBC0BB1F3F716BD0AB9F3F72E
:1001C0008FBDFF21F3F7B8BC70B5054683780846AC
:1001D0002E460C4600F8013B36F8041BF9F762F98D
:1001E00008223146E01C00F008FBEB780120E372A6
:1001F0002B7B04F10E0123736B7B63732A69F9F780
:1002000055F96A69012004F11201F9F74FF9298BB8
:1002100004F11600F9F746F9082205F11C0104F172
:10022000180000F0EAFAA98C04F12000F9F73AF975
:10023000E98C04F12200F9F735F995F8283084F8B3
:10024000243095F8293084F8253095F82A3084F840
:10025000263095F82B3084F8273070BD0B461146B8
:100260001BB1012B03D021207047F3F741BFF4F7F6
:1002700047B9F0B507460D4695B00021144601A8D0
:100280004C221E4600F0D3FAB62101A8F9F70AF96C
:1002900038460DF10601FFF797FF0DBB2368618912
:1002A000CDF82F3063680EA8CDF83330237A8DF85F
:1002B0002E508DF83730F9F7F5F8A1890DF13A0095
:1002C000F9F7F0F8E389ADF83C3030460DF13E0126
:1002D000FCF70CF94C2101A8FCF751FB15B0F0BD5F
:1002E00001238DF82E30F0E713B50446B721684698
:1002F000F9F7D8F822460DF102010120F9F7D6F8F6
:1003000006216846FCF73BFB02B010BD30B5044641
:100310000D468BB001A8B821F9F7C4F821880DF17A
:100320000600F9F7BFF8618802A8F9F7BBF8A188C1
:100330000DF10A00F9F7B6F8E18803A8F9F7B2F869
:1003400021890DF10E00F9F7ADF8618904A8F9F7DC
:10035000A9F8A1890DF11200F9F7A4F8284605A91A
:10036000FCF7C4F8222101A8FCF709FB0BB030BD53
:1003700010B504468CB001A8BB21F9F793F82046CC
:100380000DF10601FFF720FF2A2101A8FCF7F7FA7B
:100390000CB010BD70B51646FF2204460D46FDF7A1
:1003A00034F9024610B146B9022070BD29462046F4
:1003B000FDF72BF90028F6D1F7E720466908BDE8DC
:1003C0007040F8F79CBB70B50646144608461A46BE
:1003D00008211D46FFF7DEFFA0B92A46022130465C
:1003E000FFF7D8FF70B92278531EDBB2FD2B0AD875
:1003F0000120904020F0FF6020F4FF20003818BF5B
:100400000120400070BD19232370FBE708B500F000
:10041000AEF9002008BD002230B58DB00346CDF8FE
:1004200026200846CDF82A20ADF82E2041F60632C7
:1004300000F12504ADF8042001F115020DF10601CB
:1004400052F8045BA24241F8045BF9D10DF11602A7
:1004500003F1100153F8044B8B4242F8044BF9D1DD
:1004600000F085F901A8EBF779FF0DB030BD002150
:10047000002814BF012202220846FDF7ECBB002031
:10048000E0F7B6BA37B504466846FDF772FD0822B4
:100490006946201D00F0A1F9D0B92588FDF78FF934
:1004A000854215D1FDF70DFE0246607B131A002B25
:1004B000B8BF5B42C82B13460CDD824228BF0346FF
:1004C000DBB29A4204D0FDF716FEA078E4F7A0FA5A
:1004D00003B030BD824238BF0346F1E710237F22CC
:1004E0001C21F7F753BD28237F221D21F7F74EBDAE
:1004F00010B50C46FFF7F2FF2046BDE81040FFF7AD
:10050000F2BF024610237F211C20F7F748BD08B533
:1005100000F0F1F880F48070C0F3002008BD10B541
:10052000044600F0E8F820F00200204380B2BDE865
:10053000104000F0ECB808B5F3F73EFE012806D0F5
:10054000022806D0032814BF0220062008BD04207C
:10055000FCE70520FAE730B5154689B00022FCF724
:10056000CAFD0446E0B10146002307220920F8F73E
:100570008FF8B8B1FDF723F9034600200122CDE939
:1005800001304FF6FF73CDE9050200934CF621428E
:100590002B46FF21CDE90304FDF742F909B030BD38
:1005A0001920FBE740F60140F8E773B50023154634
:1005B0000C4606460A46009301460823281DE1F72B
:1005C0007FF804F108013046C9B2E1F7B5F804F14B
:1005D00009016873C9B23046E1F7AEF804F10A01C7
:1005E000A870C9B23046FCF7F5FE288002B070BD95
:1005F00000B58BB0684600F098F801209DF80430F3
:10060000984080B20BB05DF804FB10B50446FFF7CC
:10061000EFFF2040C30B0DD10E235A1C01D1FF2048
:1006200007E020FA03F1C90703F1FF3204D558B2FD
:10063000C0B210BD0F20FBE71346EEE702461023C1
:100640007F211C20F7F7ABBC1FB5102368467F2223
:100650001C21F7F79BFC9DF80E0005B05DF804FB2C
:10066000F0B507460E46154685B01C467F2210237E
:100670001C216846F7F78AFCBDF80430BDF80C2051
:100680003B80BDF806303380BDF808302B80BDF8C4
:100690000A3023800A9B1A8005B0F0BD2DE9FF4186
:1006A0000E4615461C460746BDF8288018B14FF681
:1006B000F77399421DD8B5F57F4F1AD214B1B8F52A
:1006C0007F4F16D210237F221C216846F7F75EFC6D
:1006D0006846ADF80470ADF80660ADF80850ADF8A6
:1006E0000A40ADF80C80FFF7A9FF002004B0BDE878
:1006F000F0810120FAE71FB5102368467F221C21F4
:10070000F7F744FCBDF8000005B05DF804FB1FB529
:10071000044610237F221C216846F7F737FC684601
:100720000094FFF78BFF04B010BD10B590B00446E5
:100730007F221D2106A82823F7F728FC0023236029
:100740009DF81C3001A82371D0F7A2FD052301A854
:10075000E1188DF80430F8F72EFC062304F115019A
:1007600001A88DF80430F8F726FC10B010BD002366
:1007700010B590B00693037906AA04467F218DF840
:100780001C301D202823F7F70AFC01A8D0F780FDB4
:1007900001A8D0F789FD052301A8E1188DF80430E0
:1007A000F8F7EAFB062304F1150101A88DF80430DF
:1007B000F8F7E2FB10B010BD1FB57F221C21684680
:1007C0001023F7F7E3FB009B684643F48073009324
:1007D000FFF734FF05B05DF804FB0139024410B5A2
:1007E000904201D1002005E0037811F8014FA342A7
:1007F00001D0181B10BD0130F2E7884210B501EBA3
:10080000020402D98442234607D8431EA14208D0DD
:1008100011F8012B03F8012FF8E7024401468A4240
:1008200000D110BD13F8014D02F8014DF7E7024465
:100830000346934200D1704703F8011BF9E710F813
:10084000012B11F8013B012A28BF9A42F7D0D01A98
:1008500070470A44431E914200D1704710B511F809
:10086000014B914203F8014FF9D110BD431C08BF61
:100870000020D5F753B90000000000000000000080
:10088000F8B500BFF8BC08BC9E467047F8B500BF7D
:10089000F8BC08BC9E4670475FF800F0B1490020E4
:1008A0005FF800F00D4900200300000076636F6DD3
:1008B00000000000050000000000000000C2010070
:1008C0000005000000100000000000000000000013
:1008D000050000000000000040420F00050100007C
:1008E00000000000000000000000000013B779FACB
:1008F000C925DDB7ADF3CFE0F1B614B801020000B1
:1009000000000000FFFFFFFF0100000001000000E9
:1009100000000000000000000000000000000000D7
:1009200000000000000000000000000000000000C7
:100930000000000000000000000000001E00000396
:10094000BB6A0308B76A0308956A0308936A030839
:10095000D17A0008C56A0308957A00082C000000C7
:100960000203000000000000000000000000000082
:100970000000070008000000000000000000000068
:10098000000102040500000000000000000000005B
:100990000000060405030002010000000009005ADF
:1009A000EC0904080100000FCC0904080000000055
:1009B000000000000009005AEC0904080100000FC3
:1009C000CC090408000000000000000004FF6BFFD9
:1009D0009FFFBBFFCCFFD8FFE0FFE6FFEAFFEEFF83
:1009E000F1FFF3FFF5FFF7FFF8FFF9FF6400D4FE16
:1009F000FF006400160000005A00A8071439FEFF2B
:100A00002400370201E1FFFF16002001111B000046
:100A10001000C000992600000B0086007828000016
:100A2000080059008A2500000600450075220000D4
:100A30000400120012140000800B040800000000E3
:100A4000500A04080100000000000000C017530213
:100A5000740A04084063598F404B4C000B000B0094
:100A60001A00FF7F644C002000000000880F04087B
:100A700000000000FC4F0103380F040820C00110E3
:100A800000F8070020C001301402280124C0011022
:100A9000FF00000024C001300043000044C00100FA
:100AA0002E02000068C00200D1B60200C00600009D
:100AB000D0C00100000000004C40030120F91304E5
:100AC0000700620038700000604002010068010FFA
:100AD00040B8244080400101236300008C400201A3
:100AE00000800060BE0A000020410101590B000097
:100AF0003841010190200AF05C410101001E000014
:100B00006C410B0100140CC0141A21282E343B42F6
:100B1000495043557698BA0C237300000101000038
:100B20001721286414171A002004C87DA1203A094F
:100B3000A8410101290000003C4201010000000021
:100B4000804202010000000081000000A042030179
:100B5000FFFF0000FF030000FFFF0000B44201019F
:100B6000000000003043030140002001A00000000D
:100B7000085000014C43010145C1872FFFFFFFFFD3
:100B80000C400200018014007F4000002040020061
:100B900000000000000000003040070000000000DE
:100BA0000000000000000000000000000000000045
:100BB00000400000A00700035040010000000000BA
:100BC0005C4002000000000000000000A84001009E
:100BD00007000000BC40040000000000000000000E
:100BE0000000000000000000084104000040000078
:100BF000FF4C000000410000FF4D000028C007002E
:100C0000EC80B30343754051A00F00F80040000092
:100C1000A8AA0700000000000000000054C0050062
:100C2000513130000E000DE62A000000080B0C0DBB
:100C30000D00000070C00900BA1000000004200080
:100C4000041880000B3C2001187C10022FFCE006E9
:100C50007F0000000000000000000000A8C00500A8
:100C6000BD4B721511A3180510325476980A000076
:100C700000000000CCC0010001000000D4C0020050
:100C800001000A000100280008000101040700001B
:100C9000180001010000000020000101088400008C
:100CA00040400301000000000000000010000000B0
:100CB00058400201000000000000000368400601E7
:100CC0004902F0004108000002000000B0070800DF
:100CD000A700000000000000844002019BC34A748A
:100CE000F0030F00944010010101103050707F7F1D
:100CF00000000000000000000000000000000000F4
:100D000000000000000000000000000000000000E3
:100D100000000000000000000000000000000000D3
:100D20000000000000000000E0400101000200009F
:100D300010410201331E0500000000001C410101AA
:100D40000090C28B24410501FF0483078813C83A31
:100D5000FF06660CFF0483078813FF033C4106016E
:100D6000F854520000000000B75635120000005041
:100D7000803B00000000000058410101000000001D
:100D8000644102010C010000E853FA00A441010192
:100D900000000000B041020100000000000020003F
:100DA000BC4103010000000000003C006990060007
:100DB000D041030100000000D0000000000002004C
:100DC000E041160100000000DE635E36BF6F0700E1
:100DD0006FEA1600E530CE00B2B9D90E4B84940408
:100DE0005A1FA924DE635E36BF6F07006FEA160044
:100DF000E530CE00B2B9D90E4B8494045A1FA92411
:100E000000000000000000002C00000007EE753616
:100E10006018004000000000000000004442030190
:100E200014000000000000000800000468420101F6
:100E300000000000984202013F000002FFFF000096
:100E40003C4304011F1F1F1F1F1F1F1B18151311D9
:100E5000100E0D0C504302010000000000000000C5
:100E6000108001010300000038800201F1471000EA
:100E7000010000009C800301EB4002007078030039
:100E8000D5C00000A8800111F0010000A880013148
:100E90000542CB01AC800111F0010000AC800131B2
:100EA00005228D00B080020100030002370000011E
:100EB0009C000102000C0004D8000302050040AAB7
:100EC00088010000C0000000EC000112E00F0000EB
:100ED000EC0001320C205111F00001022B01000046
:100EE0001001011200FF0F00100101320200003159
:100EF0005001011200C0010050010132C100A200E6
:100F00007401010269811B0C7801011200001C00B0
:100F1000780101321004E0CF80010112790700004E
:100F20008001013202000000840102020000000082
:100F300050000000FFFFFFFF100000006666660023
:100F400000000000EC0F0408E00F0408000000009F
:100F500000000000005A620280841E000420F60097
:100F6000F1475002000000008A0F04080000000052
:100F7000000000000000000061841E00000000006E
:100F80000000000000000000050002000000C01783
:100F9000530206140000802FA60405380000A008A4
:100FA00000000000580901040706100A01040707A1
:100FB000C80A00040807800B00040808380C000465
:100FC00009086108000000008A0800000000C70945
:100FD000010404032C0B01040404920C0104050415
:100FE000ED170000ED170000F4010000193F0106A5
:100FF0000410010000010106001027000009000094
:101000000000000000000000380A04080000000092
:1010100000000000012600000400000000000000A5
:1010200000010000000000000B0000000C000000A8
:10103000030000000000202000000000030000006A
:101040003C3C3C00000000000000000000000000EC
:1010500001031001010903000D0000000900000058
:101060001E0000001B0000001A00000000800A5053
:1010700013000000601004086465627567007369FE
:101080006C6162737675617274646F776E007675E9
:1010900061727400433A2F55736572732F3637307F
:1010A0003236313931372F776F726B537061636528
:1010B0002F50726F6772616D2F53696D706C696329
:1010C00069747953747564696F2F73646B732F73CC
:1010D000646B2D323032342E362E302F706C6174AA
:1010E000666F726D2F736572766963652F6C6567C5
:1010F0006163795F68616C2F7372632F62617365DE
:101100002D7265706C6163656D656E742E63002C65
:1011100020002573203D2025346C780052657365CE
:10112000742063617573653A205761746368646FF6
:101130006720657870697265642C206E6F20726517
:101140006C6961626C6520657874726120696E6695
:101150006F726D6174696F6E0A00526573657420F9
:1011600063617573653A205761746368646F6720C3
:10117000636175676874207769746820656E68615B
:101180006E63656420696E666F0A00496E737472DF
:10119000756374696F6E20616464726573733A205D
:1011A00025346C780A005265736574206361757329
:1011B000653A204173736572742025733A256C6417
:1011C0000A0052657365742063617573653A20483F
:1011D000617264204661756C740A00484653522E51
:1011E0005645435454424C3A206572726F722072D5
:1011F000656164696E6720766563746F72207461DF
:10120000626C6520666F7220616E20657863657020
:1012100074696F6E0A00484653522E464F5243453A
:10122000443A20636F6E666967757261626C65200F
:101230006661756C7420636F756C64206E6F7420CA
:1012400061637469766174650A00484653522E449E
:10125000454255474556543A206661756C74207274
:10126000656C6174656420746F20646562756720C5
:101270002D20652E672E2C20657865637574656456
:1012800020424B50540A00526573657420636175A7
:1012900073653A204D656D6F7279204D616E61679F
:1012A000656D656E74204661756C740A00496C6CDE
:1012B0006567616C20616363657373206164647248
:1012C0006573733A2025346C780A00434653522ED6
:1012D00025730A0052657365742063617573653AFE
:1012E00020427573204661756C740A004164647213
:1012F000657373206973206F6620616E20696E7359
:101300007472756374696F6E2061667465722062B1
:101310007573206661756C74206F63637572726596
:10132000642C206E6F74207468652063617573652A
:101330002E0A00434653522E286E6F6E6529206C8C
:101340006F6164206F722073746F72652061742006
:10135000616E20696C6C6567616C206164647265A4
:1013600073730A0052657365742063617573653A1F
:10137000205573616765204661756C740A0052657B
:101380007365742063617573653A2044656275679F
:10139000204D6F6E69746F72204661756C740A001F
:1013A00070726F63657373006D61696E005468726B
:1013B0006561640048616E646C6572002573206D20
:1013C0006F6465207573696E67202573207374617F
:1013D000636B202825346C7820746F2025346C785A
:1013E000292C205350203D2025346C780A00257587
:1013F00020627974657320757365642028257525CE
:10140000252920696E20257320737461636B202861
:101410006F7574206F66202575206279746573205E
:10142000746F74616C290A005350206973206F75C2
:10143000747369646520257320737461636B207213
:10144000616E6765210A004E6F20696E7465727265
:1014500075707473206163746976650A00496E74EF
:101460006572727570747320616374697665202883
:101470006F72207072652D656D7074656420616E89
:101480006420737461636B6564293A0A00202575D2
:10149000000D0A5B4153534552543A25733A256473
:1014A0005D0D0A00554E4B00474F200042544C0042
:1014B000474F3200474F3300474F3400474F350006
:1014C000474F3600474F3700474F3800474F3900E6
:1014D000474F4100474F4200474F4300474F4400AA
:1014E000474F4500474F46004A4D50004244520086
:1014F0005550520042544D004D534D0046544C003F
:10150000554E4B00474F200042544C00424144008E
:1015100046544C00465243004F54410044534C0043
:101520004241500055504700544D4500464155003A
:10153000545A4600554E4B0050494E00454D34001C
:10154000554E4B0048562000554E4B004558500014
:101550004C574D00554E4B005242540044534C00E2
:10156000454D3400554E4B0041535400554E4B00F1
:1015700056465900494E4800554E4B004C434B00CF
:1015800058544C004F424600554E4B0048524400C0
:101590004D454D00425553005553470044424700C6
:1015A000444D410056435400554E4B0055502000C9
:1015B0005250200041503000415031004150200035
:1015C0004450200044454300A4140408A81404080F
:1015D00000150408341504084015040848150408CB
:1015E00054150408641504086C15040878150408DB
:1015F00088150408A8150408554E4B0046494200BA
:1016000042544C004558540050575200574447002C
:101610002053570043525300465348004241440070
:10162000464C540042524F000104010303060105D9
:10163000010501090600060B0000070B050B000061
:101640000000000000000000523000523100523211
:1016500000523300523400523500523600523700E7
:10166000523800523900523130005231310052317B
:101670003200523133284C5229004D535000505300
:10168000500050430078505352004D535020757312
:101690006564005053502075736564004353544192
:1016A000434B20626F74746F6D0049435352005373
:1016B0004843535200494E545F41435449564530C4
:1016C00000494E545F414354495645310043465307
:1016D0005200484653520044465352004D4D415229
:1016E0002F42464152004146535200526574300029
:1016F0005265743100526574320052657433005281
:10170000657434005265743500446174300044617E
:10171000743100004941434356494F4C3A206174AB
:1017200074656D7074656420696E7374727563742A
:10173000696F6E2066657463682066726F6D2061E4
:10174000206E6F2D657865637574652061646472C1
:10175000657373004441434356494F4C3A206174CA
:1017600074656D70746564206C6F6164206F7220A5
:1017700073746F726520617420616E20696C6C6592
:1017800067616C2061646472657373004D554E53DC
:10179000544B4552523A20756E737461636B2066E8
:1017A000726F6D20657863657074696F6E20726505
:1017B0007475726E2063617573656420616363651F
:1017C00073732076696F6C6174696F6E004D53544A
:1017D0004B4552523A20737461636B696E672066A1
:1017E000726F6D20657863657074696F6E206361D8
:1017F00075736564206163636573732076696F6CCC
:101800006174696F6E004D4D415256414C49443AE6
:10181000204D4D415220636F6E7461696E73207666
:10182000616C6964206661756C74206164647265C2
:10183000737300494255534552523A20696E73748E
:1018400072756374696F6E20707265666574636823
:101850002063617573656420627573206661756CC1
:1018600074005052454349534552523A20707265B4
:1018700063697365206461746120627573206661B9
:10188000756C7400494D5052454349534552523A84
:1018900020696D707265636973652064617461208D
:1018A000627573206661756C7400554E53544B45D8
:1018B00052523A20756E737461636B696E67206F64
:1018C0006E20657863657074696F6E2072657475DB
:1018D000726E206361757365642064617461206257
:1018E0007573206661756C740053544B4552523ABF
:1018F00020737461636B696E67206F6E2065786317
:10190000657074696F6E20656E747279206361759D
:10191000736564206461746120627573206661750B
:101920006C74004246415256414C49443A2042466A
:10193000415220636F6E7461696E732076616C69C9
:1019400064206661756C74206164647265737300F1
:10195000554E444546494E5354523A207472696577
:101960006420746F206578656375746520616E20EE
:10197000756E646566696E656420696E73747275F0
:101980006374696F6E00494E5653544154453A2072
:10199000696E76616C69642045505352202D206534
:1019A0002E672E2C20747269656420746F20737703
:1019B0006974636820746F2041524D206D6F6465B7
:1019C00000494E5650433A20657863657074696FDC
:1019D0006E2072657475726E20696E7465677269C7
:1019E000747920636865636B73206661696C6564F4
:1019F000004E4F43503A20617474656D7074656495
:101A000020746F2065786563757465206120636F4D
:101A100070726F636573736F7220696E7374727521
:101A20006374696F6E00554E414C49474E45443AC8
:101A300020617474656D7074656420616E20756ECC
:101A4000616C69676E6564206D656D6F7279206188
:101A500063636573730044495642595A45524F3A7D
:101A600020617474656D7074656420746F2065788E
:101A700065637574652053444956206F7220554440
:101A8000495620776974682064697669736F72209B
:101A90006F66203000000000141704085417040873
:101AA000A31404088C170408CD170408A314040811
:101AB000A31404080618040833180408621804085C
:101AC00084180408AA180408E9180408A3140408D0
:101AD000A3140408231904085019040886190408DB
:101AE000C1190408F1190408A3140408A314040874
:101AF000A3140408A3140408261A0408561A040898
:101B0000040008070A0042426C6600424242424218
:101B100000433A2F55736572732F363730323631A2
:101B20003931372F776F726B53706163652F507245
:101B30006F6772616D2F53696D706C696369747939
:101B400053747564696F2F73646B732F73646B2D9B
:101B5000323032342E362E302F706C6174666F72D4
:101B60006D2F736572766963652F6C656761637944
:101B70005F6E63705F6173682F7372632F61736848
:101B80002D6E63702E6300424242620000CA9A3B8F
:101B900000E1F5058096980040420F00A086010004
:101BA00010270000E8030000640000000A000000A5
:101BB00001041040981E0408941E0408801E0408A6
:101BC0007C1E0408781E0408741E0408621E0408A3
:101BD000521E0408381E0408301E0408261E04087D
:101BE000241E04080C1E0408091E0408011E040813
:101BF000F01D0408E01D0408CE1D0408B41D0408EF
:101C0000AC1D0408A01D04089C1D04089A1D0408AE
:101C10008D1D0408821D0408691D04080D1D04089B
:101C20000C1D0408FC1C0408D41C0408C01C040877
:101C30008C1C0408881C0408581C0408541C040844
:101C4000491C0408481C04080F00000000000000A4
:101C50000000000000000000FF00FFFFFFFFFFFF8B
:101C6000FFFFFFFFFFFFFFFFFFFFFFFFFFFFFFFF84
:101C7000FFFFFFFFFFFFFFFFFFFFFFFFFFFFFFFF74
:101C8000FFFF0000FF00FF0000000000FF00000059
:101C9000FFFFFFFFFFFFFFFFFFFFFFFFFFFFFFFF54
:101CA000FFFFFFFFFFFFFFFFFFFFFFFFFFFFFFFF44
:101CB000FFFFFFFFFFFFFFFFFFFFFFFFFFFFFFFF34
:101CC000FFFFFFFFFFFFFFFFFFFFFFFFFFFFFFFF24
:101CD000FF00000000000000000000000000000005
:101CE00000000000000000000000000000000000F4
:101CF00000000000000000000000000001000000E3
:101D00000000000000000000000000000F000000C4
:101D100000000000000000000000000000000000C3
:101D200000000000000000000000000000000000B3
:101D300000000000000000000000000000000000A3
:101D40000000000000000000000000000000000093
:101D50000000000000000000000000000000000083
:101D60000000000000000000000000000000000073
:101D70000000000000000000000000000000000063
:101D80000000000000000000000000000000000053
:101D90000000000000000000000000000000000043
:101DA000FFFFFFFFFFFFFFFFFFFF0000000000003D
:101DB0000000000000000000000000000000000023
:101DC0000000000000000000000000000000000013
:101DD0000000000000000000000000000000000003
:101DE00000000000000000000000000000000000F3
:101DF00000000000000000000000000000000000E3
:101E000000FFFFFFFFFFFFFFFF9C0000FF0000003F
:101E100000000000000000000000000000000000C2
:101E2000800000000000FFFFFFFFFFFFFFFFFFFF3C
:101E300000000000FFFF00000000000000000000A4
:101E40000000000000000000000000000000000092
:101E50000000FFFFFF000000000000000000000085
:101E60000000000000000000000000000000000072
:101E70000000000000000000000000000000000062
:101E80000000000000000000000000000000000052
:101E90000000000000000000FC030101010101013D
:101EA0000101010101010101010000000000000128
:101EB0000020200C002001010105000000000002AC
:101EC000041104040211101A080A02180108111062
:101ED000111A080A04020D0B195C011028123404AF
:101EE00030040B01000000000000000000000000B2
:101EF00000000001010101010100010101010101D6
:101F000000000001010101010100010001010000C8
:101F100000000000000000000000000000000100C0
:101F200000000000000000000000000000000000B1
:101F300001FF010023E1010075E4010063E20100FB
:101F400063E5010062E1010079EB010064EE01004C
:101F500024E1010025E1010026E1010027E1010063
:101F600028E1010029E101002AE10100000001004F
:101F70008000010000010100800101000002010059
:101F80008002010020E201000003010000050100C1
:101F90008005010000060100800601000007010025
:101FA00001E5010002E5010058E2010080030100A3
:101FB0008004010000040100800701000008010006
:101FC00080080100433A2F55736572732F363730FE
:101FD0003236313931372F776F726B5370616365E9
:101FE0002F50726F6772616D2F53696D706C6963EA
:101FF00069747953747564696F2F73646B732F738D
:10200000646B2D323032342E362E302F706C61746A
:10201000666F726D2F736572766963652F746F6B6F
:10202000656E5F6D616E616765722F7372632F738A
:102030006C5F746F6B656E5F6D616E616765722E4C
:102040006300433A2F55736572732F36373032363B
:10205000313931372F776F726B53706163652F5051
:10206000726F6772616D2F53696D706C696369740B
:102070007953747564696F2F73646B732F73646B1A
:102080002D323032342E362E302F706C6174666FE4
:10209000726D2F736572766963652F746F6B656EF1
:1020A0005F6D616E616765722F7372632F736C5F12
:1020B000746F6B656E5F6D616E756661637475726A
:1020C000696E672E6300FFFFFFFFFFFFFFFF34B65F
:1020D0002C337032603204320011681064103810F2
:1020E00034103010201010100C100210496E69745A
:1020F0003A2064656661756C7420434341206D6FBE
:1021000064652073657420746F2025643A203078EC
:10211000255800433A2F55736572732F3637303286
:1021200036313931372F776F726B53706163652F9A
:1021300050726F6772616D2F53696D706C6963695E
:10214000747953747564696F2F73646B732F736440
:102150006B2D323032342E362E302F70726F746FFA
:10216000636F6C2F7A69676265652F6170702F6687
:1021700072616D65776F726B2F636F6D6D6F6E2F10
:10218000736C5F7A69676265655F73797374656D97
:102190005F636F6D6D6F6E2E6300526573657420A3
:1021A000696E666F3A2030782578202825732900DB
:1021B000457874656E646564205265736574206942
:1021C0006E666F3A20307825325820282573290012
:1021D000433A2F55736572732F36373032363139A3
:1021E00031372F776F726B53706163652F50726F49
:1021F0006772616D2F53696D706C6963697479538F
:10220000747564696F2F73646B732F73646B2D32F5
:102210003032342E362E302F70726F746F636F6CC5
:102220002F7A69676265652F6170702F6672616DC4
:1022300065776F726B2F636F6D6D6F6E2F7A696745
:102240006265655F737461636B5F736C6565702E47
:1022500063000D00433A2F55736572732F36373084
:102260003236313931372F776F726B537061636556
:102270002F50726F6772616D2F53696D706C696357
:1022800069747953747564696F2F73646B732F73FA
:10229000646B2D323032342E362E302F70726F74C4
:1022A0006F636F6C2F7A69676265652F7374616302
:1022B0006B2F636F6E6669672F736C5F7A696762F5
:1022C00065655F636F6E66696775726174696F6E6D
:1022D0002E6300000020000002010A0006000A0030
:1022E00026002A0000800000000000000000537556
:1022F000636365737366756C6C79206D6967726171
:10230000746564202564206B65797320746F205098
:1023100053412E0A004661696C656420746F206D1C
:10232000696772617465202564206B657973202864
:102330007768696368206D617920616C736F2062D2
:102340006520696E76616C6964292E0A00FFFFFFC3
:10235000FFFFFFFFFFFFFFFFFFFFFFFFFF01010286
:102360000305080D1522375990E900F0E1D2C3B4F6
:10237000A5968778695A4B3C2D1E0F00433A2F557E
:10238000736572732F3637303236313931372F77E4
:102390006F726B53706163652F50726F6772616DFE
:1023A0002F53696D706C69636974795374756469CE
:1023B0006F2F73646B732F73646B2D323032342E36
:1023C000362E302F70726F746F636F6C2F7A69675F
:1023D0006265652F737461636B2F7A6967626565E7
:1023E0002F6170732D6B6579732D66756C6C2E6320
:1023F0000080000000000000000022002B002100EF
:10240000141400001C2030401C2000001C20304010
:10241000505341004B455900666E692B00666E694A
:10242000006E616E00666E692D0000000000000005
:10243000000000000000F03F000000000000244009
:1024400000000000000059400000000000408F40E4
:10245000000000000088C34000000000006AF8404F
:102460000000000080842E4100000000D012634173
:102470000000000084D797410000000065CDCD41E9
:102480005465726D696E616C0000000000000054BC
:1024900054522052454747455300020203000000B2
:1024A0000000020800000000FFFFFFFFFFFFFFFF2A
:1024B000FFFFFFFF00000000000000000000000020
:1024C000000000000000000000000000A00000006C
:1024D0007152010850000000E9510108000000019C
:1024E00000000101000101010001000001020203DE
:1024F00000000000000000000203030303040404C2
:1025000004050500000000010101010202020203AE
:102510000303030304040404040000000101010197
:102520000707080803030305040404050505060658
:10253000060707070803020204040403040505064E
:102540000606060707070202020303030304040446
:10255000040505050505060606060102020202033A
:102560000303030304040404040505050506060625
:102570000C0C0C0C0B0B0B0B0B0B0B0B0B0B0B0BA7
:102580000B0B0B0B0B0B0C0C0C0C0C0C0C0C0C0C91
:102590000B0B0B0B0B0B0B0B0201010101000005D8
:1025A00005050504040404030303030202020201F7
:1025B00001010101050505050404040403030303E7
:1025C0000707080808080909090A0A050505060693
:1025D0000607070708080808090909090505050687
:1025E0000606060707070808C7BFBEBEBEB5B5B4D6
:1025F000B4ABABDCDCDBDBD2D2D1D1C8C8C8C7BF3F
:10260000BEBEBEBDB5B5B4B4B4DCDBDBD2D2D2D174
:102610001B1B16162E2D2D2A29292925242420207E
:102620001F1B1B1B162E2D2D2A2A29292524242069
:1026300020201F1B1B1B2D2DBEB5B5B4B4ABABABFF
:10264000AAA2A1A1A1A099999898C7BFBEBEBDB5E5
:10265000B5B4B4B4ABABABAAAAA2A1A1A199999904
:10266000000000000303030303020202020202024D
:102670000303020202020101010101010000000046
:102680000303030303020202D3CACAC9C9C0C0F2CA
:10269000F2F1F1E8E8E7E7DEDEDDDDD4D4D3D3CA3A
:1026A000CAC9C9C9F2F2F1F1E8E8E7E7DEDEDDDD2B
:1026B00022221D1D1D1D18181813132C2C2C272722
:1026C000272222221D1D1D1D181818182C2C2C27FE
:1026D0002727272222221D1DFFFFFFFFFFFFFFFFED
:1026E000FFFFFFFFFFFFFFFFC8C8C8C8C8C8C8C8B2
:1026F000C8C8C8C8030404080808080800B801B816
:1027000002B800B00304040808050000000000003F
:1027100000000000000000000000000004000800AD
:102720007C0031003B001B00C03800008803000023
:10273000483C000018000000143E000004000000A7
:10274000C8330000F8040000603C000004000000F2
:10275000103E00000300000000000000C83300002D
:10276000183E000000000000183E00003700000086
:102770000739000023390000EB390000D73A000088
:10278000F53A00005D3B0000C93300000000000086
:102790000006800F7047954909684143880B7047D0
:1027A000934800680104C80F704730B50020844981
:1027B0000A6800238F4C521C6568AA4200D3226825
:1027C0001578AD06AD0E9D40054328009B1D1E2BC0
:1027D000F1D30A6030BD86480168090408D58649EE
:1027E0000A68774B1A604A68C26188688349086042
:1027F000704780B5FCF78AFF012081490870814845
:102800000068022808D280480068F02109050140CC
:10281000C02080048142F2D07C480068C01C7C4902
:1028200001437C48016001BD7B487A490860002073
:102830007A49086080218902794A116079490860E3
:102840006F4908707047F3B583B01700C006000EDB
:102850000090103891282ED2FFF7A2FF00282AD02E
:102860000025714C01260398FFF792FF002802D043
:10287000022803D003E02068304000D001250197F2
:10288000049F934E0C20205E38180E21615E401884
:10289000FFF781FF01994018306000983818FFF762
:1028A0007AFF019940187060C02080018949086052
:1028B00028038949086005B0F0BDF8B5874C574A30
:1028C00004250221504BA068284204D0107D8006C8
:1028D000C50F6D0024E0084024D01069042807D2F9
:1028E0001868F02636050640C02080048642F4D0E1
:1028F000107D0007000F072814D1507D022811DD3C
:10290000907D8006800E02280CDBD07D009028424E
:1029100008D0C00700D50A250098084200D0AD1D98
:10292000002D04D1FFF780FF00202061F1BD681C5D
:102930001669864207D21F68F02636053E40C0273A
:10294000BF04BE42F4D06648405D2061C300F82554
:102950001D4001D04B061360624B1E68012E00D152
:102960006D0055602268002A1CD12A4A156820266D
:10297000A65F3603AD05AD0D35431560294A012527
:1029800015609160810909D11968002901D11821C8
:1029900000E01A21625E0021FFF755FF207A000750
:1029A00000D42560F1BD16480078002800D170479A
:1029B00080B5FFF739FF46484B490160416001BDD2
:1029C000143E00000620494908600020484908607C
:1029D000F020000147490860802040004649086017
:1029E0003B4841490160416070470000A43E00003F
:1029F000C04101A87C3E0000843E00005C4201A86A
:102A00004E3E0000D44000A80C0002A8204000A8C0
:102A100000F0FF3FB84101A8FFF3FF3FC44000A80A
:102A2000106001A8044003A8A03E000070B5040097
:102A3000A00310D52B480068002803D11620FEF70C
:102A40003AFA02E00C20FEF7BDFC08202B49086092
:102A5000C0032B4908602B4D286800040CD5FCF7F7
:102A600055FE0600FFF7A1FEE861FFF79EFE26492E
:102A700008603000FCF753FEA00727D58020C00275
:102A80001F490860FCF765FE00281FD01F4A106828
:102A9000C0B2002802D006211D4B1960810915D053
:102AA0001C490B68012BFBD949680905090D091D53
:102AB000C9000C4B1B68012B00D14908002B01D128
:102AC000182300E01A23D25EFFF7BDFE70BD0000A0
:102AD000C84101A8C06101A8C05101A8983E0000EA
:102AE000D84000A86C3F0000FFFF0300006401A86D
:102AF000504000A80C6000A80C5000A8846000A8FA
:102B0000106001A8C04101A85C4201A89C3E0000E1
:102B1000005401A81C4000A870B50822804B1A6020
:102B2000804B1B68DC0302D50020088070BD0C8838
:102B30000019401E00787C4DA870641C0C8045076D
:102B40006D0F052D05D8794E3668F60603D5022D92
:102B50000DD0032070BD9604AE401E4001D1082068
:102B600070BD052D03D1104201D1641E0C80AA480E
:102B70004860002070BDF3B582B008886C490978C0
:102B8000491CC9B2814204D202990918491E097828
:102B900000E00021644A517093785B075B0F01935A
:102BA0003023019C052C28D1194232D19478E508B4
:102BB0001E242C40CD0702D5250001242C430125DD
:102BC000A14EE6402E4072D0019FA04EE641402427
:102BD00026403E434C0602D53400202626439478F6
:102BE00089080D40A7080C2139402943C0252540FC
:102BF0000D4320212943967051704A490C6855783D
:102C0000022123262E4008D0660302D52B40202B1C
:102C100001D0052082E0424B196093789B0601D4D5
:102C2000202203E09278120702D540223C4B1A6022
:102C30003D4A92786B461A70C022854B1E680E4042
:102C400001D1154212D06E46377827263E40232EFA
:102C500003D1E60207D4012606E0252E03D0212E5B
:102C600004D1260302D504262D4F3E601B6819406F
:102C70002026019F002F1CD11E4027D02A4B5B78B5
:102C80001A40402A13D00C221A40042A0FD02A07D7
:102C90003BD40122002902D0E100CB0F5A40694603
:102CA0000978CB07DB0F1A422FD021012AD4072045
:102CB00034E0022FE2D11E4008D00029DED1CC231F
:102CC0002B4003D16B461B785B0601D5032025E022
:102CD000A30311D59C4E73691B051B0D5B1C366845
:102CE000F60205D5994E36683607B60F9B1B5B1E5C
:102CF0009BB2052B04D1C1E7029B1B78052BBDD0ED
:102D000006200BE08021064A1160E90702D4401C2E
:102D100003990880AB4803994860002004B0F0BDD7
:102D20004C1002A8BC3E0000103E0000480002A863
:102D30002C3E0000F2B586494978CA0705D4009AAE
:102D400012888018401E037800E000239E4A106815
:102D500002249E4D2E68F60611D512695340DBB24F
:102D6000002B03D16E68D30973402340002B03D09E
:102D7000020204D40A20F2BDE206954E3260744A83
:102D80001E02C0230B403343914E336093785E079D
:102D9000760F022E06D16D682C4003D100200099D9
:102DA0000880F2BDA0250D409E08102737402F4314
:102DB0003D090E0702D42E0010253543CC240C40CB
:102DC0001A262E400A2E04D1CC2C02D02E00FD252E
:102DD0003540804EEE40F60705D4000416D5412B51
:102DE00010D1082912D17C48E8401121014021432B
:102DF0002020084310700D210140009808D000F0F9
:102E0000A9F8F2BD0B2B01D10029ECD00720F2BDAF
:102E100000F020F8F2BD00002734000038B50C00A7
:102E20006E490B781A0953399500491925881B07F3
:102E30001B0FEB1A9A1A8018FEF76EFD010002D1E3
:102E4000200000F007F832BDF300A3E398144068B7
:102E50004C0002A8F8B50400614805683C4F38787A
:102E6000D026304202D00D21014005D008205D4916
:102E70000860EF20FEF70EFD39782000314204D0C3
:102E80000909397000F066F8F2BD052129401FD00C
:102E900002884D49CA60544BEC0705D5521C02808C
:102EA000690607D4514B05E043242C40422C03D142
:102EB000521C028043600DE010224A4B1A604C4ABB
:102EC00009688B00DB0F1901116380210903116070
:102ED000002101800020F2BD0A888018401E007881
:102EE000830601D4121D0A801822024004D00888EB
:102EF00052088018C01E088039480068C00702D5F3
:102F00000888401C08803948486000207047344ACF
:102F10001368DB0708D51268920705D40A88801861
:102F2000401E007804280CD110202E4A1060304832
:102F3000254A12689300DB0F1A01026380221203F4
:102F400002600020088070470C4000A8080001A81B
:102F5000103E000031B581B02649002000900822C3
:102F6000254B1D7802230C24254202D1002223493F
:102F700003E02C40082C00D10222EC0703D50C0002
:102F80001E21614000931D4207D0154909680906BA
:102F900001D51B4901E00021C943019B194C216067
:102FA0001949FF248C70009C15012543CD700870D1
:102FB000188800994018801818801448586000201C
:102FC00036BD0000E5350000BC3E0000480002A808
:102FD000481002A80D0F0C0D07170850473F0000BE
:102FE0004C0002A84C2002A889370000BF3700001F
:102FF0001C1002A8DE1B2501103E000020841000DA
:1030000000FCFF01F03E0000443F0000CD36000010
:10301000103E000095330000AD330000AD330000DA
:10302000AD330000AD330000AD3300000000000000
:10303000000000000000000000000000AD330000B0
:10304000AD330000AD330000C12A0000AD330000F5
:10305000052C0000152C0000472D0000A92D0000B4
:10306000312E0000BD2F00005D2E000069300000F1
:10307000B92E00000D2F0000812F0000E531000067
:10308000E9320000D72B0000DF27000059230000A1
:10309000AD33000099280000AD33000091290000F5
:1030A00059290000AD330000AD330000D9290000DC
:1030B000AD330000AD330000AD330000AD33000090
:1030C000AD330000AD330000D5110000C111000088
:1030D000000000000004000802140218032400008D
:1030E00049488068000200D4704780B58020800283
:1030F000AB490860CF2000F05DFA01BDF8B5894802
:103100000068894C802292032260884E316809054C
:103110001DD5110BA023034001D0216017E0024010
:103120003FD18027824A1760824A1760084038D012
:10313000354D287A400705D501207F4908600002F7
:103140007E4908602878002801D0062801DB00208D
:10315000F2BD00F07BFB716889684E68297805290B
:1031600007D1B905A1606E60B668CC218901734AA8
:10317000116000F074FB012E00DA0226BC208005ED
:1031800088490860942080058749086068480021C4
:10319000C94301647142416484490F604021016068
:1031A000D5E783480160FFF79BFF0120F2BD5D4832
:1031B0000168890504D5C06E0004000F022801D003
:1031C000002070470120704738B5802458480460BB
:1031D00000F03CFB05007748006800F07DF928000E
:1031E00000F03DFBFFF77CFF0748007A000705D59C
:1031F000A0004D49086000F029FC31BD60036C4916
:103200000860B248046031BD183E0000FEB50500FC
:10321000CC20800168494860012668480660FFF7B5
:10322000C6FF00287DD0664C2078002879D0310276
:103230000195052802D02A460A4072D1CC27BF0149
:103240005D4A1760924A126881231B02134001D025
:10325000032301E053075B0F022805D1022B5ED345
:10326000080136490860F7BD4D01032804D1022B3F
:1032700055D932480560F7BD042802D111404ED01F
:10328000F7BD05284BD10198002848D0C005C10FD3
:10329000684641700198C004C10F6846017000F093
:1032A000D5FA0290606869464978002903D006681B
:1032B0008021204A11602C0485496A461278002A30
:1032C0000CD0C2680B68D21A824B1B68234001D015
:1032D000066800E04668964200DD160068464078C1
:1032E0006A461278024308D008684242B01E824201
:1032F00002DA7042886000E00026029800F0AFFA1F
:103300000198800501D59D4804600198054001D0D1
:103310009B480460002E02D008480760F7BDFFF705
:1033200053FFF7BD440002A8442002A8BC3E0000A1
:103330000CC001A890E001A8C4D000A8145001A8B6
:1033400038B580248F48046001201C4908601C4D5A
:103350002878052802D060008B490860FFF727FF16
:10336000002812D013480068000A80214140A86854
:10337000000EC9B2814208D2454800684007400F9C
:10338000022802D2FFF720FF31BD80480168C02229
:103390000A4002D1C06F204001D00448046031BD12
:1033A0001C1002A808E001A808D001A894D001A828
:1033B000441002A818C000A8106001A8C4E000A82A
:1033C000183E0000F1B582B00F00A020384003D0B5
:1033D000802080006E4958E000F038FA0190FB2010
:1033E00080010468F80202D5A0680069029000F02C
:1033F00098FB80210903606800F07CF926780020A2
:10340000761C6178B14200D20026182171436518FC
:103410000C3529780829F3DA2670A56029785D4AE9
:103420001170B90510D500F011FAFB218901096866
:103430008968C968009100F012FAF80203D4009874
:103440000321884300900098524988600127384042
:1034500003D100F083FC01F0B7F8F904686900F0CB
:1034600049F93C2000F0A6F8F0B200F0A3F860881B
:10347000494901406180019800F0F1F9380544495B
:103480000860464807603802454908600298FEBD5A
:10349000184001A810B543480068800501D4FE20FB
:1034A00010BDC02080034049086000F0CFF9FB2127
:1034B000890109688A78D20702D589688C7800E08A
:1034C0000C7800F0CCF9200010BD0000100002A81C
:1034D00048C001A84C0002A8FB21890109688A683C
:1034E0008B78DB0704D5927818235A438A180C325C
:1034F00090607047F1B582B02C4F3C680026200FD9
:10350000000702D1E00102902AE001F05DF800F02E
:103510009DF9019080210903606800F0EBF825789F
:103520006D1C6078A84200D20025E80020180C30FD
:10353000009000680290802109030098406800F024
:10354000D9F83D2000F036F8E8B200F033F82570E5
:103550000098A060019800F082F902A801F090F8AC
:1035600013480068800407D5F86901F0AAFD0299A4
:103570000818029000D502960298FEBD4C1002A8D1
:103580004C2002A894E001A8146001A814C001A86E
:10359000442002A8183E0000FEFF0000C0E000A882
:1035A000106001A8440002A8441002A8C43E000014
:1035B000FC0302A844490968002901D54349086071
:1035C0007047F3B581B0424FB968424C4A004CD5C0
:1035D0000125090100D5212501003F4A10685668E0
:1035E00022689206920E94463A6893008022134015
:1035F00062461343802252001A4300920A0023D0ED
:10360000890601D5012008E0F021014007D1694673
:10361000097A0C220A4002D0022000F03FF82F491C
:10362000096809040AD53968090701D5022605E0A9
:103630003968490301D5002600E003264835009A81
:1036400027490968890003E0009A2549896B09091F
:103650004023194011439A00002E02D016432666DB
:1036600008352166024322662566E06D4407640F33
:1036700000F0D6F8A0070BD0052C09D0B8680004DC
:1036800006D400F0E3F80221164A116000F0E7F8D2
:1036900000F0CFF8002000F001F8F7BD0E490A68ED
:1036A000F0239A43000110430860C0B270478020A5
:1036B000C0020D490968890701D10C4900E00C4995
:1036C0000860704700000000500002A8884000A871
:1036D000480002A8284000A8683F0000684101A8EF
:1036E000184001A8D4D40350844000A8486000A822
:1036F000485000A880B56D4A116001F00DFDFFF73C
:10370000D6FF01BDFEB56A4D2878000604D5287F96
:10371000002801D0182400E0462400F097F8029019
:103720006448C0684005C20DD52A01D2D52204E004
:10373000D1204000824200D90200100001005E4BFF
:1037400001932B6B5B011DD55C4B00931D1D5C4EE3
:10375000367806277E43AA530025019B1B7CEB404D
:10376000DB070CD5009B06266E439B199B888FB206
:10377000BB4200D2190086B29E4200D218006D1CD6
:10378000022DEAD389B2091909044E4B0B40001BE4
:10379000C005C00D184347490860C02000064A49CB
:1037A00008604548017D00290CD04849D52A02D936
:1037B0008023DB050B60D1235B009A4202D2802379
:1037C0001B060B600021424B19604188002900D183
:1037D0000280029800F043F800F04CFDF7BD80B580
:1037E0003C483D4908603D48C1680902090A192260
:1037F0005143416005210160FFF784FF01BD80B5A1
:103800002B480178090604D5007F002801D0FFF776
:1038100079FF32480068C00301D5FFF773FF01BD8F
:103820008020C002214908602D4800684007FBD471
:1038300070478020C0022B490860704701E02A4988
:1038400008602A4909680140F9D170472848006892
:103850002021284A11601021274A11607047302129
:10386000014002D1102023490860704720480068B9
:1038700030210140102901D10120704700207047FC
:103880001E4801210160C160704701201C49086089
:1038900070471C4800780621014001D10020704784
:1038A0001948006802288041C00F7047441002A8E0
:1038B000BC3E00007C400050743F00003C3E0000D5
:1038C000383E00000000FF01A0600050A4500050EE
:1038D00018E000E07F1A0601540002A810E000E0A2
:1038E000440002A8442002A8282002A8280002A818
:1038F000600002A8602002A8601002A8789001A8C9
:1039000084A001A8A03E00006C3F0000F8B55A4812
:1039100080214902C1610221584A51600021584A60
:103920001160584A11800321544A1160022101603C
:10393000202055490860802054490860CC2080012F
:10394000534908600124534804604D48806F00903B
:103950000F26070B374050480068C505ED0D103D98
:10396000C0202843C0B2FFF725FE4C480068C005C0
:103970000AD5092F08D0FFF78CFF002802D048484D
:103980000068804701F01CFA009806400096454800
:1039900006680098032803D0022806D1032F38D0E8
:1039A00000F060FA0098032803D0062F31D1062DCD
:1039B0002FD03D480068C00B204001D001F0D4FC5E
:1039C0003A480068000108D5052D06D10125384880
:1039D00004606005FFF732FF00E000253100380089
:1039E00000F072FA0600002D06D000F001FC31480C
:1039F000046002203049086060052E49486580094E
:103A00002E490860FFF745FF002802D02C480068C7
:103A100080471A4821040162002F08D10221416029
:103A2000002017490861C020C000194948643000CF
:103A3000F2BD80B5FFF7F4FE22480078800602D47C
:103A4000022021490860FFF7F4FE01BD02201F4952
:103A500008607047802000061D49096801400AD0AF
:103A6000C10D1C4A1278920701D51B4A00E01B4A7F
:103A700011601B49086070472C1002A8282002A87A
:103A8000380002A8483E000094E001A80CC001A83C
:103A9000146001A8C4E000A804ED00E0B80002A88A
:103AA000583C0000B44000A800E200E0EC3E0000FA
:103AB000645000A8646000A82C4000A880E200E0E8
:103AC000543C0000BC3E0000081002A8082002A8D8
:103AD000440002A8683E0000FC1302A8FC2302A8D0
:103AE000442002A859480068800700D4704770B588
:103AF000574801210422BB4B0C02E025ED008668EB
:103B00002E4002D01C601A6119610068054002D085
:103B10001C609A60996070BDBF480121816001609E
:103B2000704710B5012087498A680240FCD1BB4A22
:103B3000042313610C680440FCD193600002106000
:103B400010BD814908680122104200D1704710B5AC
:103B5000E023DB000340FF24A41CA34204D3C04B9A
:103B60001B689B0600D54868024001D000F044F96C
:103B700010BDFEB50700754E30683F21884374497B
:103B8000097801433160FFF7DCFF724C72488021F5
:103B900049030825944A1268D20504D565600322BA
:103BA000B262016006E0C822B26206228F4B1A6040
:103BB0008F4A116000978909C160009800688D4F95
:103BC000B968814201D2019100E001900199401A47
:103BD000009908600121009800F0CAFB06000098D7
:103BE00000680199401800990860FFF77BFF8C4836
:103BF00000683860300013D1002060627A480168A4
:103C0000C90501D4102161620068284001D02560F7
:103C100000E0656095480068400001D56802606278
:103C20003000FEBD7F48017809060DD5007F0028D1
:103C30000AD08B484168C90606D40068A02101401B
:103C4000481E8041C00F704700207047500002A8F6
:103C5000900102A880B5FFF7E5FF002803D00021FE
:103C6000042001F01FFC01BDF1B581488149C86005
:103C7000EE20C0040860804880490860FFF7D2FF4A
:103C8000002803D00021042001F00CFC7C4C802093
:103C9000C001206008277B48876501257548456479
:103CA0001D2078498862784E9B204000B061072033
:103CB00001F028FC0220734988624B490A68D20649
:103CC00003D57049714A0A6008E00F22096839403B
:103CD00002D03100103101E0310014310A606C492A
:103CE0000968002900D4B761E32109013160C021CE
:103CF000C900684A1268F823DB01134001D1F16260
:103D000001E05C4A9165216C294008D0616BC907CC
:103D100005D461490968084001D101F0FBFB00208E
:103D2000C0435E490860606B054001D1FFF7DAFED1
:103D3000009801F0D5FB606B8001FCD4606A5849A3
:103D40000860F1BD940102A8783F00002C8001A812
:103D50004A3E0000601102A8981002A870B53148D0
:103D60000178090606D5007F002803D00021052030
:103D700001F098FB4B4801683F2291434A4A127870
:103D80000A4302603E4849490122436B134001D176
:103D90000A638A62972252000A6010220A60444A2B
:103DA000E3231B019366434BCB610021424B196017
:103DB00080235B00072408210B4D2E680E4005D0A0
:103DC00094672C68234006D1916704E0D4672C687F
:103DD000234000D1D16703231360116309030160FD
:103DE00070BD0000881102A8FC0302A80C9001A875
:103DF000982002A8A03F0000F02109012F4A11607D
:103E000001402F4801602020A5490860A5490968A4
:103E10000840A54908607047902102A8882102A89F
:103E2000340002A8BC3E0000A048A14982680A40B4
:103E300002D1C268114001D00F4901601248082127
:103E40009C4A13680B4000D081611178C90602D5E5
:103E50008C2109010160142097490860C9E1000024
:103E6000440002A80448054908607047EC0002A815
:103E7000000FFF00242102A801200000706201A8A9
:103E8000100002A8C01002A8501102A8BD03000033
:103E900028C000A8A88001A8203E0000B46000A8A7
:103EA0009C3F00002C8001A84B3E0000682102A826
:103EB000E82002A810100000C00002A8586001A865
:103EC000585001A870470000F8B586B005000C00F6
:103ED0007A480068400102D5200040240443784815
:103EE000C66AFFF7B3FC0590B00503D575480068B6
:103EF000FFF7F2FA0020009001227006C00F019037
:103F00007148866800218160B82149006F4B1960B3
:103F10006308B82119400078F0230340402B02D1F8
:103F20000800402101430D2D02D130000426064334
:103F3000700704D508001421014310208443A748CA
:103F4000036820003400DB0506D580235B009F4D0D
:103F50002B600B0001211943A14D019B002B11D1B6
:103F60000C230B40082B0DD00B00554EB66BF706FB
:103F700001D41027BB43B60601D42026B343B12693
:103F80001E4042D0130042D0AB6DDB04DB0C792B1A
:103F900007D3802106224A4B1A604A02984B1A60C6
:103FA000002281230B4035D00823019E002E00D132
:103FB0002B622600082434431023984304230293E1
:103FC0001B05904E33605B088F4E336013001ED08C
:103FD000029B062B24D3394BDE6CF60620D5314EDE
:103FE0003668360E00965B699BB22E4EF66B36062F
:103FF00003D01E0080235B0133432B611B122B6116
:10400000764B1B68DE059ED40AE008222A620390E4
:10401000049132E08FA34E06F60E9B5D0293D5E726
:1040200003900491029826490B6B1E4A12682E6871
:104030006F46BE8028261E400643980CC0013043C0
:104040001E001B0E334010263340034390004022D5
:104050001040184301AA9070486B000A01A9C8706B
:10406000FFF718FA01A908710098487167480068BD
:10407000C8800198E8660298E8660598FFF7EFFBAC
:1040800008200399490601D55E49886060490860A7
:10409000E1B20498C0B2FFF794FA039807B0F0BDFC
:1040A000482002A8184001A8481002A8704201A8A0
:1040B00000800080F84F0000703F0000084000A81A
:1040C000180002A81CC000A8683F0000B46000A847
:1040D000F8B5504F504C0F25012650495048806B81
:1040E000C00621D5012008704E4800684E490A6874
:1040F000824204D289695118491C081A00E0101A3A
:10410000616F401801285FDB01F05CFD47490968D9
:10411000090B0D40022D55D17105454A1160102142
:1041200039643F490E604DE03D48006CC00026D523
:1041300040480068E0218905014045D03B4C3E489D
:104140000068C00504D42068000B28400228F5D080
:104150003A480668FFF77AFB3949F2B20A6032043E
:10416000120E0A603202120E0A60320E0A60FFF767
:1041700076FB2068000B28400228DFD0F1BD3148D3
:104180000068002820D001220A7001F0A9F9002857
:104190001AD101F017FD25490968090B0D40022DC0
:1041A00010D102212278D20705D5274A12680A4089
:1041B00001D01B4A1660CA031D4B1A6039600021EA
:1041C000204A116001F002FDF1BD00001C2100AA8F
:1041D000802080041D490860704700001C0100AA6F
:1041E000540000AA8020400418490860704700006D
:1041F00000BF17480168490701D0FF21416170479E
:10420000141100AA441002A84C5001A8448001A82F
:10421000845000A8082002A8683E00004D3E00001F
:10422000100002A81CC101A820C001A8B00002A86B
:104230001C1002A84C4001A8084000A8904000A80B
:10424000640000AA243E0000EC3E00003C2002A8CE
:104250000C4000A803010706030107060501060636
:104260000501060603020706030207060502060605
:10427000050206067047FF2807D0032805D23049FB
:104280000978C140C807C00F704700207047000080
:10429000F8B58020000200902A48038808202A49A7
:1042A00008600A2201200124944000990C43274908
:1042B00029A5AD5C25438D60F025254E3560224D46
:1042C00028A6B65C022737432F6004262E601D4DBA
:1042D000204E3668064008D12E88F61AB6B2012E56
:1042E00003D88E6C3603F3D401E00220F2BD8D6C4E
:1042F000CE6C6D036D0BAE4200D20094521ED2D52F
:104300000822134B1A60009A8A60AB4A1268520165
:1043100013D5AA4B5A78541C012525405D70140012
:1043200006256C431C190968A1800099E1801A7068
:1043300003490B789040184308700020F2BD00003C
:10434000843F0000483E0000889001A8448001A8F6
:1043500088A001A8140002A80000000101020408BE
:10436000102020005050504040404030202020007D
:10437000F1B582B0924C93484068C00516D5606A8A
:10438000E021C9000840884210D1AA48006E00040C
:10439000000FA9490A68D20601D5072804D0096888
:1043A000C90603D40B2801D10020FEBDFFF7B4FBE2
:1043B000A2484069400101D401251CE0A048826B5D
:1043C00000207E49C3B206256B43CB189B8895B26B
:1043D000AB4204D0401CC3B2022BF3D3FF200870C1
:1043E000012596484069400105D50878FFF743FF4D
:1043F000002800D0002593485421405C000608D5D1
:104400008E480078002804D08C484078002800D1DD
:104410000125E06901906B480068E0618A4E0298CE
:104420000068316D4718012F16DB00F0FEFD30608B
:10443000C001381A01280FDBFFF773FB00F0C4F846
:1044400002980068316D401801F04AF8010003D06D
:104450000021029A116010E07C4FC020C00038603B
:104460002068072832D005210840052808D021609F
:104470000C2001F047F8010002D00199E161FEBD76
:10448000734EFF207A3070620420B062FFF749FB60
:1044900002203060E020C0046E4948608020800423
:1044A000786002203860012001F02CF88020800024
:1044B0007062022001F026F88020C000706208209F
:1044C000B062022001F01EF80220B062624EE020CD
:1044D0004000F061614F5B480078C00704D5802040
:1044E0000006386040083060042001F00BF869468F
:1044F00008706846007800284DD1022055490860B0
:1045000080027064C001706410204D490860012071
:10451000B0674C4E47480068400621D44748406980
:10452000400113D5254800786946487068464078B0
:10453000FFF7A1FE002809D02048694649780622E5
:1045400051434018C0883E49086409E00120307496
:10455000FFF79EFE694608706846007800281AD169
:104560000120374908600020C867022000F0CAFF18
:104570004020F861C030F8613078C00705D5C02010
:10458000000638602E48006C7082022000F0BAFFEE
:104590008120C0027864002D01D0FFF730F9E06976
:1045A000E0214903014001982D4A02400A43E2619B
:1045B00068460078FEBD0000EC3E0000383E00007A
:1045C0005C0102A8F80302A870B5FFF7A5FAFFF78F
:1045D000A8FA244C24480068C00509D5E06F000BF8
:1045E0000F210F220240072A23D001400B2920D09F
:1045F0000225134805601D4E0820B062C00170629C
:10460000012000F07FFF2802706235600620B06252
:1046100017487062E0204000164908600D480560A8
:104620000021154A1160C021C900016020681349AA
:10463000086070BD500002A8B04301A8D83E000039
:104640000C8001A8683E00008C3F0000981002A872
:104650005C1102A8982002A8109001A810A001A83F
:10466000FFFFE3FF340002A8FC0302A85C2102A8BC
:10467000F96100002CA001A85C0102A8943F000091
:1046800070B52249C022D200214B1B68F824E401F6
:104690001C4001D18A6101E01E4B1A601E4A802332
:1046A0005B001E4C25681D4003D008250D600321CA
:1046B00001E0AC214900916421680B4001D10A213D
:1046C0001160060016488021490301608909C16014
:1046D000144C6069AF21C90145183068854200D388
:1046E0000500401B306000213000FFF741FE3168BB
:1046F000491931600C490968216070BD80200001B2
:104700000A49086000010A4908607047641102A85C
:10471000AC8001A87C2102A80C8001A8FC0302A89F
:10472000981002A8903F0000340002A8441002A88C
:10473000685000A8F1B584B0C64800680190C6482A
:10474000006BAF21C90140180499884205D2081AAC
:1047500000F0C6FE002800D04FE2C04D6868C007D8
:1047600000D54AE20420BE49C8628003BD49886280
:10477000BD48406D0090A86B8407A40F1020032C47
:1047800002D0B749C86221E042038A62EB6B9B0604
:1047900001D501205AE0009B1B060FD5EE6B0223CA
:1047A0001E400BD1B14E05273760EF6B38400343F5
:1047B000336000203060A86B000A30600420C862BB
:1047C000E86B002802D5A64882620024A86B400747
:1047D00005D5A86BC00080214900084003E09E4831
:1047E0008068C10701D5FFF707FB01210098084049
:1047F00008D0C348A2018018006AC004C00C401E43
:10480000C04A106000200022BF4B1E68360403D54A
:104810009B6F002B00D40122C0218900CE4B59652B
:104820002102914B1B78DB0703D58A4B1B68DB0504
:1048300001D5002A02D0C022920000E00A00C74B36
:104840001A60C0229200C44CA2655960296C94225F
:1048500092050A40140000D0012480273F02204323
:10486000000638D0BE480078C021014040290ED152
:10487000FFF7DFF87848C06D00906846FFF779F9D8
:10488000002800D0B9E10098FFF7EEF901E0FFF74A
:10489000DDF820202860240600D1AEE1B14CA86BE1
:1048A000400708D578086F4988620220206000F030
:1048B000D1FA002806D004206949C862400269493B
:1048C0008862276068485421405C000600D494E167
:1048D000380163493DE16868C00700D58DE1B80043
:1048E0006049C862FEF79CFF286C384006D1FEF78D
:1048F000ADFF0221C24A1160FEF7B1FFFEF799FF3A
:10490000F8082860BF4CC0200006A0607800BE49AF
:104910000860A86B4007C10F68460170BB4E019844
:10492000C00700D4A4E001F04DF90290FEF7A8FF03
:10493000286C40040DD400BF00BF00BF00BF00BF03
:1049400000BF00BF00BF00BF00BF80200006B0490D
:104950000860FEF79AFF029801F038F9EE20C004D3
:10496000AC4908603809206203203064FE20C0038F
:10497000706442200199C90501D4706000E0206094
:10498000A02060600820A04908660420AB490860A8
:10499000286CC0022FD5AA484168080CA94A09040E
:1049A000C90B525A102826D32B490B88E72B22D348
:1049B00095267600B34205D8F31A1B095A43930A89
:1049C0005A4204E0A04E9B191B095A43920A52B264
:1049D0008318086BCE6B7243801808636F2B01D36A
:1049E0006F2302E00F2B00D20F2318021843190483
:1049F000014396480160874895498164C021890137
:104A0000A1600221804A5167C02189008160F021A4
:104A100009014165F80960610A2000F073FDC020BA
:104A20000006A060822040026066012000F06AFD5E
:104A30000120A060062000F065FDA760082000F0BE
:104A400061FD3801A0608000A060032000F05AFDE5
:104A5000780052E0FC0302A8743F0000100002A896
:104A60001C2002A81C1002A8683E0000E40000AA56
:104A7000019840074AD56748EE21C90401606249A0
:104A80008222D204CA66BA092262D2018A66C02191
:104A9000890181646F48A0600A2000F033FD002086
:104AA000306408270199C905306001D4706000E0C6
:104AB0007760A020606054480766022141670A20A1
:104AC00000F020FDC0200006A06063486066012061
:104AD00000F018FD062000F015FDA760062000F08C
:104AE00011FDC0204000A060082000F00BFD6020F8
:104AF000A060032000F006FD0220504908600AE093
:104B00000C0000AA204000A8684101A8534A402197
:104B1000002000F0FFFF0020C0430F49086000F0B4
:104B200084FA4F4E401DC001316B47188020C001F0
:104B30004C49496F014002914B49086004988742F3
:104B400013D2316B401A00F0CBFC00280CD0029835
:104B50009649086051E000BFB46000A8085100A861
:104B6000EC3E0000685000A8049F0198400702D561
:104B70008020800000E08E48A060012000F0C2FC90
:104B8000686AF062802040001F490860380000F029
:104B9000A7FC884C68460078002806D13148006898
:104BA000A0678020C0038449086002987F4908609C
:104BB00018480199490704D5802189008164244956
:104BC00003E002218164C02189018164686A706206
:104BD0006846007800280AD0012000F093FC542099
:104BE000205C000603D58020000374490860286C0F
:104BF000C00202D512480068306305B0F0BD000065
:104C0000D4E40350641102A8B81002A8600102A8FD
:104C100004500950242102A880B5FEF717FE8B49E5
:104C200000220A600A22CA61FEF719FE8848C021E4
:104C3000890201609F49416001BD0000C82102A8AE
:104C4000F83F0000C0000000D6FEFFFFDC4001A8D6
:104C50000404000004044000020400000D070000EA
:104C6000743F000020C001A894E001A88C48806B2C
:104C7000800300D47047F8B58F4800680090022088
:104C800002248E4D01260099314001D08C4C03E066
:104C90000099490702D58B4C286004E08A4A4021DC
:104CA000002000F037FF2C64012000F02BFC3002C4
:104CB0008649086708278648076086480068C00458
:104CC00003D4854800683840FBD0844C3848606580
:104CD000042000F017FC8820C0046065009806409E
:104CE00024D0A02080036065012000F00BFC7C48EC
:104CF000606500F067FF0500FEF7C2FD6848006CC4
:104D000040040DD400BF00BF00BF00BF00BF00BF04
:104D100000BF00BF00BF00BF8020000671490860CF
:104D2000FEF7B3FD280000F051FF10E0400709D561
:104D3000602060657803A060012000F0E3FB6A4812
:104D4000606504E0694A4021002000F0E3FE684D00
:104D500000260098C0052E6001D56F6000E06E60EF
:104D6000C02000066065C00C62490860012000F0A8
:104D7000C9FBF0200001E0665F480099C90502D533
:104D80000321016000E00660862040025B49086064
:104D90005B4860652760A02020652E646E64B802C1
:104DA0003F490860000149490860F1BD94D001A85D
:104DB00002400000683E00001C1002A81C2002A84F
:104DC000F8B5504800680D2707400424002F00D193
:104DD00004274D481025660308214C4A4C4B1B689C
:104DE0002340126814D04260394004D00220FEF7FC
:104DF00055FC484806603C4007D0474800680543DA
:104E000045480560B008434908600220434915E061
:104E10000260394005D00220FEF740FCA0023D4967
:104E200008603C4006D03C4801680D4305607009AD
:104E30003849086039480660300324490860FFF7A4
:104E400015FF00210020FEF7BCFBF1BDD80000AA31
:104E5000442002A810B5802031490A6802400AD0D7
:104E6000304B1A680624144005D15C6E2E4A22404D
:104E70001B6D9C0101D5002010BD096808400DD0B4
:104E80002A48824203D1180501D5012010BD2848C7
:104E90000068C107C90F481E8041C00F10BD000047
:104EA000100002A8234803210164A821C163102136
:104EB0000160704704000080FC0302A82C1102A8C6
:104EC0000230000006040000EC090000482002A89F
:104ED000106001A8D84001A8104001A8182102A81C
:104EE000018000000460095089050000330A0000B9
:104EF000600102A8B06101A8548001A8C82102A8DD
:104F000004340000B44000A8E43E00001CC101A825
:104F1000480002A8441002A8683F0000685000A89A
:104F2000440002A814C001A81F1F0000010C0000CB
:104F300030C101A8082002A86C480068012108427D
:104F400009D16B4A12686B4B000C1840F03291404B
:104F50000B40984201D00220704700207047F8B5FE
:104F600007000F386A461080604CE0680A0004D1E0
:104F70006B461B8882B29A423AD200226B461A8054
:104F8000012502263A0013D02268324007D00029BA
:104F90002ED059480088401C57490880002039000D
:104FA000216156490E6080B2B84201D369460D8036
:104FB0005348456000E030BF2068304003D1FFF720
:104FC000BBFF0028F7D04D484560390010D021685C
:104FD000314005D048490A886B461B88D2180A80A0
:104FE000066000202061E068B84201D244480660B3
:104FF000FFF7A2FFF2BD38B5050000F0E3FD0400A5
:10500000012199204543A8093E4A126880181238A8
:1050100080B2FFF7A4FF05008020C0013A49086074
:10502000200000F0D3FD280032BD33480388354905
:10503000096802889342F9D1100408187047FEB538
:105040001238070C6946088000F0BCFD0190274C1F
:10505000294D2888B8421ADA01202C490860274EC9
:1050600030BF02202168014006D03060400326494D
:1050700008602888401C2880FFF75EFF010002D1ED
:105080002988B942ECDB0121716000280DD1288804
:10509000B8420AD1E06869460988884205D20021F1
:1050A00068460088FFF75BFF01E0FFF745FF04005B
:1050B0008020C00114490860019800F087FD20009D
:1050C000FEBD10B512490A680E4B1B680C6894426D
:1050D000FAD0DB014033141A02D288692418641C08
:1050E0000C4800684443181B10BD0000280002A8AB
:1050F00004ED00E0FF3F0000483E0000282002A829
:10510000281002A8340002A880E200E02C1002A8B7
:1051100020C001A8B43F0000F0B502E00A601C60A6
:105120002E607EC84F1C07D05F1C04D06F1CF5D1C9
:105130000A601C60F0BD0A60F0BD000080B5FEF79B
:10514000ADFA01208449086001BD80B5EB2000F074
:1051500001F801BD30B581490B6818401022134297
:1051600010D07F4B7F4C2468224008D0AF4A14688F
:105170002402FF252D0225401D6300241460802297
:1051800052031A60086030BDF3B5010016001C0020
:1051900000250095A648019A330000270BE0BC4685
:1051A0004F5D4743AE009E597E40575D47433740B1
:1051B000664637436D1CA542F1D3390939438A0845
:1051C0000A43510811430840C10901430F208A0BCB
:1051D0000A4302405040F6BDF1B582B00E000020F7
:1051E00092490860934DEF7AA87A01900F213940D7
:1051F00000910ED00B46904A90490298FFF7C4FFE9
:1052000001990140894801608D4841438D4808401B
:1052100001D1012400E04401380915D032003B09D6
:1052200029000298009E6D7A75194019FFF7ACFFAE
:105230000199091101407D4802680B011343036085
:10524000002901D0480044437F480068204001D134
:105250000420FEBD0020FEBD80B50A0000211180A3
:105260007A4952888018FFF7B7FF02BDF0B50F22C8
:10527000774B5C7905780F202040C54020092840F5
:1052800001259C79C4402C4001D10320F0BD354C50
:105290002468254008D06F4D9E684700F65B761E57
:1052A0002E608026B601EE60DD78DE79C640F0071C
:1052B00011D5E0060FD5002D0DD06748486008884D
:1052C000488008881C7800192A4080185A7880186D
:1052D0002A09801800E0002008800020F0BD10B5E9
:1052E0005E4801685E4A0820014200D09061C9060C
:1052F00002D58C21090111605A495B4A5B4B1B683E
:105300001B040CD54B685C0402D5C303136006E094
:10531000C024A4011C4043029C4200D010600B68D2
:10532000034005D0524B1B689B0F9B0700D01060B9
:105330000C480078C023034002D180204005106053
:1053400008682021084010604A480068C00101D464
:10535000FFF7FBFE10BD00002C4000A8703F0000CE
:105360001C1002A8BC3E0000F8B5434F38687E68A8
:10537000064042483040424908608024A403414D21
:10538000F00228D540480168080606D53F48006865
:10539000A86001202870022015E00120014202D0FF
:1053A0003B49A9600FE00020C9060CD52A49A96035
:1053B000384A91780B071B0F12789A18090951186F
:1053C000A980E880A888A880A888002801D0264362
:1053D00001E0FFF7BAFE264026D0294E7460346003
:1053E000A88800280ED0396A81420BD3291D2A488B
:1053F000AA6890470100F3D0FEF750F90120274931
:105400000860F1BD01000CD0FC218902F161244942
:105410000203CA6134604C603A6A824204D30C6071
:10542000F1BDEB20FFF796FEF1BD0000283E000025
:10543000010101013C3F0000F43E0000343F000048
:105440001111000021840000F03E0000143F000014
:10545000443F0000204000A849220000F84F00000F
:10546000502102A8184001A8481002A8684101A8CC
:105470004C4201A8D04000A8B44000A8FFFFDFFFC5
:10548000B46000A82C3E0000BC3E0000603C000060
:105490005D220000453F0000D84000A82C4000A835
:1054A000B45000A870B505000C0000F08BFB06009E
:1054B000FEF7E6F92002054306480560022006498A
:1054C0000860FEF7E2F9300000F080FB012003499C
:1054D000087070BD04800950409009504C3E000097
:1054E00010B5C409FFF7A1FD201A312806DAC00063
:1054F000183801D4C01EFDD5002010BD2000FFF7D4
:105500009EFD10BDC32148436F3801D41E38FDD520
:1055100000207047FEB5C020C004334908603348FE
:105520003349486533488865334840240460446003
:105530001020FFF7E7FF010054D1FF2000052F499D
:1055400008602F482F4908602F4829490860A503A3
:105550002A4805602D4807680820FFF7D3FF01009F
:1055600040D108262A4806600120FFF7CBFF2748D4
:10557000806801902748066027481D4908601F4839
:1055800005600820FFF7BEFF01002BD12048066010
:105590000120FFF7B7FF1D48806800901D48066096
:1055A000134D1E4828600199009800F03FF88606C8
:1055B000B60E0198C10B0098C00B00F037F800023E
:1055C000FC218901014031432960104807606003D4
:1055D0000A49086012480460446012490164124993
:1055E00041640020FEBD000020E000A85714000028
:1055F0004C0102A8FF3FFF3F601102A8B42002A89F
:105600000000380EB41002A830300000104101A88C
:10561000105101A8106101A8101000002020000006
:10562000602102A8F703F000FF3F000010B5490415
:10563000CA104004C310991A00209A18D30F9A1860
:10564000521052188B115B0E5B18DB11D2182023FD
:10565000541A01D422001843CC0F611849105B087A
:10566000F6D110BD10B5C20018231340FF249C4092
:10567000E2438907090E9940030004D477489B0848
:105680009B00C01806E0764B0007000F0838800822
:105690008000181803681A401143016010BD80B5DE
:1056A0006F225421002000F035FA01BD10B500F042
:1056B00089FA6C4901220A606B4B6C4C23606C4C7C
:1056C000236003236B4C23606B4C23606B4B1A608D
:1056D0006B4B1A606B4A802313606B4B1360112273
:1056E0008A6300F073FA3F206849096801400A1D87
:1056F000402A00D2081D664A1070A748017010BDEC
:1057000000F060FA05000024012160B2FFF7AAFF53
:10571000641C0E2CF8D301210F20FFF7A3FF0121F9
:105720001120FFF79FFF01211320FFF79BFF0121AD
:105730001720FFF797FF03210120C043FFF792FFD7
:1057400001211E20FFF78EFF01211F20FFF78AFF96
:105750005048514908600220504908600120994989
:10576000086047044E4C20683840FCD0FEF737F8FC
:10577000280000F02BFA4B480068000311D4922255
:1057800052005321002000F0C5F90AE000281CD087
:10579000FEF75CF819E020683840FCD0280000F0E3
:1057A00015FA206D0004000F022801D1FEF790FCCD
:1057B00000F008FA05006B4EFEF758F800287078E4
:1057C000E4D0002801D1FEF74AF8012033493278AD
:1057D000002A05D1714A1268920600D4086030BFD1
:1057E0000022327002220A6076490860D3E77648C8
:1057F000016842680A40754810401C4908608007EB
:1058000000D4704770B572480188491C0180714C02
:105810002078000620D570490A680F20120B02403C
:10582000032A19D16D4A12685207520F032A13D85E
:105830000968090B084003280ED169480568082645
:10584000684806600D20FFF779FC354001D09A4882
:105850000660E08A401CE08270BD000000E400E0C9
:105860001CED00E0040002A80000FF3F282002A871
:105870002C1002A840E002A844C002A804C001A85D
:10588000044001A8145001A8200060062C8001A843
:105890004A3E0000FFFF9BC000E100E0602002A83C
:1058A000600002A8F80702A8F8B5844801684468B7
:1058B0000C40834804608348204007D0FDF7E9FF8F
:1058C000002803D020008049096888477F4880214C
:1058D0000C4220D0794A936AF825ED011D401AD078
:1058E000C0231B019D4216D880252D06884E3560A9
:1058F000976AF826F6013E40C76E3F043F0F022F1D
:1059000001D0032F03D1002E01D09E42F0D3904A44
:1059100015606B4A11608F49097806290DDACC2091
:10592000800120401DD000F04DF905002000FDF75A
:105930006DFC280000F04AF9F1BD0068800510D523
:105940008548204005D0FEF7BDFA2000FDF75EFC3B
:10595000F1BDA00205D580204001594908607F496A
:105960000860F1BD4D3E000010B57D4801684468F7
:105970000C407C48046080210C4205D041607A488C
:1059800001600020FDF742FC600403D58020400543
:105990007649086010BD00004B3E0000F40302A8E9
:1059A00038B57348016844680C40E00707D500F03B
:1059B00009F90500FDF7C4FC280000F007F96D485F
:1059C000046031BD601002A8280002A8FFFF00C0DB
:1059D000483E0000BC3E0000B00002A8184001A8EC
:1059E0004C4000A84C6000A8FEB5634C206C676C6E
:1059F000074001252F4216D02E0660480660206819
:105A00005F490D60002802D00021FDF773FE5D485C
:105A10000068A021C90188428041C043C00F5A4993
:105A200048705A480660FDF711FF019002200740B8
:105A30003ED06168CEB20F0A55490822494B440353
:105A4000012E24D0022E31D1012F22D1514EF678D1
:105A50000096504E37780126BE404F4F3E604D4E67
:105A60003678760590277F04F71903263E434B4F7F
:105A70003E601C604A4B1C600B68009C1B194B6508
:105A8000444909788D4047490D6047490DE0009031
:105A9000DFE7002F0AD1454E356000254D655C607B
:105AA0001C60C104424B196042490A6034490860D5
:105AB0000198FDF7D4FEF7BD4C5000A8104001A896
:105AC000106001A8020006005C3C0000440002A82F
:105AD00070B5FDF7BBFE040000F074F82F490A68AA
:105AE000D2070FD52A4A566D1368334D2E60CE6803
:105AF0006E604968E9818021C904204E3160297BAC
:105B00005918516500F062F82000FDF7A8FE70BD3D
:105B1000E06101A8002800D0704770B50C00FDF7C7
:105B200095FE050000F04EF80600FDF7A9FE23489B
:105B300004600121224A1160026C0A40FCD1FDF789
:105B4000A4FE300000F042F82800FDF788FE70BD8A
:105B5000E05101A8183E000000104006145001A8B2
:105B600090C001A890E001A80CC001A804ED00E0DD
:105B7000C0C000A8C0E000A800C002A8441002A84D
:105B800040E002A8404000A84D3E0000442002A88A
:105B900018800A50613E000068A00A5060C101A848
:105BA00094D001A868900A50F42302A860E101A8EB
:105BB00080E200E0F41302A8583E00000080095083
:105BC00040900950EFF3108072B67047002800D162
:105BD00062B6704780B5FDF75CFE002802D0B6487B
:105BE0000068804701BD80B5FDF790FEC44800689D
:105BF00000030AD4FEF736F9FFF738F8FEF7AEF8DF
:105C00000120FFF709F8FEF7DFFC80208005FDF793
:105C100015FE01BD80B5FDF779FE80204002FDF73D
:105C20000DFE01BDFEB505208D4908608D48066852
:105C30000124264201D1FDF76FFFFDF767FE8A4977
:105C4000086800909D4849680160B105CA0F69461F
:105C50000A710025264210D00095AA4949680160C2
:105C6000A848026896490B68981A9A4202D38B6931
:105C7000C018401C934B9842F5D3A34F3D60684633
:105C80000079002804D031000098FDF79BFB0090BC
:105C900000263868204003D16846FDF76AFF0600F9
:105CA000FDF7C0FF002844D09648407C002840D132
:105CB00096489449C96802690B689A4200D0012548
:105CC000934FBA1C9446934A137806225343624674
:105CD000D25A8C462B0018214B436146C9184A60A2
:105CE000009901918749C96801226A4018235A43E3
:105CF0008D1829680161A96801608748E968016019
:105D0000296901626869A149086001A8FDF731FFAE
:105D1000010006D1B91C7F4A127806235A43895ADA
:105D20006960310006000E43300602D175494C749B
:105D300001E0360602D10098FDF796FF9E48046008
:105D400002209E490860C820C004BD490860600464
:105D5000FDF774FDF7BDF8B5994C8025EF02FDF70E
:105D600061FF002808D097480078002804D1380047
:105D7000FDF764FD2560F1BD206CC00506D58020CF
:105D80000006206000BF00BF40082060FEF74CF80E
:105D9000FDF7BCFDFDF7B2F906008B48A949086084
:105DA000FFF718FF3800FDF749FD002E00D02560F1
:105DB0000120A5490870F1BDF8B5A44CA4480068BD
:105DC0002060FDF7A3FDFDF72BFD02257C48006C4C
:105DD000000405D4FDF73AFD9E490D60FDF73FFD37
:105DE000FDF727FD1020C0439B490860002674483A
:105DF000C6639A480660FDF74CFD070003D098483B
:105E00000068804700E066637820205C052101403F
:105E100002D0FDF70EFE01E0FDF718FEA06F054071
:105E200002D0012066490860FFF759FA002F02D01E
:105E30008C480068804780200003FDF7FFFCF1BD1F
:105E400080B5FDF763FD2E480068000303D4FDF71D
:105E500085FFFEF7B9FB80204003FDF7EFFC01BD95
:105E60005C1102A8440002A8B83F000038B5FDF755
:105E70004DFD534C2025FEF7EDFF002806D0606B4A
:105E8000000704D5FFF70EF8FEF738FC2560FDF794
:105E900065FFFEF799FB744800780C210140042946
:105EA00002D1FDF7C6FD01E0FDF7D0FD6804FDF766
:105EB000C5FC4020206031BD483C0000243E00006D
:105EC00020C001A801FF00001CB50520674908603B
:105ED000FDF71CFDFEF7E6FF654800680090684688
:105EE000FEF7CEFB0400FFF775FE002C02D10098F0
:105EF000FEF720FC80204004FDF7A0FC13BD00004D
:105F00000C0002A8C83E0000203E0000348001A81A
:105F10003C3E0000383E00001C4101A8F8B5FDF7EA
:105F2000F5FC544CA56A5020284002D0FDF781FDB5
:105F300001E0FDF78BFD224FFEF78CFF00281BD1FF
:105F4000B86B40071DD4786BE0214901014018D19E
:105F5000A80611D4FDF764FCA56A9F4E354207D010
:105F6000FF20C0432D18A562802000059B490860D2
:105F7000FDF75FFC2E4002D00120386001E00020D8
:105F8000206080208004FDF759FCF1BD284000A866
:105F900080B5FDF7BBFC92480068C00501D5FDF750
:105FA000DDFE0120FEF738FEFEF70EFB8020C00468
:105FB000FDF744FC01BD0000442002A8305201A8B6
:105FC000100002A8D93E00007001200010B526483C
:105FD0000468FDF79BFC8349096809032AD403215F
:105FE000C00601D5214001E0A0080140012902D1ED
:105FF000FDF71FFD0BE0200107D50E20FFF79EF8EF
:1060000079480421016008210160FDF71FFDFDF7BB
:1060100098FD764C2069B3490860FFF7DBFD2068E6
:10602000002807D04000122802D2FFF76BFA01E0E7
:10603000FEF7E1FF80208003FDF700FC10BD0000AB
:10604000106001A8B46000A84D3E0000743E00003E
:1060500008C000A8D4E40350482002A8283E00004D
:106060004C3C0000503C0000EC3E00005C1102A8DB
:10607000CC3F0000C43E0000F8B584B000249A492B
:106080000C740120694608700294FDF73FFC0390F0
:10609000544F3868000300D598E003209349086402
:1060A000934800681025FF26B6010F210F220240F9
:1060B000032A03D0000B014006293BD18D4800681C
:1060C00071680291396C890701D5B1680291FEF7B8
:1060D000F8FF0299401801D5019400E00190B86BD7
:1060E0000107C80F0321424A12680A40022A1BD145
:1060F000039A2A4018D07C4A526DD30512D5FE6B04
:106100009D4B1E409E4202D178490D640CE09205E1
:106110000AD43A6C2823134006D16B461C702F4AD0
:10612000116001E06A461470029068460678002EFD
:1061300012D11EE06C480078C0070AD56A48806812
:10614000FEF7BFFF7168401801D5019410E001907F
:106150000EE0306801900126FEF77CFE002808D092
:10616000FEF7A0FE0298002802D0FEF7C7FA00E072
:10617000002602205D490860002E10D01C480078DF
:106180000C210140042902D0F86B054002D0FDF734
:1061900050FC01E0FDF75AFC2020786016E05248E0
:1061A0000078C00705D575480068054001D1FDF7A6
:1061B00051FCFDF7D3FD01A8FEF762FA0400FFF7DA
:1061C00009FD002C02D10198FEF7B4FA80200004EA
:1061D000FDF734FB05B0F0BD00FFFF00481002A83A
:1061E000680102A80C0002A880E200E0AC3F0000B9
:1061F000EC3E0000FEB53C4C002525740095FDF7F3
:1062000085FBFFF7E7FC5E4EF06E5E4F0007000F68
:1062100007280BD17068002808D40020FEF7FCFC8A
:10622000386830490860FDF715FD55E001207168B8
:1062300049070CD454490968014008D00102626D35
:106240000A4209D0520502D43268114001D10090AF
:1062500002E010204D4908602078C00705D5474866
:106260000068C00601D5FDF7F5FB49480168032029
:10627000009A002A01D0890900E00909084001902C
:106280000020FEF7C9FC0198002805D17068C006FF
:1062900002D4FDF7DBFB01E0FDF7CBFB002000990A
:1062A000002903D13B480068FEF70BFF79694018CD
:1062B00001D5009500E000906846FDF75AFC0028E3
:1062C0000AD10098FDF7D0FC2078C00701D560689E
:1062D00000E0B8690349086080200005FDF7AEFAC8
:1062E000F7BD0000243E0000683E0000082002A820
:1062F000B00002A80CC101A8F8B5FDF707FB002407
:1063000000252548466B80277F05300606D53007D7
:1063100009D5FEF7C7FDFEF7F1F929E001251A4876
:106320000068284019D00020FEF776FC02200640C5
:1063300002D01A490C60C86119480468002D03D0C6
:106340002000FDF7D7F80400FEF7ACFD2000FEF7B3
:10635000F1F93800FDF772FAF1BD0D480078C0215F
:106360000140402902D1FDF764FB01E0FDF76EFB1F
:10637000202009490860ECE710000010B04301A894
:10638000440002A8BC3F0000B44000A8481002A886
:10639000EC3E00001CC101A8100002A8180000AAD1
:1063A000D83F0000FFF782F9024803494860FFF731
:1063B000A7F900BFF12600000000000080B5EFF350
:1063C00005800B2801D23A2100E029218C225200BD
:1063D0000020FFF79FFBFEE75D5D01080D5D0108F2
:1063E000195D0108055E0108CBB30308E7B803088F
:1063F000EBB80308F7B80308EFB80308F3B80308CD
:106400000000000098010000A0140020FFFFFFFF23
:10641000FFFFFFFF000002010A000080D0510020B2
:10642000C9510020BE510020CC510020CE51002087
:10643000CD510020CB510020AF510020AF470020AC
:10644000B7510020B5510020BD510020E846002082
:10645000F6510020B4510020E5460020E24600201D
:106460000B520020C851002006480020F3510020A4
:106470001102030607082B2C1910131C1D20222AB9
:106480002E33343537FF80556E737570706F7274AC
:10649000656420636F6D6D616E64204944202578CA
:1064A00000777600757600757500777500777562F0
:1064B00000757700757562007562757000000000E8
:1064C00001100000E620040802100000E420040887
:1064D00003020000E220040805100000D020040898
:1064E00007080000DA20040800020000E820040881
:1064F00004020000E0200408095C0000D620040823
:106500000A140000D22004080D020000D82004085C
:106510000C080000EA2004086C6F7765722D6D612D
:10652000632D7261696C2D3830322E31352E342E48
:1065300063006C69627261696C2E61000001030482
:10654000756E636C61696D6564006275666665721F
:106550002D6D616E6167656D656E742E63006C658F
:10656000676163792D7061636B65742D6275666612
:1065700065722E63006576656E742D71756575653F
:106580002E6300000700100008001A00060011002A
:1065900002001100040004000100040009000800CA
:1065A0000A000A000B00020000000000AF670408A8
:1065B0005567040800000000B0670408F1230408D0
:1065C00000000000E8220408EA220408000000009D
:1065D000EC2204082D670408C56704081A6804083B
:1065E000E922040800000000ED2204088664040883
:1065F000E7220408F9670408EB220408E6220408ED
:106600000203040508090A0B0001020304051D200A
:10661000870008000000AA00FFFFFFFFFFFFFFFF49
:10662000FFFF7A69676265652D737461636B2E6322
:1066300000000000B5F302086D040208613F020883
:10664000892B03086D42020879D703087BD703081A
:106650007DD703087FD70308B5BC0208059202085E
:10666000D1D9020891250308FD2A020877D703082B
:10667000BD960208DD120308DD19020861B90108A0
:10668000794A0308BD21020859860308000000006A
:106690007A69676265652D75707065722D6D6163CD
:1066A0002E63006E65696768626F722E63006173A6
:1066B000736F63696174696F6E2E6300003F1B9096
:1066C0001B194A93000013000000000000000000A6
:1066D0000000000001000000919A02080200000082
:1066E000C9EB030803000000ED9902080400000054
:1066F00045EB0308050000008D990208000000002A
:10670000000000000023001B2200FF00000000002A
:106710000C090202000000001C1A0B0303FF06080C
:106720000402020204020A0B030302030480FF02B4
:1067300004FF010101010800000000000000003119
:1067400038323173005A6967426565416C6C696122
:106750006E6365303980313432323100313231008C
:106760003273003132323131320032383100383157
:106770003100313832313100313231313132313260
:10678000323231730031323131323231003232380B
:10679000000000183810300000000000008F8E8CC0
:1067A00080726F7574652D7461626C652E630081F3
:1067B000815A6967426565416C6C69616E636530D9
:1067C0003906080C10806D61632D6D756C74692D30
:1067D0006E6574776F726B2E6300313131313131F8
:1067E000006368696C642D68616E646C696E672D06
:1067F0007232322E6300000000806D61632D696E7D
:10680000666F2D656C656D656E742D706172736950
:106810006E672E63003834313200800000000000C3
:106820000000003231323231313134003131313215
:106830003438313132323131003831323231313164
:10684000003831470031323232323232323200389F
:106850003200383131320038313132320010270FF6
:1068600051421B390F390F1C06000A0026002A006E
:10687000008050684C6900000000434C534E0000FB
:046880000000000014
:086884005403FC7F0100000039
:0C688C0098680408004C00207204000012
:106898006C4C00200C4C0020884C0020BC160020BA
:1068A800AC08040802000000556C0008BC16002063
:1068B800F2000000FD6C0008C0EA2101C0EA2101D5
:1068C80000800000C0175302FFFFFFFF404C00206C
:1068D800006017080080000094180020C80000001D
:1068E800FE0000000000000040090408A01000207D
:1068F800FFFFFFFFFFFFFFFFFFFFFFFF1C20002040
:1069080078100408040000004DB200081C20002084
:1069180002000000797A0308342000208E10040851
:106928000300000089B70008001B040833000000BA
:10693800CD0601080F0000002F0804080BB3030858
:1069480007B30308FFFFFFFFFFFFFFFF23B30308A1
:1069580020C001B867B60308FFFFFFFF5DB7030853
:10696800FFFFFFFFFFFFFFFFFFFFFFFFFFFFFFFF2F
:10697800932600006FB9030800640408FFFFFFFFB7
:10698800D437002021B7010800000000A314040830
:1069980000000000000000000000000000000000EF
:1069A800D437002001B7010800000000A314040830
:1069B80000000000000000000000000000000000CF
:1069C800D437002085CC010800000000A314040877
:1069D80000000000000000000000000000000000AF
:1069E800E04D00200000000000000000C04D002025
:1069F8000000000000000000A04D00200000000082
:106A080000000000804D0020000000000000000091
:106A1800D4370020C5C8030800000000A3140408E8
:106A2800000000000000000000000000000000005E
:106A3800D4370020BFC8030800000000A3140408CE
:106A4800000000000000000000000000000000003E
:106A5800D4370020B9C8030800000000A3140408B4
:106A6800000000000000000000000000000000001E
:106A7800D4370020B3C8030800000000A31404089A
:106A880000000000000000000000000000000000FE
:106A9800304E002000000000104E002000000000D2
:106AA800D437002041C9030800000000A3140408DB
:106AB80000000000000000000000000000000000CE
:106AC800D43700203BC9030800000000A3140408C1
:106AD80000000000000000000000000000000000AE
:106AE8006400000020A1070000000000B1F40108C4
:106AF80000000000ED47002000000000D43700200F
:106B080091F2010889170208A31404080000000084
:106B1800000000000000000000000000D437002042
:106B28005900020800000000A31404080000000037
:106B3800000000000000000000000000D437002022
:106B4800E90B020889170208A314040800000000D2
:106B5800000000000000000000000000406504087C
:106B6800D43700201D1E020800000000A3140408EA
:106B7800000000000000000000000000000000000D
:106B8800D4370020F937020800000000A3140408D5
:106B980000000000000000000000000000000000ED
:106BA800D4370020093E020800000000A31404089E
:106BB80000000000000000000000000000000000CD
:106BC800D4370020CD53020800000000A3140408A5
:106BD80000000000000000000000000000000000AD
:106BE800B80B0000D4370020B95902080000000093
:106BF800A3140408000000000000000000000000CA
:106C080000000000D43700201165020800000000D1
:106C1800A3140408000000000000000000000000A9
:106C280000000000D4370020D966020800000000E8
:106C3800A314040800000000000000000000000089
:106C480000000000D4370020996802080000000006
:106C5800A314040800000000000000000000000069
:106C680000000000D4370020916D020800000000E9
:106C7800A314040800000000000000000000000049
:106C880000000000D4370020ED7302080000000067
:106C9800A314040800000000000000000000000029
:106CA80000000000D4370020B7EF03080000000000
:106CB800A314040800000000000000000000000009
:106CC80000000000D437002081D90208000000002D
:106CD800A3140408000000000000000000000000E9
:106CE80000000000D4370020D9F20208000000009C
:106CF800A3140408000000000000000000000000C9
:106D08000000000083FC0308D4370020F92503089D
:106D180089170208A31404080000000000000000FE
:106D28000000000000000000D4370020592C0308A0
:106D380000000000A3140408000000000000000088
:106D48000000000000000000D43700206D32030866
:106D580000000000A3140408000000000000000068
:106D68000000000000000000D43700203140030874
:106D780000000000A3140408000000000000000048
:106D88000000000000000000D4370020D1430308B1
:106D980000000000A3140408000000000000000028
:106DA80000000000000000001C510020000000004E
:106DB800C43800202C39002094390020000000003D
:106DC80000000000000000000000000000000000BB
:106DD80000000000000000000000000000000000AB
:106DE800000000000000000000000000000000009B
:106DF8000000000000000000FFFFFFFF0200CEFAC5
:106E0800EFBE2C01B80B2C0140061027FFFF04F839
:106E1800FFFF0C0000000000010000004000FDFF23
:106E28002C019C000000FFFFFDFFFFFFFFFF60EA51
:106E38008000800010C1CDABFFFF28010101010FC8
:106E480001D80F010208031E200516010C010A0CC7
:106E5800080520FA07050705101A01DC08081001C3
:106E6800200101010301FF0C01FF0F103020407FBA
:106E78000150403000FFFFFF0B03FF64FF01FF05D7
:106E88000B0101FF03010305020201FFFFFFFFFFE2
:106E9800FFFFFF010102FFFFFF40FF01018001FF2B
:106EA80001FF0000B56B00088D6B000800000000B2
:106EB80000000000000000000000000000000000CA
:106EC80000000000000000000000000000000000BA
:106ED80000000000000000000000000000000000AA
:106EE800000000000000000000000000000000009A
:106EF800000000000000000000000000000000008A
:106F08000000000000000000000000000000000079
:106F18000000000000000000000000000000000069
:106F28000000000000000000000000000000000059
:106F38000000000000000000000000000000000049
:106F48000000000000000000000000000000000039
:106F58000000000000000000000000000000000029
:106F68000000000000000000000000000000000019
:106F78000000000000000000000000000000000009
:106F880000000000000000000000000000000000F9
:106F980000000000000000000000000000000000E9
:106FA80000000000000000000000000000000000D9
:106FB80000000000000000000000000000000000C9
:106FC80000000000000000000000000000000000B9
:106FD80000000000000000000000000000000000A9
:106FE8000000000000000000000000000000000099
:106FF8000000000000000000000000000000000089
:107008000000000000000000000000000000000078
:107018000000000000000000000000000000000068
:107028000000000000000000000000000000000058
:107038000000000000000000000000000000000048
:107048000000000000000000000000000000000038
:107058000000000000000000000000000000000028
:107068000000000000000000000000000000000018
:107078000000000000000000000000000000000008
:1070880000000000000000000000000000000000F8
:1070980000000000000000000000000000000000E8
:1070A80000000000000000000000000000000000D8
:1070B80000000000000000000000000000000000C8
:1070C80000000000000000000000000000000000B8
:1070D80000000000000000000000000000000000A8
:1070E8000000000000000000000000000000000098
:1070F8000000000000000000000000000000000088
:107108000000000000000000000000000000000077
:107118000000000000000000000000000000000067
:107128000000000000000000000000000000000057
:107138000000000000000000000000000000000047
:107148000000000000000000000000000000000037
:107158000000000000000000000000000000000027
:107168000000000000000000000000000000000017
:107178000000000000000000000000000000000007
:1071880000000000000000000000000000000000F7
:1071980000000000000000000000000000000000E7
:1071A80000000000000000000000000000000000D7
:1071B80000000000000000000000000000000000C7
:1071C80000000000000000000000000000000000B7
:1071D80000000000000000000000000000000000A7
:1071E8000000000000000000000000000000000097
:1071F8000000000000000000000000000000000087
:107208000000000000000000000000000000000076
:107218000000000000000000000000000000000066
:107228000000000000000000000000000000000056
:107238000000000000000000000000000000000046
:107248000000000000000000000000000000000036
:107258000000000000000000000000000000000026
:107268000000000000000000000000000000000016
:107278000000000000000000000000000000000006
:1072880000000000000000000000000000000000F6
:1072980000000000000000000000000000000000E6
:1072A80000000000000000000000000000000000D6
:1072B80000000000000000000000000000000000C6
:1072C80000000000000000000000000000000000B6
:1072D80000000000000000000000000000000000A6
:1072E8000000000000000000000000000000000096
:1072F8000000000000000000000000000000000086
:107308000000000000000000000000000000000075
:107318000000000000000000000000000000000065
:107328000000000000000000000000000000000055
:107338000000000000000000000000000000000045
:107348000000000000000000000000000000000035
:107358000000000000000000000000000000000025
:107368000000000000000000000000000000000015
:107378000000000000000000000000000000000005
:1073880000000000000000000000000000000000F5
:1073980000000000000000000000000000000000E5
:1073A80000000000000000000000000000000000D5
:1073B80000000000000000000000000000000000C5
:1073C80000000000000000000000000000000000B5
:1073D80000000000000000000000000000000000A5
:1073E8000000000000000000000000000000000095
:1073F8000000000000000000000000000000000085
:107408000000000000000000000000000000000074
:107418000000000000000000000000000000000064
:107428000000000000000000000000000000000054
:107438000000000000000000000000000000000044
:107448000000000000000000000000000000000034
:107458000000000000000000000000000000000024
:107468000000000000000000000000000000000014
:107478000000000000000000000000000000000004
:1074880000000000000000000000000000000000F4
:1074980000000000000000000000000000000000E4
:1074A80000000000000000000000000000000000D4
:1074B80000000000000000000000000000000000C4
:1074C80000000000000000000000000000000000B4
:1074D80000000000000000000000000000000000A4
:1074E8000000000000000000000000000000000094
:1074F8000000000000000000000000000000000084
:107508000000000000000000000000000000000073
:107518000000000000000000000000000000000063
:107528000000000000000000000000000000000053
:107538000000000000000000000000000000000043
:107548000000000000000000000000000000000033
:107558000000000000000000000000000000000023
:107568000000000000000000000000000000000013
:107578000000000000000000000000000000000003
:1075880000000000000000000000000000000000F3
:1075980000000000000000000000000000000000E3
:1075A80000000000000000000000000000000000D3
:1075B80000000000000000000000000000000000C3
:1075C80000000000000000000000000000000000B3
:1075D80000000000000000000000000000000000A3
:1075E8000000000000000000000000000000000093
:1075F8000000000000000000000000000000000083
:107608000000000000000000000000000000000072
:107618000000000000000000000000000000000062
:107628000000000000000000000000000000000052
:107638000000000000000000000000000000000042
:107648000000000000000000000000000000000032
:107658000000000000000000000000000000000022
:107668000000000000000000000000000000000012
:107678000000000000000000000000000000000002
:1076880000000000000000000000000000000000F2
:1076980000000000000000000000000000000000E2
:1076A80000000000000000000000000000000000D2
:1076B80000000000000000000000000000000000C2
:1076C80000000000000000000000000000000000B2
:1076D80000000000000000000000000000000000A2
:1076E8000000000000000000000000000000000092
:1076F8000000000000000000000000000000000082
:107708000000000000000000000000000000000071
:107718000000000000000000000000000000000061
:107728000000000000000000000000000000000051
:107738000000000000000000000000000000000041
:107748000000000000000000000000000000000031
:107758000000000000000000000000000000000021
:107768000000000000000000000000000000000011
:107778000000000000000000000000000000000001
:1077880000000000000000000000000000000000F1
:1077980000000000000000000000000000000000E1
:1077A80000000000000000000000000000000000D1
:1077B80000000000000000000000000000000000C1
:1077C80000000000000000000000000000000000B1
:1077D80000000000000000000000000000000000A1
:1077E8000000000000000000000000000000000091
:1077F8000000000000000000000000000000000081
:107808000000000000000000000000000000000070
:107818000000000000000000000000000000000060
:107828000000000000000000000000000000000050
:107838000000000000000000000000000000000040
:107848000000000000000000000000000000000030
:107858000000000000000000000000000000000020
:107868000000000000000000000000000000000010
:107878000000000000000000000000000000000000
:1078880000000000000000000000000000000000F0
:1078980000000000000000000000000000000000E0
:1078A80000000000000000000000000000000000D0
:1078B80000000000000000000000000000000000C0
:1078C80000000000000000000000000000000000B0
:1078D80000000000000000000000000000000000A0
:1078E8000000000000000000000000000000000090
:1078F8000000000000000000000000000000000080
:10790800000000000000000000000000000000006F
:10791800000000000000000000000000000000005F
:10792800000000000000000000000000000000004F
:10793800000000000000000000000000000000003F
:10794800000000000000000000000000000000002F
:10795800000000000000000000000000000000001F
:10796800000000000000000000000000000000000F
:1079780000000000000000000000000000000000FF
:1079880000000000000000000000000000000000EF
:1079980000000000000000000000000000000000DF
:1079A80000000000000000000000000000000000CF
:1079B80000000000000000000000000000000000BF
:1079C80000000000000000000000000000000000AF
:1079D800000000000000000000000000000000009F
:1079E800000000000000000000000000000000008F
:1079F800000000000000000000000000000000007F
:107A0800000000000000000000000000000000006E
:107A1800000000000000000000000000000000005E
:107A2800000000000000000000000000000000004E
:107A3800000000000000000000000000000000003E
:107A4800000000000000000000000000000000002E
:087A5800000000000000000026
:0400000508006F413F
:00000001FF
